{
"type": "FeatureCollection",
"name": "campo_full",
"crs": { "type": "name", "properties": { "name": "urn:ogc:def:crs:EPSG::7791" } },
"features": [
{ "type": "Feature", "properties": { "fid": 1, "Name": "LeGhiande" }, "geometry": { "type": "Polygon", "coordinates": [ [ [ 530800.637070357566699, 5008123.088779925368726 ], [ 530801.508481206954457, 5008124.195418524555862 ], [ 530801.508485571248457, 5008124.195418566465378 ], [ 530801.508489935542457, 5008124.195418608374894 ], [ 530890.403780646505766, 5008010.102903339080513 ], [ 530890.403780743479729, 5008010.102894745767117 ], [ 530806.669835958280601, 5007967.854470957070589 ], [ 530805.509158342261799, 5007967.285785093903542 ], [ 530804.211482767597772, 5007966.690437161363661 ], [ 530803.852814384270459, 5007966.534934660419822 ], [ 530803.135377944679931, 5007966.232381164096296 ], [ 530802.417755325092003, 5007965.946724358014762 ], [ 530801.742739346926101, 5007965.686823430471122 ], [ 530801.597446856088936, 5007965.634744073264301 ], [ 530801.246968895080499, 5007965.513116769492626 ], [ 530800.263921699835919, 5007965.174232762306929 ], [ 530799.502817592350766, 5007964.938849458470941 ], [ 530798.921153847477399, 5007964.772770260460675 ], [ 530798.724366825306788, 5007964.720198880881071 ], [ 530798.296580199385062, 5007964.606278915889561 ], [ 530797.535004083067179, 5007964.413138350471854 ], [ 530797.004245875868946, 5007964.298232358880341 ], [ 530796.302250748733059, 5007964.147904030047357 ], [ 530795.463067094329745, 5007963.987812429666519 ], [ 530794.597861328860745, 5007963.852814523503184 ], [ 530794.015236181672662, 5007963.771214187145233 ], [ 530793.732460606261156, 5007963.73471752088517 ], [ 530793.441009555361234, 5007963.706583972088993 ], [ 530792.85799900337588, 5007963.658772595226765 ], [ 530792.686489493004046, 5007963.64868353959173 ], [ 530792.300551767693833, 5007963.628099643625319 ], [ 530792.000321155530401, 5007963.616784974932671 ], [ 530791.820136145222932, 5007963.615061186254025 ], [ 530791.717160127009265, 5007963.614081563428044 ], [ 530791.348105877987109, 5007963.618999170139432 ], [ 530791.150651986710727, 5007963.625562837347388 ], [ 530790.738401957438327, 5007963.655418641865253 ], [ 530790.334641417604871, 5007963.69379083160311 ], [ 530789.930685702362098, 5007963.749083258211613 ], [ 530789.543604928534478, 5007963.829859918914735 ], [ 530789.165013256599195, 5007963.919187336228788 ], [ 530788.803292040596716, 5007964.03400968760252 ], [ 530788.449964884202927, 5007964.165810711681843 ], [ 530788.113512596464716, 5007964.323102413676679 ], [ 530787.785449689254165, 5007964.497400674037635 ], [ 530787.681724707479589, 5007964.563997029326856 ], [ 530787.482841866323724, 5007964.697273744270205 ], [ 530787.283777233678848, 5007964.847445043735206 ], [ 530787.188528502825648, 5007964.922570547088981 ], [ 530786.919674587901682, 5007965.173442201688886 ], [ 530786.659210053388961, 5007965.441320415586233 ], [ 530786.415711283334531, 5007965.726242016069591 ], [ 530786.189091552747414, 5007966.036671521142125 ], [ 530785.970956825884059, 5007966.355628110468388 ], [ 530785.726128682028502, 5007966.758819847367704 ], [ 530761.633450378663838, 5008008.23887630738318 ], [ 530761.230834917863831, 5008008.936261059716344 ], [ 530760.258673777570948, 5008010.6758101452142 ], [ 530759.697508991928771, 5008011.734959471039474 ], [ 530758.960643033729866, 5008013.155718079768121 ], [ 530758.258093670010567, 5008014.576804578304291 ], [ 530757.581098869792186, 5008016.01503156684339 ], [ 530757.422744526178576, 5008016.359893087297678 ], [ 530756.797806992311962, 5008017.747937107458711 ], [ 530756.295465503586456, 5008018.917474564164877 ], [ 530755.810297490330413, 5008020.087184704840183 ], [ 530755.112327345646918, 5008021.863146283663809 ], [ 530755.068088141269982, 5008021.980997828766704 ], [ 530754.554888608516194, 5008023.353213167749345 ], [ 530754.02309542731382, 5008024.851964658126235 ], [ 530753.694658165448345, 5008025.820399301126599 ], [ 530753.5168567126384, 5008026.367865232750773 ], [ 530753.0721045039827, 5008027.757605113089085 ], [ 530752.786477448185906, 5008028.734905555844307 ], [ 530752.750723223434761, 5008028.861286333762109 ], [ 530752.517911247443408, 5008029.72081717196852 ], [ 530752.39225834433455, 5008030.209618469700217 ], [ 530752.248115297174081, 5008030.816551717929542 ], [ 530752.058009829139337, 5008031.693369742482901 ], [ 530751.911862052511424, 5008032.477686607278883 ], [ 530751.819486417807639, 5008033.059752814471722 ], [ 530751.791550255264156, 5008033.253802170045674 ], [ 530751.696884013945237, 5008034.038602339103818 ], [ 530751.658090001088567, 5008034.435312390327454 ], [ 530751.627958395052701, 5008034.823657048866153 ], [ 530751.574197157868184, 5008035.786268019117415 ], [ 530751.558662640512921, 5008036.402861073613167 ], [ 530751.558288043597713, 5008037.197018939070404 ], [ 530751.589757546433248, 5008038.211141831241548 ], [ 530751.632292876834981, 5008039.005709694698453 ], [ 530751.647067392710596, 5008039.217063465155661 ], [ 530751.730022698291577, 5008040.231678295880556 ], [ 530751.838718722923659, 5008041.246539075858891 ], [ 530751.925294202868827, 5008041.940132623538375 ], [ 530751.964670584071428, 5008042.253107978962362 ], [ 530752.012064373237081, 5008042.61684889998287 ], [ 530752.099111692397855, 5008043.268214748241007 ], [ 530752.250804175739177, 5008044.275038192979991 ], [ 530752.378856220282614, 5008045.09575904160738 ], [ 530752.402886428288184, 5008045.248072720132768 ], [ 530752.60329780750908, 5008046.500358315184712 ], [ 530752.691973276785575, 5008047.008120995946229 ], [ 530752.788748321007006, 5008047.558201868087053 ], [ 530752.869406479527242, 5008048.015190388076007 ], [ 530753.007558560930192, 5008048.700837176293135 ], [ 530753.235620225430466, 5008049.784423759207129 ], [ 530753.423829111387022, 5008050.597279831767082 ], [ 530753.612995059345849, 5008051.325654851272702 ], [ 530753.860594438388944, 5008052.198215512558818 ], [ 530754.134233409771696, 5008053.045680495910347 ], [ 530754.392127710394561, 5008053.766272637993097 ], [ 530754.725637839757837, 5008054.631206003949046 ], [ 530755.009848881163634, 5008055.301352041773498 ], [ 530755.40323453291785, 5008056.183753828518093 ], [ 530755.797278276761062, 5008057.007024780847132 ], [ 530756.107901319395751, 5008057.618277465924621 ], [ 530756.275890400982462, 5008057.940929854288697 ], [ 530756.771762532182038, 5008058.866560280323029 ], [ 530756.965215378324501, 5008059.214791857637465 ], [ 530756.998869419679977, 5008059.274259133264422 ], [ 530757.394346526125446, 5008059.970812782645226 ], [ 530757.798403775319457, 5008060.667457008734345 ], [ 530757.823663926683366, 5008060.709930572658777 ], [ 530758.632254822528921, 5008062.060974179767072 ], [ 530759.458097190479748, 5008063.403725868090987 ], [ 530761.127141557983123, 5008066.072507386095822 ], [ 530762.804956782376394, 5008068.724467794410884 ], [ 530765.065022460068576, 5008072.252194996923208 ], [ 530765.824132573441602, 5008073.425337268970907 ], [ 530767.561821137787774, 5008076.094766077585518 ], [ 530768.869521019747481, 5008078.084216399118304 ], [ 530769.637297904235311, 5008079.248993320390582 ], [ 530770.607586454134434, 5008080.719838979654014 ], [ 530771.940741178113967, 5008082.73488559294492 ], [ 530774.168772139237262, 5008086.059550861828029 ], [ 530774.573872982175089, 5008086.663266700692475 ], [ 530775.899021402932703, 5008088.627530666068196 ], [ 530777.004881289089099, 5008090.251738573424518 ], [ 530779.909064772888087, 5008094.495300062932074 ], [ 530781.048968275426887, 5008096.145203516818583 ], [ 530782.06225100508891, 5008097.608020412735641 ], [ 530782.61112873617094, 5008098.398986732587218 ], [ 530783.962307923939079, 5008100.33816353045404 ], [ 530785.330543699208647, 5008102.285942867398262 ], [ 530786.521448072511703, 5008103.97856583353132 ], [ 530789.072683433769271, 5008107.559764078818262 ], [ 530790.356922486098483, 5008109.346217200160027 ], [ 530791.72573418635875, 5008111.243313077837229 ], [ 530793.306016456102952, 5008113.412787842564285 ], [ 530793.897700222791173, 5008114.212602734565735 ], [ 530795.605162120889872, 5008116.518446057103574 ], [ 530795.977089296560735, 5008117.020484192296863 ], [ 530796.924011986120604, 5008118.279911180958152 ], [ 530798.429254642571323, 5008120.254335483536124 ], [ 530799.638848214875907, 5008121.811949267983437 ], [ 530800.637070357566699, 5008123.088779925368726 ] ], [ [ 530833.43244079046417, 5008025.205162627622485 ], [ 530833.432449519168586, 5008025.205162711441517 ], [ 530833.441034123185091, 5008025.205244735814631 ], [ 530833.466870005475357, 5008025.197052027098835 ], [ 530833.484221005230211, 5008025.180321493186057 ], [ 530833.492896602023393, 5008025.171947632916272 ], [ 530833.501667361939326, 5008025.155135115608573 ], [ 530833.501857882132754, 5008025.138240614905953 ], [ 530833.501953045255505, 5008025.12980195786804 ], [ 530833.479165485827252, 5008024.867682663723826 ], [ 530833.479156757239252, 5008024.867682579904795 ], [ 530833.40193023532629, 5008024.866944692097604 ], [ 530833.381911953096278, 5008025.12019823025912 ], [ 530833.381816596025601, 5008025.128654072992504 ], [ 530833.381435555638745, 5008025.16244307346642 ], [ 530833.381340392515995, 5008025.170881730504334 ], [ 530833.389825275167823, 5008025.179419556632638 ], [ 530833.398310351767577, 5008025.187940195202827 ], [ 530833.415375474141911, 5008025.196560004726052 ], [ 530833.43244079046417, 5008025.205162627622485 ] ], [ [ 530856.85743796650786, 5008025.428984860889614 ], [ 530856.857446695212275, 5008025.428984944708645 ], [ 530856.86603129922878, 5008025.429066969081759 ], [ 530856.891867181519046, 5008025.420874260365963 ], [ 530856.9092181812739, 5008025.404143726453185 ], [ 530856.917893778067082, 5008025.3957698661834 ], [ 530856.926664537983015, 5008025.378957348875701 ], [ 530856.926855058176443, 5008025.362062848173082 ], [ 530856.926950221299194, 5008025.353624191135168 ], [ 530856.904162661870942, 5008025.091504896990955 ], [ 530856.904153933282942, 5008025.091504813171923 ], [ 530856.826927411369979, 5008025.090766925364733 ], [ 530856.806909129139967, 5008025.344020463526249 ], [ 530856.80681377206929, 5008025.352476306259632 ], [ 530856.806432731682435, 5008025.386265306733549 ], [ 530856.806337568559684, 5008025.394703963771462 ], [ 530856.814822451211512, 5008025.403241789899766 ], [ 530856.823307527811266, 5008025.411762428469956 ], [ 530856.8403726501856, 5008025.420382237993181 ], [ 530856.85743796650786, 5008025.428984860889614 ] ], [ [ 530859.903562731575221, 5008025.458090113475919 ], [ 530859.912147335591726, 5008025.458172137849033 ], [ 530859.937983217881992, 5008025.449979429133236 ], [ 530859.955334217636846, 5008025.433248895220459 ], [ 530859.964009814430028, 5008025.424875034950674 ], [ 530859.972780574345961, 5008025.408062517642975 ], [ 530859.972971094539389, 5008025.391168016940355 ], [ 530859.97306625766214, 5008025.382729359902442 ], [ 530859.950278698233888, 5008025.120610065758228 ], [ 530859.950269969645888, 5008025.120609981939197 ], [ 530859.873043447732925, 5008025.119872094132006 ], [ 530859.853025165502913, 5008025.373125632293522 ], [ 530859.852929808432236, 5008025.381581475026906 ], [ 530859.852548768045381, 5008025.415370475500822 ], [ 530859.85245360492263, 5008025.423809132538736 ], [ 530859.860938487574458, 5008025.43234695866704 ], [ 530859.869423564174213, 5008025.440867597237229 ], [ 530859.886488686548546, 5008025.449487406760454 ], [ 530859.903554002870806, 5008025.458090029656887 ], [ 530859.903562731575221, 5008025.458090113475919 ] ], [ [ 530850.765218986780383, 5008025.370774648152292 ], [ 530850.765227715484798, 5008025.370774731971323 ], [ 530850.773812319501303, 5008025.370856756344438 ], [ 530850.79964820179157, 5008025.362664047628641 ], [ 530850.816999201546423, 5008025.345933513715863 ], [ 530850.825674798339605, 5008025.337559653446078 ], [ 530850.834445558255538, 5008025.32074713613838 ], [ 530850.834636078448966, 5008025.30385263543576 ], [ 530850.834731241571717, 5008025.295413978397846 ], [ 530850.811943682143465, 5008025.033294684253633 ], [ 530850.811934953555465, 5008025.033294600434601 ], [ 530850.734708431642503, 5008025.032556712627411 ], [ 530850.71469014941249, 5008025.285810250788927 ], [ 530850.714594792341813, 5008025.29426609352231 ], [ 530850.714213751954958, 5008025.328055093996227 ], [ 530850.714118588832207, 5008025.336493751034141 ], [ 530850.722603471484035, 5008025.345031577162445 ], [ 530850.73108854808379, 5008025.353552215732634 ], [ 530850.748153670458123, 5008025.362172025255859 ], [ 530850.765218986780383, 5008025.370774648152292 ] ], [ [ 530860.958962769596837, 5008025.468174297362566 ], [ 530860.967547373613343, 5008025.46825632173568 ], [ 530860.993383255903609, 5008025.460063613019884 ], [ 530861.010734255658463, 5008025.443333079107106 ], [ 530861.019409852451645, 5008025.434959218837321 ], [ 530861.028180612367578, 5008025.418146701529622 ], [ 530861.028371132561006, 5008025.401252200827003 ], [ 530861.028466295683756, 5008025.392813543789089 ], [ 530861.005678736255504, 5008025.130694249644876 ], [ 530861.005670007667504, 5008025.130694165825844 ], [ 530860.928443485754542, 5008025.129956278018653 ], [ 530860.90842520352453, 5008025.38320981618017 ], [ 530860.908329846453853, 5008025.391665658913553 ], [ 530860.907948806066997, 5008025.425454659387469 ], [ 530860.907853642944247, 5008025.433893316425383 ], [ 530860.916338525596075, 5008025.442431142553687 ], [ 530860.924823602195829, 5008025.450951781123877 ], [ 530860.941888724570163, 5008025.459571590647101 ], [ 530860.958954040892422, 5008025.468174213543534 ], [ 530860.958962769596837, 5008025.468174297362566 ] ], [ [ 530853.811343751847744, 5008025.399879900738597 ], [ 530853.819928355864249, 5008025.399961925111711 ], [ 530853.845764238154516, 5008025.391769216395915 ], [ 530853.863115237909369, 5008025.375038682483137 ], [ 530853.871790834702551, 5008025.366664822213352 ], [ 530853.880561594618484, 5008025.349852304905653 ], [ 530853.880752114811912, 5008025.332957804203033 ], [ 530853.880847277934663, 5008025.32451914716512 ], [ 530853.858059718506411, 5008025.062399853020906 ], [ 530853.858050989918411, 5008025.062399769201875 ], [ 530853.780824468005449, 5008025.061661881394684 ], [ 530853.760806185775436, 5008025.314915419556201 ], [ 530853.760710828704759, 5008025.323371262289584 ], [ 530853.760329788317904, 5008025.3571602627635 ], [ 530853.760234625195153, 5008025.365598919801414 ], [ 530853.768719507846981, 5008025.374136745929718 ], [ 530853.777204584446736, 5008025.382657384499907 ], [ 530853.794269706821069, 5008025.391277194023132 ], [ 530853.811335023143329, 5008025.399879816919565 ], [ 530853.811343751847744, 5008025.399879900738597 ] ], [ [ 530864.005070077255368, 5008025.497279382310808 ], [ 530864.005078805959783, 5008025.497279466129839 ], [ 530864.013663409976289, 5008025.497361490502954 ], [ 530864.039499292266555, 5008025.489168781787157 ], [ 530864.056850292021409, 5008025.472438247874379 ], [ 530864.065525888814591, 5008025.464064387604594 ], [ 530864.074296648730524, 5008025.447251870296896 ], [ 530864.074487168923952, 5008025.430357369594276 ], [ 530864.074582332046703, 5008025.421918712556362 ], [ 530864.05179477261845, 5008025.159799418412149 ], [ 530864.05178604403045, 5008025.159799334593117 ], [ 530863.974559522117488, 5008025.159061446785927 ], [ 530863.954541239887476, 5008025.412314984947443 ], [ 530863.954445882816799, 5008025.420770827680826 ], [ 530863.954064842429943, 5008025.454559828154743 ], [ 530863.953969679307193, 5008025.462998485192657 ], [ 530863.962454561959021, 5008025.471536311320961 ], [ 530863.970939638558775, 5008025.48005694989115 ], [ 530863.988004760933109, 5008025.488676759414375 ], [ 530864.005070077255368, 5008025.497279382310808 ] ], [ [ 530830.38633348280564, 5008025.176057542674243 ], [ 530830.394918086822145, 5008025.176139567047358 ], [ 530830.420753969112411, 5008025.167946858331561 ], [ 530830.438104968867265, 5008025.151216324418783 ], [ 530830.446780565660447, 5008025.142842464148998 ], [ 530830.45555132557638, 5008025.1260299468413 ], [ 530830.455741845769808, 5008025.10913544613868 ], [ 530830.455837008892559, 5008025.100696789100766 ], [ 530830.433049449464306, 5008024.838577494956553 ], [ 530830.433040720876306, 5008024.838577411137521 ], [ 530830.355814198963344, 5008024.837839523330331 ], [ 530830.335795916733332, 5008025.091093061491847 ], [ 530830.335700559662655, 5008025.09954890422523 ], [ 530830.335319519275799, 5008025.133337904699147 ], [ 530830.335224356153049, 5008025.141776561737061 ], [ 530830.343709238804877, 5008025.150314387865365 ], [ 530830.352194315404631, 5008025.158835026435554 ], [ 530830.369259437778965, 5008025.167454835958779 ], [ 530830.386324754101224, 5008025.176057458855212 ], [ 530830.38633348280564, 5008025.176057542674243 ] ], [ [ 530836.478552462533116, 5008025.234267755411565 ], [ 530836.487137066549622, 5008025.234349779784679 ], [ 530836.512972948839888, 5008025.226157071068883 ], [ 530836.530323948594742, 5008025.209426537156105 ], [ 530836.538999545387924, 5008025.20105267688632 ], [ 530836.547770305303857, 5008025.184240159578621 ], [ 530836.547960825497285, 5008025.167345658876002 ], [ 530836.548055988620035, 5008025.158907001838088 ], [ 530836.525268429191783, 5008024.896787707693875 ], [ 530836.525259700603783, 5008024.896787623874843 ], [ 530836.448033178690821, 5008024.896049736067653 ], [ 530836.428014896460809, 5008025.149303274229169 ], [ 530836.427919539390132, 5008025.157759116962552 ], [ 530836.427538499003276, 5008025.191548117436469 ], [ 530836.427443335880525, 5008025.199986774474382 ], [ 530836.435928218532354, 5008025.208524600602686 ], [ 530836.444413295132108, 5008025.217045239172876 ], [ 530836.461478417506441, 5008025.225665048696101 ], [ 530836.478543733828701, 5008025.234267671592534 ], [ 530836.478552462533116, 5008025.234267755411565 ] ], [ [ 530839.524668498896062, 5008025.263372924178839 ], [ 530839.533253102912568, 5008025.263454948551953 ], [ 530839.559088985202834, 5008025.255262239836156 ], [ 530839.576439984957688, 5008025.238531705923378 ], [ 530839.58511558175087, 5008025.230157845653594 ], [ 530839.593886341666803, 5008025.213345328345895 ], [ 530839.594076861860231, 5008025.196450827643275 ], [ 530839.594172024982981, 5008025.188012170605361 ], [ 530839.571384465554729, 5008024.925892876461148 ], [ 530839.571375736966729, 5008024.925892792642117 ], [ 530839.494149215053767, 5008024.925154904834926 ], [ 530839.474130932823755, 5008025.178408442996442 ], [ 530839.474035575753078, 5008025.186864285729825 ], [ 530839.473654535366222, 5008025.220653286203742 ], [ 530839.473559372243471, 5008025.229091943241656 ], [ 530839.4820442548953, 5008025.23762976936996 ], [ 530839.490529331495054, 5008025.246150407940149 ], [ 530839.507594453869388, 5008025.254770217463374 ], [ 530839.524659770191647, 5008025.263372840359807 ], [ 530839.524668498896062, 5008025.263372924178839 ] ], [ [ 530840.580059808213264, 5008025.273457024246454 ], [ 530840.580068536917679, 5008025.273457108065486 ], [ 530840.588653140934184, 5008025.2735391324386 ], [ 530840.614489023224451, 5008025.265346423722804 ], [ 530840.631840022979304, 5008025.248615889810026 ], [ 530840.640515619772486, 5008025.240242029540241 ], [ 530840.649286379688419, 5008025.223429512232542 ], [ 530840.649476899881847, 5008025.206535011529922 ], [ 530840.649572063004598, 5008025.198096354492009 ], [ 530840.626784503576346, 5008024.935977060347795 ], [ 530840.626775774988346, 5008024.935976976528764 ], [ 530840.549549253075384, 5008024.935239088721573 ], [ 530840.529530970845371, 5008025.18849262688309 ], [ 530840.529435613774695, 5008025.196948469616473 ], [ 530840.529054573387839, 5008025.230737470090389 ], [ 530840.528959410265088, 5008025.239176127128303 ], [ 530840.537444292916916, 5008025.247713953256607 ], [ 530840.545929369516671, 5008025.256234591826797 ], [ 530840.562994491891004, 5008025.264854401350021 ], [ 530840.580059808213264, 5008025.273457024246454 ] ], [ [ 530843.62617584457621, 5008025.302562193013728 ], [ 530843.626184573280625, 5008025.302562276832759 ], [ 530843.63476917729713, 5008025.302644301205873 ], [ 530843.660605059587397, 5008025.294451592490077 ], [ 530843.67795605934225, 5008025.277721058577299 ], [ 530843.686631656135432, 5008025.269347198307514 ], [ 530843.695402416051365, 5008025.252534680999815 ], [ 530843.695592936244793, 5008025.235640180297196 ], [ 530843.695688099367544, 5008025.227201523259282 ], [ 530843.672900539939292, 5008024.965082229115069 ], [ 530843.672891811351292, 5008024.965082145296037 ], [ 530843.59566528943833, 5008024.964344257488847 ], [ 530843.575647007208318, 5008025.217597795650363 ], [ 530843.575551650137641, 5008025.226053638383746 ], [ 530843.575170609750785, 5008025.259842638857663 ], [ 530843.575075446628034, 5008025.268281295895576 ], [ 530843.583560329279862, 5008025.27681912202388 ], [ 530843.592045405879617, 5008025.28533976059407 ], [ 530843.60911052825395, 5008025.293959570117295 ], [ 530843.62617584457621, 5008025.302562193013728 ] ], [ [ 530849.718403553008102, 5008025.360772489570081 ], [ 530849.726988157024607, 5008025.360854513943195 ], [ 530849.752824039314874, 5008025.352661805227399 ], [ 530849.770175039069727, 5008025.335931271314621 ], [ 530849.778850635862909, 5008025.327557411044836 ], [ 530849.787621395778842, 5008025.310744893737137 ], [ 530849.78781191597227, 5008025.293850393034518 ], [ 530849.787907079095021, 5008025.285411735996604 ], [ 530849.765119519666769, 5008025.023292441852391 ], [ 530849.765110791078769, 5008025.023292358033359 ], [ 530849.687884269165806, 5008025.022554470226169 ], [ 530849.667865986935794, 5008025.275808008387685 ], [ 530849.667770629865117, 5008025.284263851121068 ], [ 530849.667389589478262, 5008025.318052851594985 ], [ 530849.667294426355511, 5008025.326491508632898 ], [ 530849.675779309007339, 5008025.335029334761202 ], [ 530849.684264385607094, 5008025.343549973331392 ], [ 530849.701329507981427, 5008025.352169782854617 ], [ 530849.718394824303687, 5008025.36077240575105 ], [ 530849.718403553008102, 5008025.360772489570081 ] ], [ [ 530867.051181749324314, 5008025.526384510099888 ], [ 530867.059766353340819, 5008025.526466534473002 ], [ 530867.085602235631086, 5008025.518273825757205 ], [ 530867.102953235385939, 5008025.501543291844428 ], [ 530867.111628832179122, 5008025.493169431574643 ], [ 530867.120399592095055, 5008025.476356914266944 ], [ 530867.120590112288482, 5008025.459462413564324 ], [ 530867.120685275411233, 5008025.451023756526411 ], [ 530867.097897715982981, 5008025.188904462382197 ], [ 530867.097888987394981, 5008025.188904378563166 ], [ 530867.020662465482019, 5008025.188166490755975 ], [ 530867.000644183252007, 5008025.441420028917491 ], [ 530867.00054882618133, 5008025.449875871650875 ], [ 530867.000167785794474, 5008025.483664872124791 ], [ 530867.000072622671723, 5008025.492103529162705 ], [ 530867.008557505323552, 5008025.500641355291009 ], [ 530867.017042581923306, 5008025.509161993861198 ], [ 530867.034107704297639, 5008025.517781803384423 ], [ 530867.051173020619899, 5008025.526384426280856 ], [ 530867.051181749324314, 5008025.526384510099888 ] ], [ [ 530846.672278787940741, 5008025.331667236983776 ], [ 530846.672287516645156, 5008025.331667320802808 ], [ 530846.680872120661661, 5008025.331749345175922 ], [ 530846.706708002951927, 5008025.323556636460125 ], [ 530846.724059002706781, 5008025.306826102547348 ], [ 530846.732734599499963, 5008025.298452242277563 ], [ 530846.741505359415896, 5008025.281639724969864 ], [ 530846.741695879609324, 5008025.264745224267244 ], [ 530846.741791042732075, 5008025.256306567229331 ], [ 530846.719003483303823, 5008024.994187273085117 ], [ 530846.718994754715823, 5008024.994187189266086 ], [ 530846.64176823280286, 5008024.993449301458895 ], [ 530846.621749950572848, 5008025.246702839620411 ], [ 530846.621654593502171, 5008025.255158682353795 ], [ 530846.621273553115316, 5008025.288947682827711 ], [ 530846.621178389992565, 5008025.297386339865625 ], [ 530846.629663272644393, 5008025.305924165993929 ], [ 530846.638148349244148, 5008025.314444804564118 ], [ 530846.655213471618481, 5008025.323064614087343 ], [ 530846.672278787940741, 5008025.331667236983776 ] ], [ [ 530870.097289056982845, 5008025.55548959504813 ], [ 530870.09729778568726, 5008025.555489678867161 ], [ 530870.105882389703766, 5008025.555571703240275 ], [ 530870.131718271994032, 5008025.547378994524479 ], [ 530870.149069271748886, 5008025.530648460611701 ], [ 530870.157744868542068, 5008025.522274600341916 ], [ 530870.166515628458001, 5008025.505462083034217 ], [ 530870.166706148651429, 5008025.488567582331598 ], [ 530870.166801311774179, 5008025.480128925293684 ], [ 530870.144013752345927, 5008025.218009631149471 ], [ 530870.144005023757927, 5008025.218009547330439 ], [ 530870.066778501844965, 5008025.217271659523249 ], [ 530870.046760219614953, 5008025.470525197684765 ], [ 530870.046664862544276, 5008025.478981040418148 ], [ 530870.04628382215742, 5008025.512770040892065 ], [ 530870.046188659034669, 5008025.521208697929978 ], [ 530870.054673541686498, 5008025.529746524058282 ], [ 530870.063158618286252, 5008025.538267162628472 ], [ 530870.080223740660585, 5008025.546886972151697 ], [ 530870.097289056982845, 5008025.55548959504813 ] ], [ [ 530850.49797354452312, 5008033.850517862476408 ], [ 530850.497982273227535, 5008033.85051794629544 ], [ 530850.50656687724404, 5008033.850599970668554 ], [ 530850.532402759534307, 5008033.842407261952758 ], [ 530850.54975375928916, 5008033.82567672803998 ], [ 530850.558429356082343, 5008033.817302867770195 ], [ 530850.567200115998276, 5008033.800490350462496 ], [ 530850.567390636191703, 5008033.783595849759877 ], [ 530850.567485799314454, 5008033.775157192721963 ], [ 530850.544698239886202, 5008033.51303789857775 ], [ 530850.544689511298202, 5008033.513037814758718 ], [ 530850.46746298938524, 5008033.512299926951528 ], [ 530850.447444707155228, 5008033.765553465113044 ], [ 530850.447349350084551, 5008033.774009307846427 ], [ 530850.446968309697695, 5008033.807798308320343 ], [ 530850.446873146574944, 5008033.816236965358257 ], [ 530850.455358029226772, 5008033.824774791486561 ], [ 530850.463843105826527, 5008033.833295430056751 ], [ 530850.48090822820086, 5008033.841915239579976 ], [ 530850.49797354452312, 5008033.850517862476408 ] ], [ [ 530853.544098309590481, 5008033.879623115062714 ], [ 530853.552682913606986, 5008033.879705139435828 ], [ 530853.578518795897253, 5008033.871512430720031 ], [ 530853.595869795652106, 5008033.854781896807253 ], [ 530853.604545392445289, 5008033.846408036537468 ], [ 530853.613316152361222, 5008033.82959551922977 ], [ 530853.613506672554649, 5008033.81270101852715 ], [ 530853.6136018356774, 5008033.804262361489236 ], [ 530853.590814276249148, 5008033.542143067345023 ], [ 530853.590805547661148, 5008033.542142983525991 ], [ 530853.513579025748186, 5008033.541405095718801 ], [ 530853.493560743518174, 5008033.794658633880317 ], [ 530853.493465386447497, 5008033.8031144766137 ], [ 530853.493084346060641, 5008033.836903477087617 ], [ 530853.49298918293789, 5008033.845342134125531 ], [ 530853.501474065589719, 5008033.853879960253835 ], [ 530853.509959142189473, 5008033.862400598824024 ], [ 530853.527024264563806, 5008033.871020408347249 ], [ 530853.544089580886066, 5008033.879623031243682 ], [ 530853.544098309590481, 5008033.879623115062714 ] ], [ [ 530844.405754564795643, 5008033.792307649739087 ], [ 530844.405763293500058, 5008033.792307733558118 ], [ 530844.414347897516564, 5008033.792389757931232 ], [ 530844.44018377980683, 5008033.784197049215436 ], [ 530844.457534779561684, 5008033.767466515302658 ], [ 530844.466210376354866, 5008033.759092655032873 ], [ 530844.474981136270799, 5008033.742280137725174 ], [ 530844.475171656464227, 5008033.725385637022555 ], [ 530844.475266819586977, 5008033.716946979984641 ], [ 530844.452479260158725, 5008033.454827685840428 ], [ 530844.452470531570725, 5008033.454827602021396 ], [ 530844.375244009657763, 5008033.454089714214206 ], [ 530844.355225727427751, 5008033.707343252375722 ], [ 530844.355130370357074, 5008033.715799095109105 ], [ 530844.354749329970218, 5008033.749588095583022 ], [ 530844.354654166847467, 5008033.758026752620935 ], [ 530844.363139049499296, 5008033.766564578749239 ], [ 530844.37162412609905, 5008033.775085217319429 ], [ 530844.388689248473383, 5008033.783705026842654 ], [ 530844.405754564795643, 5008033.792307649739087 ] ], [ [ 530854.599498347612098, 5008033.889707298949361 ], [ 530854.608082951628603, 5008033.889789323322475 ], [ 530854.633918833918869, 5008033.881596614606678 ], [ 530854.651269833673723, 5008033.864866080693901 ], [ 530854.659945430466905, 5008033.856492220424116 ], [ 530854.668716190382838, 5008033.839679703116417 ], [ 530854.668906710576266, 5008033.822785202413797 ], [ 530854.669001873699017, 5008033.814346545375884 ], [ 530854.646214314270765, 5008033.55222725123167 ], [ 530854.646205585682765, 5008033.552227167412639 ], [ 530854.568979063769802, 5008033.551489279605448 ], [ 530854.54896078153979, 5008033.804742817766964 ], [ 530854.548865424469113, 5008033.813198660500348 ], [ 530854.548484384082258, 5008033.846987660974264 ], [ 530854.548389220959507, 5008033.855426318012178 ], [ 530854.556874103611335, 5008033.863964144140482 ], [ 530854.56535918021109, 5008033.872484782710671 ], [ 530854.582424302585423, 5008033.881104592233896 ], [ 530854.599489618907683, 5008033.889707215130329 ], [ 530854.599498347612098, 5008033.889707298949361 ] ], [ [ 530847.451879329863004, 5008033.821412902325392 ], [ 530847.46046393387951, 5008033.821494926698506 ], [ 530847.486299816169776, 5008033.813302217982709 ], [ 530847.50365081592463, 5008033.796571684069932 ], [ 530847.512326412717812, 5008033.788197823800147 ], [ 530847.521097172633745, 5008033.771385306492448 ], [ 530847.521287692827173, 5008033.754490805789828 ], [ 530847.521382855949923, 5008033.746052148751915 ], [ 530847.498595296521671, 5008033.483932854607701 ], [ 530847.498586567933671, 5008033.48393277078867 ], [ 530847.421360046020709, 5008033.483194882981479 ], [ 530847.401341763790697, 5008033.736448421142995 ], [ 530847.40124640672002, 5008033.744904263876379 ], [ 530847.400865366333164, 5008033.778693264350295 ], [ 530847.400770203210413, 5008033.787131921388209 ], [ 530847.409255085862242, 5008033.795669747516513 ], [ 530847.417740162461996, 5008033.804190386086702 ], [ 530847.43480528483633, 5008033.812810195609927 ], [ 530847.451870601158589, 5008033.82141281850636 ], [ 530847.451879329863004, 5008033.821412902325392 ] ], [ [ 530857.645605655270629, 5008033.918812383897603 ], [ 530857.645614383975044, 5008033.918812467716634 ], [ 530857.654198987991549, 5008033.918894492089748 ], [ 530857.680034870281816, 5008033.910701783373952 ], [ 530857.697385870036669, 5008033.893971249461174 ], [ 530857.706061466829851, 5008033.885597389191389 ], [ 530857.714832226745784, 5008033.86878487188369 ], [ 530857.715022746939212, 5008033.851890371181071 ], [ 530857.715117910061963, 5008033.843451714143157 ], [ 530857.692330350633711, 5008033.581332419998944 ], [ 530857.692321622045711, 5008033.581332336179912 ], [ 530857.615095100132748, 5008033.580594448372722 ], [ 530857.595076817902736, 5008033.833847986534238 ], [ 530857.594981460832059, 5008033.842303829267621 ], [ 530857.594600420445204, 5008033.876092829741538 ], [ 530857.594505257322453, 5008033.884531486779451 ], [ 530857.602990139974281, 5008033.893069312907755 ], [ 530857.611475216574036, 5008033.901589951477945 ], [ 530857.628540338948369, 5008033.91020976100117 ], [ 530857.645605655270629, 5008033.918812383897603 ] ], [ [ 530834.220595386228524, 5008033.694990025833249 ], [ 530834.220604114932939, 5008033.694990109652281 ], [ 530834.229188718949445, 5008033.695072134025395 ], [ 530834.255024601239711, 5008033.686879425309598 ], [ 530834.272375600994565, 5008033.670148891396821 ], [ 530834.281051197787747, 5008033.661775031127036 ], [ 530834.28982195770368, 5008033.644962513819337 ], [ 530834.290012477897108, 5008033.628068013116717 ], [ 530834.290107641019858, 5008033.619629356078804 ], [ 530834.267320081591606, 5008033.35751006193459 ], [ 530834.267311353003606, 5008033.357509978115559 ], [ 530834.190084831090644, 5008033.356772090308368 ], [ 530834.170066548860632, 5008033.610025628469884 ], [ 530834.169971191789955, 5008033.618481471203268 ], [ 530834.169590151403099, 5008033.652270471677184 ], [ 530834.169494988280348, 5008033.660709128715098 ], [ 530834.177979870932177, 5008033.669246954843402 ], [ 530834.186464947531931, 5008033.677767593413591 ], [ 530834.203530069906265, 5008033.686387402936816 ], [ 530834.220595386228524, 5008033.694990025833249 ] ], [ [ 530837.26671142259147, 5008033.724095194600523 ], [ 530837.266720151295885, 5008033.724095278419554 ], [ 530837.275304755312391, 5008033.724177302792668 ], [ 530837.301140637602657, 5008033.715984594076872 ], [ 530837.318491637357511, 5008033.699254060164094 ], [ 530837.327167234150693, 5008033.690880199894309 ], [ 530837.335937994066626, 5008033.67406768258661 ], [ 530837.336128514260054, 5008033.657173181883991 ], [ 530837.336223677382804, 5008033.648734524846077 ], [ 530837.313436117954552, 5008033.386615230701864 ], [ 530837.313427389366552, 5008033.386615146882832 ], [ 530837.23620086745359, 5008033.385877259075642 ], [ 530837.216182585223578, 5008033.639130797237158 ], [ 530837.216087228152901, 5008033.647586639970541 ], [ 530837.215706187766045, 5008033.681375640444458 ], [ 530837.215611024643295, 5008033.689814297482371 ], [ 530837.224095907295123, 5008033.698352123610675 ], [ 530837.232580983894877, 5008033.706872762180865 ], [ 530837.249646106269211, 5008033.71549257170409 ], [ 530837.26671142259147, 5008033.724095194600523 ] ], [ [ 530843.358939131023362, 5008033.782305491156876 ], [ 530843.367523735039867, 5008033.78238751552999 ], [ 530843.393359617330134, 5008033.774194806814194 ], [ 530843.410710617084987, 5008033.757464272901416 ], [ 530843.41938621387817, 5008033.749090412631631 ], [ 530843.428156973794103, 5008033.732277895323932 ], [ 530843.42834749398753, 5008033.715383394621313 ], [ 530843.428442657110281, 5008033.706944737583399 ], [ 530843.405655097682029, 5008033.444825443439186 ], [ 530843.405646369094029, 5008033.444825359620154 ], [ 530843.328419847181067, 5008033.444087471812963 ], [ 530843.308401564951055, 5008033.69734100997448 ], [ 530843.308306207880378, 5008033.705796852707863 ], [ 530843.307925167493522, 5008033.739585853181779 ], [ 530843.307830004370771, 5008033.748024510219693 ], [ 530843.3163148870226, 5008033.756562336347997 ], [ 530843.324799963622354, 5008033.765082974918187 ], [ 530843.341865085996687, 5008033.773702784441411 ], [ 530843.358930402318947, 5008033.782305407337844 ], [ 530843.358939131023362, 5008033.782305491156876 ] ], [ [ 530860.691717327339575, 5008033.947917511686683 ], [ 530860.70030193135608, 5008033.947999536059797 ], [ 530860.726137813646346, 5008033.939806827344 ], [ 530860.7434888134012, 5008033.923076293431222 ], [ 530860.752164410194382, 5008033.914702433161438 ], [ 530860.760935170110315, 5008033.897889915853739 ], [ 530860.761125690303743, 5008033.880995415151119 ], [ 530860.761220853426494, 5008033.872556758113205 ], [ 530860.738433293998241, 5008033.610437463968992 ], [ 530860.738424565410241, 5008033.610437380149961 ], [ 530860.661198043497279, 5008033.60969949234277 ], [ 530860.641179761267267, 5008033.862953030504286 ], [ 530860.64108440419659, 5008033.871408873237669 ], [ 530860.640703363809735, 5008033.905197873711586 ], [ 530860.640608200686984, 5008033.9136365307495 ], [ 530860.649093083338812, 5008033.922174356877804 ], [ 530860.657578159938566, 5008033.930694995447993 ], [ 530860.6746432823129, 5008033.939314804971218 ], [ 530860.691708598635159, 5008033.947917427867651 ], [ 530860.691717327339575, 5008033.947917511686683 ] ], [ [ 530840.312814365956001, 5008033.753200238570571 ], [ 530840.312823094660416, 5008033.753200322389603 ], [ 530840.321407698676921, 5008033.753282346762717 ], [ 530840.347243580967188, 5008033.74508963804692 ], [ 530840.364594580722041, 5008033.728359104134142 ], [ 530840.373270177515224, 5008033.719985243864357 ], [ 530840.382040937431157, 5008033.703172726556659 ], [ 530840.382231457624584, 5008033.686278225854039 ], [ 530840.382326620747335, 5008033.677839568816125 ], [ 530840.359539061319083, 5008033.415720274671912 ], [ 530840.359530332731083, 5008033.41572019085288 ], [ 530840.282303810818121, 5008033.41498230304569 ], [ 530840.262285528588109, 5008033.668235841207206 ], [ 530840.262190171517432, 5008033.676691683940589 ], [ 530840.261809131130576, 5008033.710480684414506 ], [ 530840.261713968007825, 5008033.71891934145242 ], [ 530840.270198850659654, 5008033.727457167580724 ], [ 530840.278683927259408, 5008033.735977806150913 ], [ 530840.295749049633741, 5008033.744597615674138 ], [ 530840.312814365956001, 5008033.753200238570571 ] ], [ [ 530863.737824634998105, 5008033.977022596634924 ], [ 530863.737833363702521, 5008033.977022680453956 ], [ 530863.746417967719026, 5008033.97710470482707 ], [ 530863.772253850009292, 5008033.968911996111274 ], [ 530863.789604849764146, 5008033.952181462198496 ], [ 530863.798280446557328, 5008033.943807601928711 ], [ 530863.807051206473261, 5008033.926995084621012 ], [ 530863.807241726666689, 5008033.910100583918393 ], [ 530863.80733688978944, 5008033.901661926880479 ], [ 530863.784549330361187, 5008033.639542632736266 ], [ 530863.784540601773188, 5008033.639542548917234 ], [ 530863.707314079860225, 5008033.638804661110044 ], [ 530863.687295797630213, 5008033.89205819927156 ], [ 530863.687200440559536, 5008033.900514042004943 ], [ 530863.686819400172681, 5008033.934303042478859 ], [ 530863.68672423704993, 5008033.942741699516773 ], [ 530863.695209119701758, 5008033.951279525645077 ], [ 530863.703694196301512, 5008033.959800164215267 ], [ 530863.720759318675846, 5008033.968419973738492 ], [ 530863.737824634998105, 5008033.977022596634924 ] ], [ [ 530844.138491568272002, 5008042.272059292532504 ], [ 530844.138500296976417, 5008042.272059376351535 ], [ 530844.147084900992922, 5008042.272141400724649 ], [ 530844.172920783283189, 5008042.263948692008853 ], [ 530844.190271783038042, 5008042.247218158096075 ], [ 530844.198947379831225, 5008042.23884429782629 ], [ 530844.207718139747158, 5008042.222031780518591 ], [ 530844.207908659940585, 5008042.205137279815972 ], [ 530844.208003823063336, 5008042.196698622778058 ], [ 530844.185216263635084, 5008041.934579328633845 ], [ 530844.185207535047084, 5008041.934579244814813 ], [ 530844.107981013134122, 5008041.933841357007623 ], [ 530844.08796273090411, 5008042.187094895169139 ], [ 530844.087867373833433, 5008042.195550737902522 ], [ 530844.087486333446577, 5008042.229339738376439 ], [ 530844.087391170323826, 5008042.237778395414352 ], [ 530844.095876052975655, 5008042.246316221542656 ], [ 530844.104361129575409, 5008042.254836860112846 ], [ 530844.121426251949742, 5008042.263456669636071 ], [ 530844.138491568272002, 5008042.272059292532504 ] ], [ [ 530847.184616333339363, 5008042.301164545118809 ], [ 530847.193200937355869, 5008042.301246569491923 ], [ 530847.219036819646135, 5008042.293053860776126 ], [ 530847.236387819400989, 5008042.276323326863348 ], [ 530847.245063416194171, 5008042.267949466593564 ], [ 530847.253834176110104, 5008042.251136949285865 ], [ 530847.254024696303532, 5008042.234242448583245 ], [ 530847.254119859426282, 5008042.225803791545331 ], [ 530847.23133229999803, 5008041.963684497401118 ], [ 530847.23132357141003, 5008041.963684413582087 ], [ 530847.154097049497068, 5008041.962946525774896 ], [ 530847.134078767267056, 5008042.216200063936412 ], [ 530847.133983410196379, 5008042.224655906669796 ], [ 530847.133602369809523, 5008042.258444907143712 ], [ 530847.133507206686772, 5008042.266883564181626 ], [ 530847.141992089338601, 5008042.27542139030993 ], [ 530847.150477165938355, 5008042.283942028880119 ], [ 530847.167542288312688, 5008042.292561838403344 ], [ 530847.184607604634948, 5008042.301164461299777 ], [ 530847.184616333339363, 5008042.301164545118809 ] ], [ [ 530838.046272588544525, 5008042.213849079795182 ], [ 530838.04628131724894, 5008042.213849163614213 ], [ 530838.054865921265446, 5008042.213931187987328 ], [ 530838.080701803555712, 5008042.205738479271531 ], [ 530838.098052803310566, 5008042.189007945358753 ], [ 530838.106728400103748, 5008042.180634085088968 ], [ 530838.115499160019681, 5008042.16382156778127 ], [ 530838.115689680213109, 5008042.14692706707865 ], [ 530838.115784843335859, 5008042.138488410040736 ], [ 530838.092997283907607, 5008041.876369115896523 ], [ 530838.092988555319607, 5008041.876369032077491 ], [ 530838.015762033406645, 5008041.875631144270301 ], [ 530837.995743751176633, 5008042.128884682431817 ], [ 530837.995648394105956, 5008042.1373405251652 ], [ 530837.9952673537191, 5008042.171129525639117 ], [ 530837.99517219059635, 5008042.179568182677031 ], [ 530838.003657073248178, 5008042.188106008805335 ], [ 530838.012142149847932, 5008042.196626647375524 ], [ 530838.029207272222266, 5008042.205246456898749 ], [ 530838.046272588544525, 5008042.213849079795182 ] ], [ [ 530848.24001637136098, 5008042.311248729005456 ], [ 530848.248600975377485, 5008042.31133075337857 ], [ 530848.274436857667752, 5008042.303138044662774 ], [ 530848.291787857422605, 5008042.286407510749996 ], [ 530848.300463454215787, 5008042.278033650480211 ], [ 530848.30923421413172, 5008042.261221133172512 ], [ 530848.309424734325148, 5008042.244326632469893 ], [ 530848.309519897447899, 5008042.235887975431979 ], [ 530848.286732338019647, 5008041.973768681287766 ], [ 530848.286723609431647, 5008041.973768597468734 ], [ 530848.209497087518685, 5008041.973030709661543 ], [ 530848.189478805288672, 5008042.22628424782306 ], [ 530848.189383448217995, 5008042.234740090556443 ], [ 530848.18900240783114, 5008042.268529091030359 ], [ 530848.188907244708389, 5008042.276967748068273 ], [ 530848.197392127360217, 5008042.285505574196577 ], [ 530848.205877203959972, 5008042.294026212766767 ], [ 530848.222942326334305, 5008042.302646022289991 ], [ 530848.240007642656565, 5008042.311248645186424 ], [ 530848.24001637136098, 5008042.311248729005456 ] ], [ [ 530841.092397353611887, 5008042.242954332381487 ], [ 530841.100981957628392, 5008042.243036356754601 ], [ 530841.126817839918658, 5008042.234843648038805 ], [ 530841.144168839673512, 5008042.218113114126027 ], [ 530841.152844436466694, 5008042.209739253856242 ], [ 530841.161615196382627, 5008042.192926736548543 ], [ 530841.161805716576055, 5008042.176032235845923 ], [ 530841.161900879698806, 5008042.16759357880801 ], [ 530841.139113320270553, 5008041.905474284663796 ], [ 530841.139104591682553, 5008041.905474200844765 ], [ 530841.061878069769591, 5008041.904736313037574 ], [ 530841.041859787539579, 5008042.15798985119909 ], [ 530841.041764430468902, 5008042.166445693932474 ], [ 530841.041383390082046, 5008042.20023469440639 ], [ 530841.041288226959296, 5008042.208673351444304 ], [ 530841.049773109611124, 5008042.217211177572608 ], [ 530841.058258186210878, 5008042.225731816142797 ], [ 530841.075323308585212, 5008042.234351625666022 ], [ 530841.092388624907471, 5008042.242954248562455 ], [ 530841.092397353611887, 5008042.242954332381487 ] ], [ [ 530851.286123679019511, 5008042.340353813953698 ], [ 530851.286132407723926, 5008042.340353897772729 ], [ 530851.294717011740431, 5008042.340435922145844 ], [ 530851.320552894030698, 5008042.332243213430047 ], [ 530851.337903893785551, 5008042.315512679517269 ], [ 530851.346579490578733, 5008042.307138819247484 ], [ 530851.355350250494666, 5008042.290326301939785 ], [ 530851.355540770688094, 5008042.273431801237166 ], [ 530851.355635933810845, 5008042.264993144199252 ], [ 530851.332848374382593, 5008042.002873850055039 ], [ 530851.332839645794593, 5008042.002873766236007 ], [ 530851.255613123881631, 5008042.002135878428817 ], [ 530851.235594841651618, 5008042.255389416590333 ], [ 530851.235499484580941, 5008042.263845259323716 ], [ 530851.235118444194086, 5008042.297634259797633 ], [ 530851.235023281071335, 5008042.306072916835546 ], [ 530851.243508163723163, 5008042.31461074296385 ], [ 530851.251993240322918, 5008042.32313138153404 ], [ 530851.269058362697251, 5008042.331751191057265 ], [ 530851.286123679019511, 5008042.340353813953698 ] ], [ [ 530827.861113409977406, 5008042.116531455889344 ], [ 530827.861122138681822, 5008042.116531539708376 ], [ 530827.869706742698327, 5008042.11661356408149 ], [ 530827.895542624988593, 5008042.108420855365694 ], [ 530827.912893624743447, 5008042.091690321452916 ], [ 530827.921569221536629, 5008042.083316461183131 ], [ 530827.930339981452562, 5008042.066503943875432 ], [ 530827.93053050164599, 5008042.049609443172812 ], [ 530827.930625664768741, 5008042.041170786134899 ], [ 530827.907838105340488, 5008041.779051491990685 ], [ 530827.907829376752488, 5008041.779051408171654 ], [ 530827.830602854839526, 5008041.778313520364463 ], [ 530827.810584572609514, 5008042.03156705852598 ], [ 530827.810489215538837, 5008042.040022901259363 ], [ 530827.810108175151981, 5008042.073811901733279 ], [ 530827.810013012029231, 5008042.082250558771193 ], [ 530827.818497894681059, 5008042.090788384899497 ], [ 530827.826982971280813, 5008042.099309023469687 ], [ 530827.844048093655147, 5008042.107928832992911 ], [ 530827.861113409977406, 5008042.116531455889344 ] ], [ [ 530830.907229446340352, 5008042.145636624656618 ], [ 530830.907238175044768, 5008042.145636708475649 ], [ 530830.915822779061273, 5008042.145718732848763 ], [ 530830.941658661351539, 5008042.137526024132967 ], [ 530830.959009661106393, 5008042.120795490220189 ], [ 530830.967685257899575, 5008042.112421629950404 ], [ 530830.976456017815508, 5008042.095609112642705 ], [ 530830.976646538008936, 5008042.078714611940086 ], [ 530830.976741701131687, 5008042.070275954902172 ], [ 530830.953954141703434, 5008041.808156660757959 ], [ 530830.953945413115434, 5008041.808156576938927 ], [ 530830.876718891202472, 5008041.807418689131737 ], [ 530830.85670060897246, 5008042.060672227293253 ], [ 530830.856605251901783, 5008042.069128070026636 ], [ 530830.856224211514927, 5008042.102917070500553 ], [ 530830.856129048392177, 5008042.111355727538466 ], [ 530830.864613931044005, 5008042.11989355366677 ], [ 530830.873099007643759, 5008042.12841419223696 ], [ 530830.890164130018093, 5008042.137034001760185 ], [ 530830.907229446340352, 5008042.145636624656618 ] ], [ [ 530836.999457154772244, 5008042.203846921212971 ], [ 530837.00804175878875, 5008042.203928945586085 ], [ 530837.033877641079016, 5008042.195736236870289 ], [ 530837.05122864083387, 5008042.179005702957511 ], [ 530837.059904237627052, 5008042.170631842687726 ], [ 530837.068674997542985, 5008042.153819325380027 ], [ 530837.068865517736413, 5008042.136924824677408 ], [ 530837.068960680859163, 5008042.128486167639494 ], [ 530837.046173121430911, 5008041.866366873495281 ], [ 530837.046164392842911, 5008041.866366789676249 ], [ 530836.968937870929949, 5008041.865628901869059 ], [ 530836.948919588699937, 5008042.118882440030575 ], [ 530836.94882423162926, 5008042.127338282763958 ], [ 530836.948443191242404, 5008042.161127283237875 ], [ 530836.948348028119653, 5008042.169565940275788 ], [ 530836.956832910771482, 5008042.178103766404092 ], [ 530836.965317987371236, 5008042.186624404974282 ], [ 530836.98238310974557, 5008042.195244214497507 ], [ 530836.999448426067829, 5008042.203846837393939 ], [ 530836.999457154772244, 5008042.203846921212971 ] ], [ [ 530854.332235351088457, 5008042.369458941742778 ], [ 530854.340819955104962, 5008042.369540966115892 ], [ 530854.366655837395228, 5008042.361348257400095 ], [ 530854.384006837150082, 5008042.344617723487318 ], [ 530854.392682433943264, 5008042.336243863217533 ], [ 530854.401453193859197, 5008042.319431345909834 ], [ 530854.401643714052625, 5008042.302536845207214 ], [ 530854.401738877175376, 5008042.294098188169301 ], [ 530854.378951317747124, 5008042.031978894025087 ], [ 530854.378942589159124, 5008042.031978810206056 ], [ 530854.301716067246161, 5008042.031240922398865 ], [ 530854.281697785016149, 5008042.284494460560381 ], [ 530854.281602427945472, 5008042.292950303293765 ], [ 530854.281221387558617, 5008042.326739303767681 ], [ 530854.281126224435866, 5008042.335177960805595 ], [ 530854.289611107087694, 5008042.343715786933899 ], [ 530854.298096183687449, 5008042.352236425504088 ], [ 530854.315161306061782, 5008042.360856235027313 ], [ 530854.332226622384042, 5008042.369458857923746 ], [ 530854.332235351088457, 5008042.369458941742778 ] ], [ [ 530833.953332389704883, 5008042.174741668626666 ], [ 530833.953341118409298, 5008042.174741752445698 ], [ 530833.961925722425804, 5008042.174823776818812 ], [ 530833.98776160471607, 5008042.166631068103015 ], [ 530834.005112604470924, 5008042.149900534190238 ], [ 530834.013788201264106, 5008042.141526673920453 ], [ 530834.022558961180039, 5008042.124714156612754 ], [ 530834.022749481373467, 5008042.107819655910134 ], [ 530834.022844644496217, 5008042.099380998872221 ], [ 530834.000057085067965, 5008041.837261704728007 ], [ 530834.000048356479965, 5008041.837261620908976 ], [ 530833.922821834567003, 5008041.836523733101785 ], [ 530833.902803552336991, 5008042.089777271263301 ], [ 530833.902708195266314, 5008042.098233113996685 ], [ 530833.902327154879458, 5008042.132022114470601 ], [ 530833.902231991756707, 5008042.140460771508515 ], [ 530833.910716874408536, 5008042.148998597636819 ], [ 530833.91920195100829, 5008042.157519236207008 ], [ 530833.936267073382623, 5008042.166139045730233 ], [ 530833.953332389704883, 5008042.174741668626666 ] ], [ [ 530857.378342658746988, 5008042.39856402669102 ], [ 530857.378351387451403, 5008042.398564110510051 ], [ 530857.386935991467908, 5008042.398646134883165 ], [ 530857.412771873758174, 5008042.390453426167369 ], [ 530857.430122873513028, 5008042.373722892254591 ], [ 530857.43879847030621, 5008042.365349031984806 ], [ 530857.447569230222143, 5008042.348536514677107 ], [ 530857.447759750415571, 5008042.331642013974488 ], [ 530857.447854913538322, 5008042.323203356936574 ], [ 530857.42506735411007, 5008042.061084062792361 ], [ 530857.42505862552207, 5008042.061083978973329 ], [ 530857.347832103609107, 5008042.060346091166139 ], [ 530857.327813821379095, 5008042.313599629327655 ], [ 530857.327718464308418, 5008042.322055472061038 ], [ 530857.327337423921563, 5008042.355844472534955 ], [ 530857.327242260798812, 5008042.364283129572868 ], [ 530857.33572714345064, 5008042.372820955701172 ], [ 530857.344212220050395, 5008042.381341594271362 ], [ 530857.361277342424728, 5008042.389961403794587 ], [ 530857.378342658746988, 5008042.39856402669102 ] ], [ [ 530837.770438177976757, 5008050.693510228767991 ], [ 530837.770446906681173, 5008050.693510312587023 ], [ 530837.779031510697678, 5008050.693592336960137 ], [ 530837.804867392987944, 5008050.68539962824434 ], [ 530837.822218392742798, 5008050.668669094331563 ], [ 530837.83089398953598, 5008050.660295234061778 ], [ 530837.839664749451913, 5008050.643482716754079 ], [ 530837.839855269645341, 5008050.626588216051459 ], [ 530837.839950432768092, 5008050.618149559013546 ], [ 530837.817162873339839, 5008050.356030264869332 ], [ 530837.817154144751839, 5008050.356030181050301 ], [ 530837.739927622838877, 5008050.35529229324311 ], [ 530837.719909340608865, 5008050.608545831404626 ], [ 530837.719813983538188, 5008050.61700167413801 ], [ 530837.719432943151332, 5008050.650790674611926 ], [ 530837.719337780028582, 5008050.65922933164984 ], [ 530837.72782266268041, 5008050.667767157778144 ], [ 530837.736307739280164, 5008050.676287796348333 ], [ 530837.753372861654498, 5008050.684907605871558 ], [ 530837.770438177976757, 5008050.693510228767991 ] ], [ [ 530840.816562943044119, 5008050.722615481354296 ], [ 530840.825147547060624, 5008050.72269750572741 ], [ 530840.85098342935089, 5008050.714504797011614 ], [ 530840.868334429105744, 5008050.697774263098836 ], [ 530840.877010025898926, 5008050.689400402829051 ], [ 530840.885780785814859, 5008050.672587885521352 ], [ 530840.885971306008287, 5008050.655693384818733 ], [ 530840.886066469131038, 5008050.647254727780819 ], [ 530840.863278909702785, 5008050.385135433636606 ], [ 530840.863270181114785, 5008050.385135349817574 ], [ 530840.786043659201823, 5008050.384397462010384 ], [ 530840.766025376971811, 5008050.6376510001719 ], [ 530840.765930019901134, 5008050.646106842905283 ], [ 530840.765548979514278, 5008050.6798958433792 ], [ 530840.765453816391528, 5008050.688334500417113 ], [ 530840.773938699043356, 5008050.696872326545417 ], [ 530840.78242377564311, 5008050.705392965115607 ], [ 530840.799488898017444, 5008050.714012774638832 ], [ 530840.816554214339703, 5008050.722615397535264 ], [ 530840.816562943044119, 5008050.722615481354296 ] ], [ [ 530831.67821919824928, 5008050.635300016030669 ], [ 530831.678227926953696, 5008050.635300099849701 ], [ 530831.686812530970201, 5008050.635382124222815 ], [ 530831.712648413260467, 5008050.627189415507019 ], [ 530831.729999413015321, 5008050.610458881594241 ], [ 530831.738675009808503, 5008050.602085021324456 ], [ 530831.747445769724436, 5008050.585272504016757 ], [ 530831.747636289917864, 5008050.568378003314137 ], [ 530831.747731453040615, 5008050.559939346276224 ], [ 530831.724943893612362, 5008050.29782005213201 ], [ 530831.724935165024363, 5008050.297819968312979 ], [ 530831.6477086431114, 5008050.297082080505788 ], [ 530831.627690360881388, 5008050.550335618667305 ], [ 530831.627595003810711, 5008050.558791461400688 ], [ 530831.627213963423856, 5008050.592580461874604 ], [ 530831.627118800301105, 5008050.601019118912518 ], [ 530831.635603682952933, 5008050.609556945040822 ], [ 530831.644088759552687, 5008050.618077583611012 ], [ 530831.661153881927021, 5008050.626697393134236 ], [ 530831.67821919824928, 5008050.635300016030669 ] ], [ [ 530841.871962981065735, 5008050.732699665240943 ], [ 530841.88054758508224, 5008050.732781689614058 ], [ 530841.906383467372507, 5008050.724588980898261 ], [ 530841.92373446712736, 5008050.707858446985483 ], [ 530841.932410063920543, 5008050.699484586715698 ], [ 530841.941180823836476, 5008050.682672069408 ], [ 530841.941371344029903, 5008050.66577756870538 ], [ 530841.941466507152654, 5008050.657338911667466 ], [ 530841.918678947724402, 5008050.395219617523253 ], [ 530841.918670219136402, 5008050.395219533704221 ], [ 530841.84144369722344, 5008050.394481645897031 ], [ 530841.821425414993428, 5008050.647735184058547 ], [ 530841.821330057922751, 5008050.65619102679193 ], [ 530841.820949017535895, 5008050.689980027265847 ], [ 530841.820853854413144, 5008050.698418684303761 ], [ 530841.829338737064973, 5008050.706956510432065 ], [ 530841.837823813664727, 5008050.715477149002254 ], [ 530841.85488893603906, 5008050.724096958525479 ], [ 530841.87195425236132, 5008050.732699581421912 ], [ 530841.871962981065735, 5008050.732699665240943 ] ], [ [ 530834.724343963316642, 5008050.664405268616974 ], [ 530834.732928567333147, 5008050.664487292990088 ], [ 530834.758764449623413, 5008050.656294584274292 ], [ 530834.776115449378267, 5008050.639564050361514 ], [ 530834.784791046171449, 5008050.631190190091729 ], [ 530834.793561806087382, 5008050.61437767278403 ], [ 530834.79375232628081, 5008050.597483172081411 ], [ 530834.793847489403561, 5008050.589044515043497 ], [ 530834.771059929975308, 5008050.326925220899284 ], [ 530834.771051201387309, 5008050.326925137080252 ], [ 530834.693824679474346, 5008050.326187249273062 ], [ 530834.673806397244334, 5008050.579440787434578 ], [ 530834.673711040173657, 5008050.587896630167961 ], [ 530834.673329999786802, 5008050.621685630641878 ], [ 530834.673234836664051, 5008050.630124287679791 ], [ 530834.681719719315879, 5008050.638662113808095 ], [ 530834.690204795915633, 5008050.647182752378285 ], [ 530834.707269918289967, 5008050.65580256190151 ], [ 530834.724335234612226, 5008050.664405184797943 ], [ 530834.724343963316642, 5008050.664405268616974 ] ], [ [ 530844.918070288724266, 5008050.761804750189185 ], [ 530844.918079017428681, 5008050.761804834008217 ], [ 530844.926663621445186, 5008050.761886858381331 ], [ 530844.952499503735453, 5008050.753694149665534 ], [ 530844.969850503490306, 5008050.736963615752757 ], [ 530844.978526100283489, 5008050.728589755482972 ], [ 530844.987296860199422, 5008050.711777238175273 ], [ 530844.987487380392849, 5008050.694882737472653 ], [ 530844.9875825435156, 5008050.68644408043474 ], [ 530844.964794984087348, 5008050.424324786290526 ], [ 530844.964786255499348, 5008050.424324702471495 ], [ 530844.887559733586386, 5008050.423586814664304 ], [ 530844.867541451356374, 5008050.67684035282582 ], [ 530844.867446094285697, 5008050.685296195559204 ], [ 530844.867065053898841, 5008050.71908519603312 ], [ 530844.86696989077609, 5008050.727523853071034 ], [ 530844.875454773427919, 5008050.736061679199338 ], [ 530844.883939850027673, 5008050.744582317769527 ], [ 530844.901004972402006, 5008050.753202127292752 ], [ 530844.918070288724266, 5008050.761804750189185 ] ], [ [ 530821.493060019682162, 5008050.537982392124832 ], [ 530821.493068748386577, 5008050.537982475943863 ], [ 530821.501653352403082, 5008050.538064500316978 ], [ 530821.527489234693348, 5008050.529871791601181 ], [ 530821.544840234448202, 5008050.513141257688403 ], [ 530821.553515831241384, 5008050.504767397418618 ], [ 530821.562286591157317, 5008050.487954880110919 ], [ 530821.562477111350745, 5008050.4710603794083 ], [ 530821.562572274473496, 5008050.462621722370386 ], [ 530821.539784715045244, 5008050.200502428226173 ], [ 530821.539775986457244, 5008050.200502344407141 ], [ 530821.462549464544281, 5008050.199764456599951 ], [ 530821.442531182314269, 5008050.453017994761467 ], [ 530821.442435825243592, 5008050.46147383749485 ], [ 530821.442054784856737, 5008050.495262837968767 ], [ 530821.441959621733986, 5008050.50370149500668 ], [ 530821.450444504385814, 5008050.512239321134984 ], [ 530821.458929580985568, 5008050.520759959705174 ], [ 530821.475994703359902, 5008050.529379769228399 ], [ 530821.493060019682162, 5008050.537982392124832 ] ], [ [ 530824.539176056045108, 5008050.567087560892105 ], [ 530824.539184784749523, 5008050.567087644711137 ], [ 530824.547769388766028, 5008050.567169669084251 ], [ 530824.573605271056294, 5008050.558976960368454 ], [ 530824.590956270811148, 5008050.542246426455677 ], [ 530824.59963186760433, 5008050.533872566185892 ], [ 530824.608402627520263, 5008050.517060048878193 ], [ 530824.608593147713691, 5008050.500165548175573 ], [ 530824.608688310836442, 5008050.49172689113766 ], [ 530824.58590075140819, 5008050.229607596993446 ], [ 530824.58589202282019, 5008050.229607513174415 ], [ 530824.508665500907227, 5008050.228869625367224 ], [ 530824.488647218677215, 5008050.48212316352874 ], [ 530824.488551861606538, 5008050.490579006262124 ], [ 530824.488170821219683, 5008050.52436800673604 ], [ 530824.488075658096932, 5008050.532806663773954 ], [ 530824.49656054074876, 5008050.541344489902258 ], [ 530824.505045617348514, 5008050.549865128472447 ], [ 530824.522110739722848, 5008050.558484937995672 ], [ 530824.539176056045108, 5008050.567087560892105 ] ], [ [ 530830.631403764477, 5008050.625297857448459 ], [ 530830.639988368493505, 5008050.625379881821573 ], [ 530830.665824250783771, 5008050.617187173105776 ], [ 530830.683175250538625, 5008050.600456639192998 ], [ 530830.691850847331807, 5008050.592082778923213 ], [ 530830.70062160724774, 5008050.575270261615515 ], [ 530830.700812127441168, 5008050.558375760912895 ], [ 530830.700907290563919, 5008050.549937103874981 ], [ 530830.678119731135666, 5008050.287817809730768 ], [ 530830.678111002547666, 5008050.287817725911736 ], [ 530830.600884480634704, 5008050.287079838104546 ], [ 530830.580866198404692, 5008050.540333376266062 ], [ 530830.580770841334015, 5008050.548789218999445 ], [ 530830.58038980094716, 5008050.582578219473362 ], [ 530830.580294637824409, 5008050.591016876511276 ], [ 530830.588779520476237, 5008050.59955470263958 ], [ 530830.597264597075991, 5008050.608075341209769 ], [ 530830.614329719450325, 5008050.616695150732994 ], [ 530830.631395035772584, 5008050.625297773629427 ], [ 530830.631403764477, 5008050.625297857448459 ] ], [ [ 530847.964181960793212, 5008050.790909877978265 ], [ 530847.972766564809717, 5008050.790991902351379 ], [ 530847.998602447099984, 5008050.782799193635583 ], [ 530848.015953446854837, 5008050.766068659722805 ], [ 530848.024629043648019, 5008050.75769479945302 ], [ 530848.033399803563952, 5008050.740882282145321 ], [ 530848.03359032375738, 5008050.723987781442702 ], [ 530848.033685486880131, 5008050.715549124404788 ], [ 530848.010897927451879, 5008050.453429830260575 ], [ 530848.010889198863879, 5008050.453429746441543 ], [ 530847.933662676950917, 5008050.452691858634353 ], [ 530847.913644394720905, 5008050.705945396795869 ], [ 530847.913549037650228, 5008050.714401239529252 ], [ 530847.913167997263372, 5008050.748190240003169 ], [ 530847.913072834140621, 5008050.756628897041082 ], [ 530847.921557716792449, 5008050.765166723169386 ], [ 530847.930042793392204, 5008050.773687361739576 ], [ 530847.947107915766537, 5008050.782307171262801 ], [ 530847.964173232088797, 5008050.790909794159234 ], [ 530847.964181960793212, 5008050.790909877978265 ] ], [ [ 530827.585278999409638, 5008050.596192604862154 ], [ 530827.585287728114054, 5008050.596192688681185 ], [ 530827.593872332130559, 5008050.596274713054299 ], [ 530827.619708214420825, 5008050.588082004338503 ], [ 530827.637059214175679, 5008050.571351470425725 ], [ 530827.645734810968861, 5008050.56297761015594 ], [ 530827.654505570884794, 5008050.546165092848241 ], [ 530827.654696091078222, 5008050.529270592145622 ], [ 530827.654791254200973, 5008050.520831935107708 ], [ 530827.63200369477272, 5008050.258712640963495 ], [ 530827.63199496618472, 5008050.258712557144463 ], [ 530827.554768444271758, 5008050.257974669337273 ], [ 530827.534750162041746, 5008050.511228207498789 ], [ 530827.534654804971069, 5008050.519684050232172 ], [ 530827.534273764584213, 5008050.553473050706089 ], [ 530827.534178601461463, 5008050.561911707744002 ], [ 530827.542663484113291, 5008050.570449533872306 ], [ 530827.551148560713045, 5008050.578970172442496 ], [ 530827.568213683087379, 5008050.587589981965721 ], [ 530827.585278999409638, 5008050.596192604862154 ] ], [ [ 530851.010289268451743, 5008050.820014962926507 ], [ 530851.010297997156158, 5008050.820015046745539 ], [ 530851.018882601172663, 5008050.820097071118653 ], [ 530851.04471848346293, 5008050.811904362402856 ], [ 530851.062069483217783, 5008050.795173828490078 ], [ 530851.070745080010965, 5008050.786799968220294 ], [ 530851.079515839926898, 5008050.769987450912595 ], [ 530851.079706360120326, 5008050.753092950209975 ], [ 530851.079801523243077, 5008050.744654293172061 ], [ 530851.057013963814825, 5008050.482534999027848 ], [ 530851.057005235226825, 5008050.482534915208817 ], [ 530850.979778713313863, 5008050.481797027401626 ], [ 530850.959760431083851, 5008050.735050565563142 ], [ 530850.959665074013174, 5008050.743506408296525 ], [ 530850.959284033626318, 5008050.777295408770442 ], [ 530850.959188870503567, 5008050.785734065808356 ], [ 530850.967673753155395, 5008050.79427189193666 ], [ 530850.97615882975515, 5008050.802792530506849 ], [ 530850.993223952129483, 5008050.811412340030074 ], [ 530851.010289268451743, 5008050.820014962926507 ] ], [ [ 530828.116022135713138, 5008059.083551881834865 ], [ 530828.116030864417553, 5008059.083551965653896 ], [ 530828.124615468434058, 5008059.08363399002701 ], [ 530828.150451350724325, 5008059.075441281311214 ], [ 530828.167802350479178, 5008059.058710747398436 ], [ 530828.17647794727236, 5008059.050336887128651 ], [ 530828.185248707188293, 5008059.033524369820952 ], [ 530828.185439227381721, 5008059.016629869118333 ], [ 530828.185534390504472, 5008059.008191212080419 ], [ 530828.16274683107622, 5008058.746071917936206 ], [ 530828.16273810248822, 5008058.746071834117174 ], [ 530828.085511580575258, 5008058.745333946309984 ], [ 530828.065493298345245, 5008058.9985874844715 ], [ 530828.065397941274568, 5008059.007043327204883 ], [ 530828.065016900887713, 5008059.0408323276788 ], [ 530828.064921737764962, 5008059.049270984716713 ], [ 530828.07340662041679, 5008059.057808810845017 ], [ 530828.081891697016545, 5008059.066329449415207 ], [ 530828.098956819390878, 5008059.074949258938432 ], [ 530828.116022135713138, 5008059.083551881834865 ] ], [ [ 530831.162133807782084, 5008059.112657009623945 ], [ 530831.170718411798589, 5008059.112739033997059 ], [ 530831.196554294088855, 5008059.104546325281262 ], [ 530831.213905293843709, 5008059.087815791368484 ], [ 530831.222580890636891, 5008059.0794419310987 ], [ 530831.231351650552824, 5008059.062629413791001 ], [ 530831.231542170746252, 5008059.045734913088381 ], [ 530831.231637333869003, 5008059.037296256050467 ], [ 530831.20884977444075, 5008058.775176961906254 ], [ 530831.208841045852751, 5008058.775176878087223 ], [ 530831.131614523939788, 5008058.774438990280032 ], [ 530831.111596241709776, 5008059.027692528441548 ], [ 530831.111500884639099, 5008059.036148371174932 ], [ 530831.111119844252244, 5008059.069937371648848 ], [ 530831.111024681129493, 5008059.078376028686762 ], [ 530831.119509563781321, 5008059.086913854815066 ], [ 530831.127994640381075, 5008059.095434493385255 ], [ 530831.145059762755409, 5008059.10405430290848 ], [ 530831.162125079077668, 5008059.112656925804913 ], [ 530831.162133807782084, 5008059.112657009623945 ] ], [ [ 530835.263658417039551, 5008059.151863631792367 ], [ 530835.272243021056056, 5008059.151945656165481 ], [ 530835.298078903346322, 5008059.143752947449684 ], [ 530835.315429903101176, 5008059.127022413536906 ], [ 530835.324105499894358, 5008059.118648553267121 ], [ 530835.332876259810291, 5008059.101836035959423 ], [ 530835.333066780003719, 5008059.084941535256803 ], [ 530835.33316194312647, 5008059.076502878218889 ], [ 530835.310374383698218, 5008058.814383584074676 ], [ 530835.310365655110218, 5008058.814383500255644 ], [ 530835.233139133197255, 5008058.813645612448454 ], [ 530835.213120850967243, 5008059.06689915060997 ], [ 530835.213025493896566, 5008059.075354993343353 ], [ 530835.212644453509711, 5008059.10914399381727 ], [ 530835.21254929038696, 5008059.117582650855184 ], [ 530835.221034173038788, 5008059.126120476983488 ], [ 530835.229519249638543, 5008059.134641115553677 ], [ 530835.246584372012876, 5008059.143260925076902 ], [ 530835.263649688335136, 5008059.151863547973335 ], [ 530835.263658417039551, 5008059.151863631792367 ] ], [ [ 530841.355868668062612, 5008059.210073760710657 ], [ 530841.355877396767028, 5008059.210073844529688 ], [ 530841.364462000783533, 5008059.210155868902802 ], [ 530841.390297883073799, 5008059.201963160187006 ], [ 530841.407648882828653, 5008059.185232626274228 ], [ 530841.416324479621835, 5008059.176858766004443 ], [ 530841.425095239537768, 5008059.160046248696744 ], [ 530841.425285759731196, 5008059.143151747994125 ], [ 530841.425380922853947, 5008059.134713090956211 ], [ 530841.402593363425694, 5008058.872593796811998 ], [ 530841.402584634837694, 5008058.872593712992966 ], [ 530841.325358112924732, 5008058.871855825185776 ], [ 530841.30533983069472, 5008059.125109363347292 ], [ 530841.305244473624043, 5008059.133565206080675 ], [ 530841.304863433237188, 5008059.167354206554592 ], [ 530841.304768270114437, 5008059.175792863592505 ], [ 530841.313253152766265, 5008059.184330689720809 ], [ 530841.321738229366019, 5008059.192851328290999 ], [ 530841.338803351740353, 5008059.201471137814224 ], [ 530841.355868668062612, 5008059.210073760710657 ] ], [ [ 530838.309765724698082, 5008059.180968716740608 ], [ 530838.309774453402497, 5008059.18096880055964 ], [ 530838.318359057419002, 5008059.181050824932754 ], [ 530838.344194939709269, 5008059.172858116216958 ], [ 530838.361545939464122, 5008059.15612758230418 ], [ 530838.370221536257304, 5008059.147753722034395 ], [ 530838.378992296173237, 5008059.130941204726696 ], [ 530838.379182816366665, 5008059.114046704024076 ], [ 530838.379277979489416, 5008059.105608046986163 ], [ 530838.356490420061164, 5008058.843488752841949 ], [ 530838.356481691473164, 5008058.843488669022918 ], [ 530838.279255169560201, 5008058.842750781215727 ], [ 530838.259236887330189, 5008059.096004319377244 ], [ 530838.259141530259512, 5008059.104460162110627 ], [ 530838.258760489872657, 5008059.138249162584543 ], [ 530838.258665326749906, 5008059.146687819622457 ], [ 530838.267150209401734, 5008059.155225645750761 ], [ 530838.275635286001489, 5008059.163746284320951 ], [ 530838.292700408375822, 5008059.172366093844175 ], [ 530838.309765724698082, 5008059.180968716740608 ] ], [ [ 530844.401993433129974, 5008059.239179013296962 ], [ 530844.410578037146479, 5008059.239261037670076 ], [ 530844.436413919436745, 5008059.231068328954279 ], [ 530844.453764919191599, 5008059.214337795041502 ], [ 530844.462440515984781, 5008059.205963934771717 ], [ 530844.471211275900714, 5008059.189151417464018 ], [ 530844.471401796094142, 5008059.172256916761398 ], [ 530844.471496959216893, 5008059.163818259723485 ], [ 530844.44870939978864, 5008058.901698965579271 ], [ 530844.44870067120064, 5008058.90169888176024 ], [ 530844.371474149287678, 5008058.900960993953049 ], [ 530844.351455867057666, 5008059.154214532114565 ], [ 530844.351360509986989, 5008059.162670374847949 ], [ 530844.350979469600134, 5008059.196459375321865 ], [ 530844.350884306477383, 5008059.204898032359779 ], [ 530844.359369189129211, 5008059.213435858488083 ], [ 530844.367854265728965, 5008059.221956497058272 ], [ 530844.384919388103299, 5008059.230576306581497 ], [ 530844.401984704425558, 5008059.23917892947793 ], [ 530844.401993433129974, 5008059.239179013296962 ] ], [ [ 530825.069914828054607, 5008059.054446796886623 ], [ 530825.078499432071112, 5008059.054528821259737 ], [ 530825.104335314361379, 5008059.046336112543941 ], [ 530825.121686314116232, 5008059.029605578631163 ], [ 530825.130361910909414, 5008059.021231718361378 ], [ 530825.139132670825347, 5008059.004419201053679 ], [ 530825.139323191018775, 5008058.987524700351059 ], [ 530825.139418354141526, 5008058.979086043313146 ], [ 530825.116630794713274, 5008058.716966749168932 ], [ 530825.116622066125274, 5008058.716966665349901 ], [ 530825.039395544212312, 5008058.71622877754271 ], [ 530825.019377261982299, 5008058.969482315704226 ], [ 530825.019281904911622, 5008058.97793815843761 ], [ 530825.018900864524767, 5008059.011727158911526 ], [ 530825.018805701402016, 5008059.02016581594944 ], [ 530825.027290584053844, 5008059.028703642077744 ], [ 530825.035775660653599, 5008059.037224280647933 ], [ 530825.052840783027932, 5008059.045844090171158 ], [ 530825.069906099350192, 5008059.054446713067591 ], [ 530825.069914828054607, 5008059.054446796886623 ] ], [ [ 530834.20824984414503, 5008059.141762178391218 ], [ 530834.216834448161535, 5008059.141844202764332 ], [ 530834.242670330451801, 5008059.133651494048536 ], [ 530834.260021330206655, 5008059.116920960135758 ], [ 530834.268696926999837, 5008059.108547099865973 ], [ 530834.27746768691577, 5008059.091734582558274 ], [ 530834.277658207109198, 5008059.074840081855655 ], [ 530834.277753370231949, 5008059.066401424817741 ], [ 530834.254965810803697, 5008058.804282130673528 ], [ 530834.254957082215697, 5008058.804282046854496 ], [ 530834.177730560302734, 5008058.803544159047306 ], [ 530834.157712278072722, 5008059.056797697208822 ], [ 530834.157616921002045, 5008059.065253539942205 ], [ 530834.15723588061519, 5008059.099042540416121 ], [ 530834.157140717492439, 5008059.107481197454035 ], [ 530834.165625600144267, 5008059.116019023582339 ], [ 530834.174110676744021, 5008059.124539662152529 ], [ 530834.191175799118355, 5008059.133159471675754 ], [ 530834.208241115440615, 5008059.141762094572186 ], [ 530834.20824984414503, 5008059.141762178391218 ] ], [ [ 530847.060936243855394, 5008008.370778796263039 ], [ 530847.06094497255981, 5008008.370778880082071 ], [ 530847.069529576576315, 5008008.370860904455185 ], [ 530847.095365458866581, 5008008.362668195739388 ], [ 530847.112716458621435, 5008008.345937661826611 ], [ 530847.121392055414617, 5008008.337563801556826 ], [ 530847.13016281533055, 5008008.320751284249127 ], [ 530847.130353335523978, 5008008.303856783546507 ], [ 530847.130448498646729, 5008008.295418126508594 ], [ 530847.107660939218476, 5008008.03329883236438 ], [ 530847.107652210630476, 5008008.033298748545349 ], [ 530847.030425688717514, 5008008.032560860738158 ], [ 530847.010407406487502, 5008008.285814398899674 ], [ 530847.010312049416825, 5008008.294270241633058 ], [ 530847.00993100902997, 5008008.328059242106974 ], [ 530847.009835845907219, 5008008.336497899144888 ], [ 530847.018320728559047, 5008008.345035725273192 ], [ 530847.026805805158801, 5008008.353556363843381 ], [ 530847.043870927533135, 5008008.362176173366606 ], [ 530847.060936243855394, 5008008.370778796263039 ] ], [ [ 530850.10704791592434, 5008008.399883924052119 ], [ 530850.115632519940846, 5008008.399965948425233 ], [ 530850.141468402231112, 5008008.391773239709437 ], [ 530850.158819401985966, 5008008.375042705796659 ], [ 530850.167494998779148, 5008008.366668845526874 ], [ 530850.176265758695081, 5008008.349856328219175 ], [ 530850.176456278888509, 5008008.332961827516556 ], [ 530850.176551442011259, 5008008.324523170478642 ], [ 530850.153763882583007, 5008008.062403876334429 ], [ 530850.153755153995007, 5008008.062403792515397 ], [ 530850.076528632082045, 5008008.061665904708207 ], [ 530850.056510349852033, 5008008.314919442869723 ], [ 530850.056414992781356, 5008008.323375285603106 ], [ 530850.0560339523945, 5008008.357164286077023 ], [ 530850.05593878927175, 5008008.365602943114936 ], [ 530850.064423671923578, 5008008.37414076924324 ], [ 530850.072908748523332, 5008008.38266140781343 ], [ 530850.089973870897666, 5008008.391281217336655 ], [ 530850.107039187219925, 5008008.399883840233088 ], [ 530850.10704791592434, 5008008.399883924052119 ] ], [ [ 530854.208572525181808, 5008008.439090546220541 ], [ 530854.217157129198313, 5008008.439172570593655 ], [ 530854.242993011488579, 5008008.430979861877859 ], [ 530854.260344011243433, 5008008.414249327965081 ], [ 530854.269019608036615, 5008008.405875467695296 ], [ 530854.277790367952548, 5008008.389062950387597 ], [ 530854.277980888145976, 5008008.372168449684978 ], [ 530854.278076051268727, 5008008.363729792647064 ], [ 530854.255288491840474, 5008008.101610498502851 ], [ 530854.255279763252474, 5008008.101610414683819 ], [ 530854.178053241339512, 5008008.100872526876628 ], [ 530854.1580349591095, 5008008.354126065038145 ], [ 530854.157939602038823, 5008008.362581907771528 ], [ 530854.157558561651967, 5008008.396370908245444 ], [ 530854.157463398529217, 5008008.404809565283358 ], [ 530854.165948281181045, 5008008.413347391411662 ], [ 530854.174433357780799, 5008008.421868029981852 ], [ 530854.191498480155133, 5008008.430487839505076 ], [ 530854.208563796477392, 5008008.439090462401509 ], [ 530854.208572525181808, 5008008.439090546220541 ] ], [ [ 530860.300782776204869, 5008008.497300675138831 ], [ 530860.300791504909284, 5008008.497300758957863 ], [ 530860.30937610892579, 5008008.497382783330977 ], [ 530860.335211991216056, 5008008.48919007461518 ], [ 530860.35256299097091, 5008008.472459540702403 ], [ 530860.361238587764092, 5008008.464085680432618 ], [ 530860.370009347680025, 5008008.447273163124919 ], [ 530860.370199867873453, 5008008.430378662422299 ], [ 530860.370295030996203, 5008008.421940005384386 ], [ 530860.347507471567951, 5008008.159820711240172 ], [ 530860.347498742979951, 5008008.159820627421141 ], [ 530860.270272221066989, 5008008.15908273961395 ], [ 530860.250253938836977, 5008008.412336277775466 ], [ 530860.2501585817663, 5008008.42079212050885 ], [ 530860.249777541379444, 5008008.454581120982766 ], [ 530860.249682378256693, 5008008.46301977802068 ], [ 530860.258167260908522, 5008008.471557604148984 ], [ 530860.266652337508276, 5008008.480078242719173 ], [ 530860.28371745988261, 5008008.488698052242398 ], [ 530860.300782776204869, 5008008.497300675138831 ] ], [ [ 530857.254679832840338, 5008008.468195631168783 ], [ 530857.254688561544754, 5008008.468195714987814 ], [ 530857.263273165561259, 5008008.468277739360929 ], [ 530857.289109047851525, 5008008.460085030645132 ], [ 530857.306460047606379, 5008008.443354496732354 ], [ 530857.315135644399561, 5008008.434980636462569 ], [ 530857.323906404315494, 5008008.418168119154871 ], [ 530857.324096924508922, 5008008.401273618452251 ], [ 530857.324192087631673, 5008008.392834961414337 ], [ 530857.30140452820342, 5008008.130715667270124 ], [ 530857.30139579961542, 5008008.130715583451092 ], [ 530857.224169277702458, 5008008.129977695643902 ], [ 530857.204150995472446, 5008008.383231233805418 ], [ 530857.204055638401769, 5008008.391687076538801 ], [ 530857.203674598014913, 5008008.425476077012718 ], [ 530857.203579434892163, 5008008.433914734050632 ], [ 530857.212064317543991, 5008008.442452560178936 ], [ 530857.220549394143745, 5008008.450973198749125 ], [ 530857.237614516518079, 5008008.45959300827235 ], [ 530857.254679832840338, 5008008.468195631168783 ] ], [ [ 530863.34690754127223, 5008008.526405927725136 ], [ 530863.355492145288736, 5008008.52648795209825 ], [ 530863.381328027579002, 5008008.518295243382454 ], [ 530863.398679027333856, 5008008.501564709469676 ], [ 530863.407354624127038, 5008008.493190849199891 ], [ 530863.416125384042971, 5008008.476378331892192 ], [ 530863.416315904236399, 5008008.459483831189573 ], [ 530863.416411067359149, 5008008.451045174151659 ], [ 530863.393623507930897, 5008008.188925880007446 ], [ 530863.393614779342897, 5008008.188925796188414 ], [ 530863.316388257429935, 5008008.188187908381224 ], [ 530863.296369975199923, 5008008.44144144654274 ], [ 530863.296274618129246, 5008008.449897289276123 ], [ 530863.29589357774239, 5008008.48368628975004 ], [ 530863.29579841461964, 5008008.492124946787953 ], [ 530863.304283297271468, 5008008.500662772916257 ], [ 530863.312768373871222, 5008008.509183411486447 ], [ 530863.329833496245556, 5008008.517803221009672 ], [ 530863.346898812567815, 5008008.526405843906105 ], [ 530863.34690754127223, 5008008.526405927725136 ] ], [ [ 530844.014828936196864, 5008008.341673711314797 ], [ 530844.023413540213369, 5008008.341755735687912 ], [ 530844.049249422503635, 5008008.333563026972115 ], [ 530844.066600422258489, 5008008.316832493059337 ], [ 530844.075276019051671, 5008008.308458632789552 ], [ 530844.084046778967604, 5008008.291646115481853 ], [ 530844.084237299161032, 5008008.274751614779234 ], [ 530844.084332462283783, 5008008.26631295774132 ], [ 530844.06154490285553, 5008008.004193663597107 ], [ 530844.06153617426753, 5008008.004193579778075 ], [ 530843.984309652354568, 5008008.003455691970885 ], [ 530843.964291370124556, 5008008.256709230132401 ], [ 530843.964196013053879, 5008008.265165072865784 ], [ 530843.963814972667024, 5008008.298954073339701 ], [ 530843.963719809544273, 5008008.307392730377614 ], [ 530843.972204692196101, 5008008.315930556505919 ], [ 530843.980689768795855, 5008008.324451195076108 ], [ 530843.997754891170189, 5008008.333071004599333 ], [ 530844.014820207492448, 5008008.341673627495766 ], [ 530844.014828936196864, 5008008.341673711314797 ] ], [ [ 530853.153163952287287, 5008008.428989092819393 ], [ 530853.161748556303792, 5008008.429071117192507 ], [ 530853.187584438594058, 5008008.42087840847671 ], [ 530853.204935438348912, 5008008.404147874563932 ], [ 530853.213611035142094, 5008008.395774014294147 ], [ 530853.222381795058027, 5008008.378961496986449 ], [ 530853.222572315251455, 5008008.362066996283829 ], [ 530853.222667478374206, 5008008.353628339245915 ], [ 530853.199879918945953, 5008008.091509045101702 ], [ 530853.199871190357953, 5008008.09150896128267 ], [ 530853.122644668444991, 5008008.09077107347548 ], [ 530853.102626386214979, 5008008.344024611636996 ], [ 530853.102531029144302, 5008008.352480454370379 ], [ 530853.102149988757446, 5008008.386269454844296 ], [ 530853.102054825634696, 5008008.39470811188221 ], [ 530853.110539708286524, 5008008.403245938010514 ], [ 530853.119024784886278, 5008008.411766576580703 ], [ 530853.136089907260612, 5008008.420386386103928 ], [ 530853.153155223582871, 5008008.428989009000361 ], [ 530853.153163952287287, 5008008.428989092819393 ] ], [ [ 530818.541574419941753, 5007991.13369158655405 ], [ 530818.550159023958258, 5007991.133773610927165 ], [ 530818.575994906248525, 5007991.125580902211368 ], [ 530818.593345906003378, 5007991.10885036829859 ], [ 530818.602021502796561, 5007991.100476508028805 ], [ 530818.610792262712494, 5007991.083663990721107 ], [ 530818.610982782905921, 5007991.066769490018487 ], [ 530818.611077946028672, 5007991.058330832980573 ], [ 530818.58829038660042, 5007990.79621153883636 ], [ 530818.58828165801242, 5007990.796211455017328 ], [ 530818.511055136099458, 5007990.795473567210138 ], [ 530818.491036853869446, 5007991.048727105371654 ], [ 530818.490941496798769, 5007991.057182948105037 ], [ 530818.490560456411913, 5007991.090971948578954 ], [ 530818.490465293289162, 5007991.099410605616868 ], [ 530818.49895017594099, 5007991.107948431745172 ], [ 530818.507435252540745, 5007991.116469070315361 ], [ 530818.524500374915078, 5007991.125088879838586 ], [ 530818.541565691237338, 5007991.133691502735019 ], [ 530818.541574419941753, 5007991.13369158655405 ] ], [ [ 530831.772849634871818, 5007991.260114379227161 ], [ 530831.781434238888323, 5007991.260196403600276 ], [ 530831.80727012117859, 5007991.252003694884479 ], [ 530831.824621120933443, 5007991.235273160971701 ], [ 530831.833296717726626, 5007991.226899300701916 ], [ 530831.842067477642559, 5007991.210086783394217 ], [ 530831.842257997835986, 5007991.193192282691598 ], [ 530831.842353160958737, 5007991.184753625653684 ], [ 530831.819565601530485, 5007990.922634331509471 ], [ 530831.819556872942485, 5007990.922634247690439 ], [ 530831.742330351029523, 5007990.921896359883249 ], [ 530831.722312068799511, 5007991.175149898044765 ], [ 530831.722216711728834, 5007991.183605740778148 ], [ 530831.721835671341978, 5007991.217394741252065 ], [ 530831.721740508219227, 5007991.225833398289979 ], [ 530831.730225390871055, 5007991.234371224418283 ], [ 530831.73871046747081, 5007991.242891862988472 ], [ 530831.755775589845143, 5007991.251511672511697 ], [ 530831.772840906167403, 5007991.26011429540813 ], [ 530831.772849634871818, 5007991.260114379227161 ] ], [ [ 530832.82824094418902, 5007991.270198479294777 ], [ 530832.828249672893435, 5007991.270198563113809 ], [ 530832.83683427690994, 5007991.270280587486923 ], [ 530832.862670159200206, 5007991.262087878771126 ], [ 530832.88002115895506, 5007991.245357344858348 ], [ 530832.888696755748242, 5007991.236983484588563 ], [ 530832.897467515664175, 5007991.220170967280865 ], [ 530832.897658035857603, 5007991.203276466578245 ], [ 530832.897753198980354, 5007991.194837809540331 ], [ 530832.874965639552101, 5007990.932718515396118 ], [ 530832.874956910964102, 5007990.932718431577086 ], [ 530832.797730389051139, 5007990.931980543769896 ], [ 530832.777712106821127, 5007991.185234081931412 ], [ 530832.77761674975045, 5007991.193689924664795 ], [ 530832.777235709363595, 5007991.227478925138712 ], [ 530832.777140546240844, 5007991.235917582176626 ], [ 530832.785625428892672, 5007991.24445540830493 ], [ 530832.794110505492426, 5007991.252976046875119 ], [ 530832.81117562786676, 5007991.261595856398344 ], [ 530832.82824094418902, 5007991.270198479294777 ] ], [ [ 530821.587690456304699, 5007991.162796755321324 ], [ 530821.596275060321204, 5007991.162878779694438 ], [ 530821.622110942611471, 5007991.154686070978642 ], [ 530821.639461942366324, 5007991.137955537065864 ], [ 530821.648137539159507, 5007991.129581676796079 ], [ 530821.65690829907544, 5007991.11276915948838 ], [ 530821.657098819268867, 5007991.09587465878576 ], [ 530821.657193982391618, 5007991.087436001747847 ], [ 530821.634406422963366, 5007990.825316707603633 ], [ 530821.634397694375366, 5007990.825316623784602 ], [ 530821.557171172462404, 5007990.824578735977411 ], [ 530821.537152890232392, 5007991.077832274138927 ], [ 530821.537057533161715, 5007991.086288116872311 ], [ 530821.536676492774859, 5007991.120077117346227 ], [ 530821.536581329652108, 5007991.128515774384141 ], [ 530821.545066212303936, 5007991.137053600512445 ], [ 530821.553551288903691, 5007991.145574239082634 ], [ 530821.570616411278024, 5007991.154194048605859 ], [ 530821.587681727600284, 5007991.162796671502292 ], [ 530821.587690456304699, 5007991.162796755321324 ] ], [ [ 530825.680630655144341, 5007991.20190416648984 ], [ 530825.689215259160846, 5007991.201986190862954 ], [ 530825.715051141451113, 5007991.193793482147157 ], [ 530825.732402141205966, 5007991.177062948234379 ], [ 530825.741077737999149, 5007991.168689087964594 ], [ 530825.749848497915082, 5007991.151876570656896 ], [ 530825.750039018108509, 5007991.134982069954276 ], [ 530825.75013418123126, 5007991.126543412916362 ], [ 530825.727346621803008, 5007990.864424118772149 ], [ 530825.727337893215008, 5007990.864424034953117 ], [ 530825.650111371302046, 5007990.863686147145927 ], [ 530825.630093089072034, 5007991.116939685307443 ], [ 530825.629997732001357, 5007991.125395528040826 ], [ 530825.629616691614501, 5007991.159184528514743 ], [ 530825.62952152849175, 5007991.167623185552657 ], [ 530825.638006411143579, 5007991.176161011680961 ], [ 530825.646491487743333, 5007991.18468165025115 ], [ 530825.663556610117666, 5007991.193301459774375 ], [ 530825.680621926439926, 5007991.201904082670808 ], [ 530825.680630655144341, 5007991.20190416648984 ] ], [ [ 530822.63450589007698, 5007991.172798913903534 ], [ 530822.634514618781395, 5007991.172798997722566 ], [ 530822.6430992227979, 5007991.17288102209568 ], [ 530822.668935105088167, 5007991.164688313379884 ], [ 530822.68628610484302, 5007991.147957779467106 ], [ 530822.694961701636203, 5007991.139583919197321 ], [ 530822.703732461552136, 5007991.122771401889622 ], [ 530822.703922981745563, 5007991.105876901187003 ], [ 530822.704018144868314, 5007991.097438244149089 ], [ 530822.681230585440062, 5007990.835318950004876 ], [ 530822.681221856852062, 5007990.835318866185844 ], [ 530822.6039953349391, 5007990.834580978378654 ], [ 530822.583977052709088, 5007991.08783451654017 ], [ 530822.583881695638411, 5007991.096290359273553 ], [ 530822.583500655251555, 5007991.130079359747469 ], [ 530822.583405492128804, 5007991.138518016785383 ], [ 530822.591890374780633, 5007991.147055842913687 ], [ 530822.600375451380387, 5007991.155576481483877 ], [ 530822.61744057375472, 5007991.164196291007102 ], [ 530822.63450589007698, 5007991.172798913903534 ] ], [ [ 530828.726724869804457, 5007991.231009126640856 ], [ 530828.726733598508872, 5007991.231009210459888 ], [ 530828.735318202525377, 5007991.231091234833002 ], [ 530828.761154084815644, 5007991.222898526117206 ], [ 530828.778505084570497, 5007991.206167992204428 ], [ 530828.787180681363679, 5007991.197794131934643 ], [ 530828.795951441279612, 5007991.180981614626944 ], [ 530828.79614196147304, 5007991.164087113924325 ], [ 530828.796237124595791, 5007991.155648456886411 ], [ 530828.773449565167539, 5007990.893529162742198 ], [ 530828.773440836579539, 5007990.893529078923166 ], [ 530828.696214314666577, 5007990.892791191115975 ], [ 530828.676196032436565, 5007991.146044729277492 ], [ 530828.676100675365888, 5007991.154500572010875 ], [ 530828.675719634979032, 5007991.188289572484791 ], [ 530828.675624471856281, 5007991.196728229522705 ], [ 530828.684109354508109, 5007991.205266055651009 ], [ 530828.692594431107864, 5007991.213786694221199 ], [ 530828.709659553482197, 5007991.222406503744423 ], [ 530828.726724869804457, 5007991.231009126640856 ] ], [ [ 530812.449346711509861, 5007991.075481289997697 ], [ 530812.449355440214276, 5007991.075481373816729 ], [ 530812.457940044230781, 5007991.075563398189843 ], [ 530812.483775926521048, 5007991.067370689474046 ], [ 530812.501126926275901, 5007991.050640155561268 ], [ 530812.509802523069084, 5007991.042266295291483 ], [ 530812.518573282985017, 5007991.025453777983785 ], [ 530812.518763803178445, 5007991.008559277281165 ], [ 530812.518858966301195, 5007991.000120620243251 ], [ 530812.496071406872943, 5007990.738001326099038 ], [ 530812.496062678284943, 5007990.738001242280006 ], [ 530812.418836156371981, 5007990.737263354472816 ], [ 530812.398817874141969, 5007990.990516892634332 ], [ 530812.398722517071292, 5007990.998972735367715 ], [ 530812.398341476684436, 5007991.032761735841632 ], [ 530812.398246313561685, 5007991.041200392879546 ], [ 530812.406731196213514, 5007991.04973821900785 ], [ 530812.415216272813268, 5007991.058258857578039 ], [ 530812.432281395187601, 5007991.066878667101264 ], [ 530812.449346711509861, 5007991.075481289997697 ] ], [ [ 530815.495471476577222, 5007991.104586542584002 ], [ 530815.504056080593728, 5007991.104668566957116 ], [ 530815.529891962883994, 5007991.09647585824132 ], [ 530815.547242962638848, 5007991.079745324328542 ], [ 530815.55591855943203, 5007991.071371464058757 ], [ 530815.564689319347963, 5007991.054558946751058 ], [ 530815.564879839541391, 5007991.037664446048439 ], [ 530815.564975002664141, 5007991.029225789010525 ], [ 530815.542187443235889, 5007990.767106494866312 ], [ 530815.542178714647889, 5007990.76710641104728 ], [ 530815.464952192734927, 5007990.766368523240089 ], [ 530815.444933910504915, 5007991.019622061401606 ], [ 530815.444838553434238, 5007991.028077904134989 ], [ 530815.444457513047382, 5007991.061866904608905 ], [ 530815.444362349924631, 5007991.070305561646819 ], [ 530815.45284723257646, 5007991.078843387775123 ], [ 530815.461332309176214, 5007991.087364026345313 ], [ 530815.478397431550547, 5007991.095983835868537 ], [ 530815.495462747872807, 5007991.10458645876497 ], [ 530815.495471476577222, 5007991.104586542584002 ] ], [ [ 530802.255611657397822, 5007990.978081724606454 ], [ 530802.255620386102237, 5007990.978081808425486 ], [ 530802.264204990118742, 5007990.9781638327986 ], [ 530802.290040872409008, 5007990.969971124082804 ], [ 530802.307391872163862, 5007990.953240590170026 ], [ 530802.316067468957044, 5007990.944866729900241 ], [ 530802.324838228872977, 5007990.928054212592542 ], [ 530802.325028749066405, 5007990.911159711889923 ], [ 530802.325123912189156, 5007990.902721054852009 ], [ 530802.302336352760904, 5007990.640601760707796 ], [ 530802.302327624172904, 5007990.640601676888764 ], [ 530802.225101102259941, 5007990.639863789081573 ], [ 530802.205082820029929, 5007990.89311732724309 ], [ 530802.204987462959252, 5007990.901573169976473 ], [ 530802.204606422572397, 5007990.935362170450389 ], [ 530802.204511259449646, 5007990.943800827488303 ], [ 530802.212996142101474, 5007990.952338653616607 ], [ 530802.221481218701228, 5007990.960859292186797 ], [ 530802.238546341075562, 5007990.969479101710021 ], [ 530802.255611657397822, 5007990.978081724606454 ] ], [ [ 530805.301736422465183, 5007991.00718697719276 ], [ 530805.310321026481688, 5007991.007269001565874 ], [ 530805.336156908771954, 5007990.999076292850077 ], [ 530805.353507908526808, 5007990.982345758937299 ], [ 530805.36218350531999, 5007990.973971898667514 ], [ 530805.370954265235923, 5007990.957159381359816 ], [ 530805.371144785429351, 5007990.940264880657196 ], [ 530805.371239948552102, 5007990.931826223619282 ], [ 530805.34845238912385, 5007990.669706929475069 ], [ 530805.34844366053585, 5007990.669706845656037 ], [ 530805.271217138622887, 5007990.668968957848847 ], [ 530805.251198856392875, 5007990.922222496010363 ], [ 530805.251103499322198, 5007990.930678338743746 ], [ 530805.250722458935343, 5007990.964467339217663 ], [ 530805.250627295812592, 5007990.972905996255577 ], [ 530805.25911217846442, 5007990.981443822383881 ], [ 530805.267597255064175, 5007990.98996446095407 ], [ 530805.284662377438508, 5007990.998584270477295 ], [ 530805.301727693760768, 5007991.007186893373728 ], [ 530805.301736422465183, 5007991.00718697719276 ] ], [ [ 530835.874365709256381, 5007991.299303731881082 ], [ 530835.882950313272886, 5007991.299385756254196 ], [ 530835.908786195563152, 5007991.2911930475384 ], [ 530835.926137195318006, 5007991.274462513625622 ], [ 530835.934812792111188, 5007991.266088653355837 ], [ 530835.943583552027121, 5007991.249276136048138 ], [ 530835.943774072220549, 5007991.232381635345519 ], [ 530835.9438692353433, 5007991.223942978307605 ], [ 530835.921081675915048, 5007990.961823684163392 ], [ 530835.921072947327048, 5007990.96182360034436 ], [ 530835.843846425414085, 5007990.961085712537169 ], [ 530835.823828143184073, 5007991.214339250698686 ], [ 530835.823732786113396, 5007991.222795093432069 ], [ 530835.823351745726541, 5007991.256584093905985 ], [ 530835.82325658260379, 5007991.265022750943899 ], [ 530835.831741465255618, 5007991.273560577072203 ], [ 530835.840226541855372, 5007991.282081215642393 ], [ 530835.857291664229706, 5007991.290701025165617 ], [ 530835.874356980551966, 5007991.29930364806205 ], [ 530835.874365709256381, 5007991.299303731881082 ] ], [ [ 530838.920459923916496, 5007991.328408692032099 ], [ 530838.920468652620912, 5007991.32840877585113 ], [ 530838.929053256637417, 5007991.328490800224245 ], [ 530838.954889138927683, 5007991.320298091508448 ], [ 530838.972240138682537, 5007991.30356755759567 ], [ 530838.980915735475719, 5007991.295193697325885 ], [ 530838.989686495391652, 5007991.278381180018187 ], [ 530838.98987701558508, 5007991.261486679315567 ], [ 530838.989972178707831, 5007991.253048022277653 ], [ 530838.967184619279578, 5007990.99092872813344 ], [ 530838.967175890691578, 5007990.990928644314408 ], [ 530838.889949368778616, 5007990.990190756507218 ], [ 530838.869931086548604, 5007991.243444294668734 ], [ 530838.869835729477927, 5007991.251900137402117 ], [ 530838.869454689091071, 5007991.285689137876034 ], [ 530838.869359525968321, 5007991.294127794913948 ], [ 530838.877844408620149, 5007991.302665621042252 ], [ 530838.886329485219903, 5007991.311186259612441 ], [ 530838.903394607594237, 5007991.319806069135666 ], [ 530838.920459923916496, 5007991.328408692032099 ] ], [ [ 530841.966584688983858, 5007991.357513944618404 ], [ 530841.975169293000363, 5007991.357595968991518 ], [ 530842.001005175290629, 5007991.349403260275722 ], [ 530842.018356175045483, 5007991.332672726362944 ], [ 530842.027031771838665, 5007991.324298866093159 ], [ 530842.035802531754598, 5007991.30748634878546 ], [ 530842.035993051948026, 5007991.29059184808284 ], [ 530842.036088215070777, 5007991.282153191044927 ], [ 530842.013300655642524, 5007991.020033896900713 ], [ 530842.013291927054524, 5007991.020033813081682 ], [ 530841.936065405141562, 5007991.019295925274491 ], [ 530841.91604712291155, 5007991.272549463436007 ], [ 530841.915951765840873, 5007991.281005306169391 ], [ 530841.915570725454018, 5007991.314794306643307 ], [ 530841.915475562331267, 5007991.323232963681221 ], [ 530841.923960444983095, 5007991.331770789809525 ], [ 530841.932445521582849, 5007991.340291428379714 ], [ 530841.949510643957183, 5007991.348911237902939 ], [ 530841.966575960279442, 5007991.357513860799372 ], [ 530841.966584688983858, 5007991.357513944618404 ] ], [ [ 530808.347830637125298, 5007991.036291937343776 ], [ 530808.347839365829714, 5007991.036292021162808 ], [ 530808.356423969846219, 5007991.036374045535922 ], [ 530808.382259852136485, 5007991.028181336820126 ], [ 530808.399610851891339, 5007991.011450802907348 ], [ 530808.408286448684521, 5007991.003076942637563 ], [ 530808.417057208600454, 5007990.986264425329864 ], [ 530808.417247728793882, 5007990.969369924627244 ], [ 530808.417342891916633, 5007990.960931267589331 ], [ 530808.39455533248838, 5007990.698811973445117 ], [ 530808.39454660390038, 5007990.698811889626086 ], [ 530808.317320081987418, 5007990.698074001818895 ], [ 530808.297301799757406, 5007990.951327539980412 ], [ 530808.297206442686729, 5007990.959783382713795 ], [ 530808.296825402299874, 5007990.993572383187711 ], [ 530808.296730239177123, 5007991.002011040225625 ], [ 530808.305215121828951, 5007991.010548866353929 ], [ 530808.313700198428705, 5007991.019069504924119 ], [ 530808.330765320803039, 5007991.027689314447343 ], [ 530808.347830637125298, 5007991.036291937343776 ] ], [ [ 530811.393946673488244, 5007991.06539710611105 ], [ 530811.39395540219266, 5007991.065397189930081 ], [ 530811.402540006209165, 5007991.065479214303195 ], [ 530811.428375888499431, 5007991.057286505587399 ], [ 530811.445726888254285, 5007991.040555971674621 ], [ 530811.454402485047467, 5007991.032182111404836 ], [ 530811.4631732449634, 5007991.015369594097137 ], [ 530811.463363765156828, 5007990.998475093394518 ], [ 530811.463458928279579, 5007990.990036436356604 ], [ 530811.440671368851326, 5007990.727917142212391 ], [ 530811.440662640263326, 5007990.727917058393359 ], [ 530811.363436118350364, 5007990.727179170586169 ], [ 530811.343417836120352, 5007990.980432708747685 ], [ 530811.343322479049675, 5007990.988888551481068 ], [ 530811.34294143866282, 5007991.022677551954985 ], [ 530811.342846275540069, 5007991.031116208992898 ], [ 530811.351331158191897, 5007991.039654035121202 ], [ 530811.359816234791651, 5007991.048174673691392 ], [ 530811.376881357165985, 5007991.056794483214617 ], [ 530811.393946673488244, 5007991.06539710611105 ] ], [ [ 530852.905577504541725, 5007999.944331035017967 ], [ 530852.90558623324614, 5007999.944331118836999 ], [ 530852.914170837262645, 5007999.944413143210113 ], [ 530852.940006719552912, 5007999.936220434494317 ], [ 530852.957357719307765, 5007999.919489900581539 ], [ 530852.966033316100948, 5007999.911116040311754 ], [ 530852.974804076016881, 5007999.894303523004055 ], [ 530852.974994596210308, 5007999.877409022301435 ], [ 530852.975089759333059, 5007999.868970365263522 ], [ 530852.952302199904807, 5007999.606851071119308 ], [ 530852.952293471316807, 5007999.606850987300277 ], [ 530852.875066949403845, 5007999.606113099493086 ], [ 530852.855048667173833, 5007999.859366637654603 ], [ 530852.854953310103156, 5007999.867822480387986 ], [ 530852.8545722697163, 5007999.901611480861902 ], [ 530852.854477106593549, 5007999.910050137899816 ], [ 530852.862961989245377, 5007999.91858796402812 ], [ 530852.871447065845132, 5007999.92710860259831 ], [ 530852.888512188219465, 5007999.935728412121534 ], [ 530852.905577504541725, 5007999.944331035017967 ] ], [ [ 530855.951689176610671, 5007999.973436162807047 ], [ 530855.960273780627176, 5007999.973518187180161 ], [ 530855.986109662917443, 5007999.965325478464365 ], [ 530856.003460662672296, 5007999.948594944551587 ], [ 530856.012136259465478, 5007999.940221084281802 ], [ 530856.020907019381411, 5007999.923408566974103 ], [ 530856.021097539574839, 5007999.906514066271484 ], [ 530856.02119270269759, 5007999.89807540923357 ], [ 530855.998405143269338, 5007999.635956115089357 ], [ 530855.998396414681338, 5007999.635956031270325 ], [ 530855.921169892768376, 5007999.635218143463135 ], [ 530855.901151610538363, 5007999.888471681624651 ], [ 530855.901056253467686, 5007999.896927524358034 ], [ 530855.900675213080831, 5007999.930716524831951 ], [ 530855.90058004995808, 5007999.939155181869864 ], [ 530855.909064932609908, 5007999.947693007998168 ], [ 530855.917550009209663, 5007999.956213646568358 ], [ 530855.934615131583996, 5007999.964833456091583 ], [ 530855.951680447906256, 5007999.973436078988016 ], [ 530855.951689176610671, 5007999.973436162807047 ] ], [ [ 530858.997796484269202, 5008000.002541247755289 ], [ 530858.997805212973617, 5008000.002541331574321 ], [ 530859.006389816990122, 5008000.002623355947435 ], [ 530859.032225699280389, 5007999.994430647231638 ], [ 530859.049576699035242, 5007999.977700113318861 ], [ 530859.058252295828424, 5007999.969326253049076 ], [ 530859.067023055744357, 5007999.952513735741377 ], [ 530859.067213575937785, 5007999.935619235038757 ], [ 530859.067308739060536, 5007999.927180578000844 ], [ 530859.044521179632284, 5007999.66506128385663 ], [ 530859.044512451044284, 5007999.665061200037599 ], [ 530858.967285929131322, 5007999.664323312230408 ], [ 530858.947267646901309, 5007999.917576850391924 ], [ 530858.947172289830633, 5007999.926032693125308 ], [ 530858.946791249443777, 5007999.959821693599224 ], [ 530858.946696086321026, 5007999.968260350637138 ], [ 530858.955180968972854, 5007999.976798176765442 ], [ 530858.963666045572609, 5007999.985318815335631 ], [ 530858.980731167946942, 5007999.993938624858856 ], [ 530858.997796484269202, 5008000.002541247755289 ] ], [ [ 530849.859461468178779, 5007999.915225866250694 ], [ 530849.859470196883194, 5007999.915225950069726 ], [ 530849.868054800899699, 5007999.91530797444284 ], [ 530849.893890683189966, 5007999.907115265727043 ], [ 530849.911241682944819, 5007999.890384731814265 ], [ 530849.919917279738002, 5007999.88201087154448 ], [ 530849.928688039653935, 5007999.865198354236782 ], [ 530849.928878559847362, 5007999.848303853534162 ], [ 530849.928973722970113, 5007999.839865196496248 ], [ 530849.906186163541861, 5007999.577745902352035 ], [ 530849.906177434953861, 5007999.577745818533003 ], [ 530849.828950913040899, 5007999.577007930725813 ], [ 530849.808932630810887, 5007999.830261468887329 ], [ 530849.80883727374021, 5007999.838717311620712 ], [ 530849.808456233353354, 5007999.872506312094629 ], [ 530849.808361070230603, 5007999.880944969132543 ], [ 530849.816845952882431, 5007999.889482795260847 ], [ 530849.825331029482186, 5007999.898003433831036 ], [ 530849.842396151856519, 5007999.906623243354261 ], [ 530849.859461468178779, 5007999.915225866250694 ] ], [ [ 530864.402298753848299, 5008008.536498621106148 ], [ 530864.410883357864805, 5008008.536580645479262 ], [ 530864.436719240155071, 5008008.528387936763465 ], [ 530864.454070239909925, 5008008.511657402850688 ], [ 530864.462745836703107, 5008008.503283542580903 ], [ 530864.47151659661904, 5008008.486471025273204 ], [ 530864.471707116812468, 5008008.469576524570584 ], [ 530864.471802279935218, 5008008.46113786753267 ], [ 530864.449014720506966, 5008008.199018573388457 ], [ 530864.449005991918966, 5008008.199018489569426 ], [ 530864.371779470006004, 5008008.198280601762235 ], [ 530864.351761187775992, 5008008.451534139923751 ], [ 530864.351665830705315, 5008008.459989982657135 ], [ 530864.351284790318459, 5008008.493778983131051 ], [ 530864.351189627195708, 5008008.502217640168965 ], [ 530864.359674509847537, 5008008.510755466297269 ], [ 530864.368159586447291, 5008008.519276104867458 ], [ 530864.385224708821625, 5008008.527895914390683 ], [ 530864.402290025143884, 5008008.536498537287116 ], [ 530864.402298753848299, 5008008.536498621106148 ] ], [ [ 530870.494509004871361, 5008008.594708750024438 ], [ 530870.494517733575776, 5008008.59470883384347 ], [ 530870.503102337592281, 5008008.594790858216584 ], [ 530870.528938219882548, 5008008.586598149500787 ], [ 530870.546289219637401, 5008008.569867615588009 ], [ 530870.554964816430584, 5008008.561493755318224 ], [ 530870.563735576346517, 5008008.544681238010526 ], [ 530870.563926096539944, 5008008.527786737307906 ], [ 530870.564021259662695, 5008008.519348080269992 ], [ 530870.541233700234443, 5008008.257228786125779 ], [ 530870.541224971646443, 5008008.257228702306747 ], [ 530870.463998449733481, 5008008.256490814499557 ], [ 530870.443980167503469, 5008008.509744352661073 ], [ 530870.443884810432792, 5008008.518200195394456 ], [ 530870.443503770045936, 5008008.551989195868373 ], [ 530870.443408606923185, 5008008.560427852906287 ], [ 530870.451893489575014, 5008008.568965679034591 ], [ 530870.460378566174768, 5008008.57748631760478 ], [ 530870.477443688549101, 5008008.586106127128005 ], [ 530870.494509004871361, 5008008.594708750024438 ] ], [ [ 530867.44840606150683, 5008008.565603706054389 ], [ 530867.448414790211245, 5008008.565603789873421 ], [ 530867.456999394227751, 5008008.565685814246535 ], [ 530867.482835276518017, 5008008.557493105530739 ], [ 530867.500186276272871, 5008008.540762571617961 ], [ 530867.508861873066053, 5008008.532388711348176 ], [ 530867.517632632981986, 5008008.515576194040477 ], [ 530867.517823153175414, 5008008.498681693337858 ], [ 530867.517918316298164, 5008008.490243036299944 ], [ 530867.495130756869912, 5008008.228123742155731 ], [ 530867.495122028281912, 5008008.228123658336699 ], [ 530867.41789550636895, 5008008.227385770529509 ], [ 530867.397877224138938, 5008008.480639308691025 ], [ 530867.397781867068261, 5008008.489095151424408 ], [ 530867.397400826681405, 5008008.522884151898324 ], [ 530867.397305663558654, 5008008.531322808936238 ], [ 530867.405790546210483, 5008008.539860635064542 ], [ 530867.414275622810237, 5008008.548381273634732 ], [ 530867.431340745184571, 5008008.557001083157957 ], [ 530867.44840606150683, 5008008.565603706054389 ] ], [ [ 530873.540633769938722, 5008008.623814002610743 ], [ 530873.549218373955227, 5008008.623896026983857 ], [ 530873.575054256245494, 5008008.615703318268061 ], [ 530873.592405256000347, 5008008.598972784355283 ], [ 530873.60108085279353, 5008008.590598924085498 ], [ 530873.609851612709463, 5008008.573786406777799 ], [ 530873.61004213290289, 5008008.55689190607518 ], [ 530873.610137296025641, 5008008.548453249037266 ], [ 530873.587349736597389, 5008008.286333954893053 ], [ 530873.587341008009389, 5008008.286333871074021 ], [ 530873.510114486096427, 5008008.28559598326683 ], [ 530873.490096203866415, 5008008.538849521428347 ], [ 530873.490000846795738, 5008008.54730536416173 ], [ 530873.489619806408882, 5008008.581094364635646 ], [ 530873.489524643286131, 5008008.58953302167356 ], [ 530873.49800952593796, 5008008.598070847801864 ], [ 530873.506494602537714, 5008008.606591486372054 ], [ 530873.523559724912047, 5008008.615211295895278 ], [ 530873.540625041234307, 5008008.623813918791711 ], [ 530873.540633769938722, 5008008.623814002610743 ] ], [ [ 530838.145483353058808, 5008067.661678541451693 ], [ 530838.154067957075313, 5008067.661760565824807 ], [ 530838.179903839365579, 5008067.65356785710901 ], [ 530838.197254839120433, 5008067.636837323196232 ], [ 530838.205930435913615, 5008067.628463462926447 ], [ 530838.214701195829548, 5008067.611650945618749 ], [ 530838.214891716022976, 5008067.594756444916129 ], [ 530838.214986879145727, 5008067.586317787878215 ], [ 530838.192199319717474, 5008067.324198493734002 ], [ 530838.192190591129474, 5008067.32419840991497 ], [ 530838.114964069216512, 5008067.32346052210778 ], [ 530838.0949457869865, 5008067.576714060269296 ], [ 530838.094850429915823, 5008067.585169903002679 ], [ 530838.094469389528967, 5008067.618958903476596 ], [ 530838.094374226406217, 5008067.62739756051451 ], [ 530838.102859109058045, 5008067.635935386642814 ], [ 530838.111344185657799, 5008067.644456025213003 ], [ 530838.128409308032133, 5008067.653075834736228 ], [ 530838.145474624354392, 5008067.661678457632661 ], [ 530838.145483353058808, 5008067.661678541451693 ] ], [ [ 530829.007139608263969, 5008067.574363076128066 ], [ 530829.007148336968385, 5008067.574363159947097 ], [ 530829.01573294098489, 5008067.574445184320211 ], [ 530829.041568823275156, 5008067.566252475604415 ], [ 530829.05891982303001, 5008067.549521941691637 ], [ 530829.067595419823192, 5008067.541148081421852 ], [ 530829.076366179739125, 5008067.524335564114153 ], [ 530829.076556699932553, 5008067.507441063411534 ], [ 530829.076651863055304, 5008067.49900240637362 ], [ 530829.053864303627051, 5008067.236883112229407 ], [ 530829.053855575039051, 5008067.236883028410375 ], [ 530828.976629053126089, 5008067.236145140603185 ], [ 530828.956610770896077, 5008067.489398678764701 ], [ 530828.9565154138254, 5008067.497854521498084 ], [ 530828.956134373438545, 5008067.531643521972001 ], [ 530828.956039210315794, 5008067.540082179009914 ], [ 530828.964524092967622, 5008067.548620005138218 ], [ 530828.973009169567376, 5008067.557140643708408 ], [ 530828.99007429194171, 5008067.565760453231633 ], [ 530829.007139608263969, 5008067.574363076128066 ] ], [ [ 530832.053264373331331, 5008067.603468328714371 ], [ 530832.061848977347836, 5008067.603550353087485 ], [ 530832.087684859638102, 5008067.595357644371688 ], [ 530832.105035859392956, 5008067.57862711045891 ], [ 530832.113711456186138, 5008067.570253250189126 ], [ 530832.122482216102071, 5008067.553440732881427 ], [ 530832.122672736295499, 5008067.536546232178807 ], [ 530832.12276789941825, 5008067.528107575140893 ], [ 530832.099980339989997, 5008067.26598828099668 ], [ 530832.099971611401998, 5008067.265988197177649 ], [ 530832.022745089489035, 5008067.265250309370458 ], [ 530832.002726807259023, 5008067.518503847531974 ], [ 530832.002631450188346, 5008067.526959690265357 ], [ 530832.002250409801491, 5008067.560748690739274 ], [ 530832.00215524667874, 5008067.569187347777188 ], [ 530832.010640129330568, 5008067.577725173905492 ], [ 530832.019125205930322, 5008067.586245812475681 ], [ 530832.036190328304656, 5008067.594865621998906 ], [ 530832.053255644626915, 5008067.603468244895339 ], [ 530832.053264373331331, 5008067.603468328714371 ] ], [ [ 530835.099367316695862, 5008067.632573372684419 ], [ 530835.107951920712367, 5008067.632655397057533 ], [ 530835.133787803002633, 5008067.624462688341737 ], [ 530835.151138802757487, 5008067.607732154428959 ], [ 530835.159814399550669, 5008067.599358294159174 ], [ 530835.168585159466602, 5008067.582545776851475 ], [ 530835.16877567966003, 5008067.565651276148856 ], [ 530835.168870842782781, 5008067.557212619110942 ], [ 530835.146083283354528, 5008067.295093324966729 ], [ 530835.146074554766528, 5008067.295093241147697 ], [ 530835.068848032853566, 5008067.294355353340507 ], [ 530835.048829750623554, 5008067.547608891502023 ], [ 530835.048734393552877, 5008067.556064734235406 ], [ 530835.048353353166021, 5008067.589853734709322 ], [ 530835.048258190043271, 5008067.598292391747236 ], [ 530835.056743072695099, 5008067.60683021787554 ], [ 530835.065228149294853, 5008067.61535085644573 ], [ 530835.082293271669187, 5008067.623970665968955 ], [ 530835.099358587991446, 5008067.632573288865387 ], [ 530835.099367316695862, 5008067.632573372684419 ] ], [ [ 530793.054698894033208, 5008007.85476612765342 ], [ 530793.054707622737624, 5008007.854766211472452 ], [ 530793.063292226754129, 5008007.854848235845566 ], [ 530793.089128109044395, 5008007.846655527129769 ], [ 530793.106479108799249, 5008007.829924993216991 ], [ 530793.115154705592431, 5008007.821551132947206 ], [ 530793.123925465508364, 5008007.804738615639508 ], [ 530793.124115985701792, 5008007.787844114936888 ], [ 530793.124211148824543, 5008007.779405457898974 ], [ 530793.10142358939629, 5008007.517286163754761 ], [ 530793.101414860808291, 5008007.51728607993573 ], [ 530793.024188338895328, 5008007.516548192128539 ], [ 530793.004170056665316, 5008007.769801730290055 ], [ 530793.004074699594639, 5008007.778257573023438 ], [ 530793.003693659207784, 5008007.812046573497355 ], [ 530793.003598496085033, 5008007.820485230535269 ], [ 530793.012083378736861, 5008007.829023056663573 ], [ 530793.020568455336615, 5008007.837543695233762 ], [ 530793.037633577710949, 5008007.846163504756987 ], [ 530793.054698894033208, 5008007.85476612765342 ] ], [ [ 530785.811426135827787, 5008016.267854477278888 ], [ 530785.811434864532202, 5008016.26785456109792 ], [ 530785.820019468548708, 5008016.267936585471034 ], [ 530785.845855350838974, 5008016.259743876755238 ], [ 530785.863206350593828, 5008016.24301334284246 ], [ 530785.87188194738701, 5008016.234639482572675 ], [ 530785.880652707302943, 5008016.217826965264976 ], [ 530785.880843227496371, 5008016.200932464562356 ], [ 530785.880938390619121, 5008016.192493807524443 ], [ 530785.858150831190869, 5008015.930374513380229 ], [ 530785.858142102602869, 5008015.930374429561198 ], [ 530785.780915580689907, 5008015.929636541754007 ], [ 530785.760897298459895, 5008016.182890079915524 ], [ 530785.760801941389218, 5008016.191345922648907 ], [ 530785.760420901002362, 5008016.225134923122823 ], [ 530785.760325737879612, 5008016.233573580160737 ], [ 530785.76881062053144, 5008016.242111406289041 ], [ 530785.777295697131194, 5008016.250632044859231 ], [ 530785.794360819505528, 5008016.259251854382455 ], [ 530785.811426135827787, 5008016.267854477278888 ] ], [ [ 530788.857542172190733, 5008016.296959646046162 ], [ 530788.857550900895149, 5008016.296959729865193 ], [ 530788.866135504911654, 5008016.297041754238307 ], [ 530788.89197138720192, 5008016.288849045522511 ], [ 530788.909322386956774, 5008016.272118511609733 ], [ 530788.917997983749956, 5008016.263744651339948 ], [ 530788.926768743665889, 5008016.246932134032249 ], [ 530788.926959263859317, 5008016.23003763332963 ], [ 530788.927054426982068, 5008016.221598976291716 ], [ 530788.904266867553815, 5008015.959479682147503 ], [ 530788.904258138965815, 5008015.959479598328471 ], [ 530788.827031617052853, 5008015.958741710521281 ], [ 530788.807013334822841, 5008016.211995248682797 ], [ 530788.806917977752164, 5008016.22045109141618 ], [ 530788.806536937365308, 5008016.254240091890097 ], [ 530788.806441774242558, 5008016.26267874892801 ], [ 530788.814926656894386, 5008016.271216575056314 ], [ 530788.82341173349414, 5008016.279737213626504 ], [ 530788.840476855868474, 5008016.288357023149729 ], [ 530788.857542172190733, 5008016.296959646046162 ] ], [ [ 530791.903653844259679, 5008016.326064773835242 ], [ 530791.912238448276184, 5008016.326146798208356 ], [ 530791.938074330566451, 5008016.317954089492559 ], [ 530791.955425330321305, 5008016.301223555579782 ], [ 530791.964100927114487, 5008016.292849695309997 ], [ 530791.97287168703042, 5008016.276037178002298 ], [ 530791.973062207223848, 5008016.259142677299678 ], [ 530791.973157370346598, 5008016.250704020261765 ], [ 530791.950369810918346, 5008015.988584726117551 ], [ 530791.950361082330346, 5008015.98858464229852 ], [ 530791.873134560417384, 5008015.987846754491329 ], [ 530791.853116278187372, 5008016.241100292652845 ], [ 530791.853020921116695, 5008016.249556135386229 ], [ 530791.852639880729839, 5008016.283345135860145 ], [ 530791.852544717607088, 5008016.291783792898059 ], [ 530791.861029600258917, 5008016.300321619026363 ], [ 530791.869514676858671, 5008016.308842257596552 ], [ 530791.886579799233004, 5008016.317462067119777 ], [ 530791.903645115555264, 5008016.32606469001621 ], [ 530791.903653844259679, 5008016.326064773835242 ] ], [ [ 530779.429950491641648, 5008024.689177167601883 ], [ 530779.438535095658153, 5008024.689259191974998 ], [ 530779.46437097794842, 5008024.681066483259201 ], [ 530779.481721977703273, 5008024.664335949346423 ], [ 530779.490397574496455, 5008024.655962089076638 ], [ 530779.499168334412389, 5008024.639149571768939 ], [ 530779.499358854605816, 5008024.62225507106632 ], [ 530779.499454017728567, 5008024.613816414028406 ], [ 530779.476666458300315, 5008024.351697119884193 ], [ 530779.476657729712315, 5008024.351697036065161 ], [ 530779.399431207799353, 5008024.350959148257971 ], [ 530779.379412925569341, 5008024.604212686419487 ], [ 530779.379317568498664, 5008024.61266852915287 ], [ 530779.378936528111808, 5008024.646457529626787 ], [ 530779.378841364989057, 5008024.654896186664701 ], [ 530779.387326247640885, 5008024.663434012793005 ], [ 530779.39581132424064, 5008024.671954651363194 ], [ 530779.412876446614973, 5008024.680574460886419 ], [ 530779.429941762937233, 5008024.689177083782852 ], [ 530779.429950491641648, 5008024.689177167601883 ] ], [ [ 530782.476057799300179, 5008024.718282252550125 ], [ 530782.476066528004594, 5008024.718282336369157 ], [ 530782.484651132021099, 5008024.718364360742271 ], [ 530782.510487014311366, 5008024.710171652026474 ], [ 530782.527838014066219, 5008024.693441118113697 ], [ 530782.536513610859402, 5008024.685067257843912 ], [ 530782.545284370775335, 5008024.668254740536213 ], [ 530782.545474890968762, 5008024.651360239833593 ], [ 530782.545570054091513, 5008024.64292158279568 ], [ 530782.522782494663261, 5008024.380802288651466 ], [ 530782.522773766075261, 5008024.380802204832435 ], [ 530782.445547244162299, 5008024.380064317025244 ], [ 530782.425528961932287, 5008024.63331785518676 ], [ 530782.42543360486161, 5008024.641773697920144 ], [ 530782.425052564474754, 5008024.67556269839406 ], [ 530782.424957401352003, 5008024.684001355431974 ], [ 530782.433442284003831, 5008024.692539181560278 ], [ 530782.441927360603586, 5008024.701059820130467 ], [ 530782.458992482977919, 5008024.709679629653692 ], [ 530782.476057799300179, 5008024.718282252550125 ] ], [ [ 530785.52216074266471, 5008024.747387296520174 ], [ 530785.522169471369125, 5008024.747387380339205 ], [ 530785.53075407538563, 5008024.747469404712319 ], [ 530785.556589957675897, 5008024.739276695996523 ], [ 530785.57394095743075, 5008024.722546162083745 ], [ 530785.582616554223932, 5008024.71417230181396 ], [ 530785.591387314139865, 5008024.697359784506261 ], [ 530785.591577834333293, 5008024.680465283803642 ], [ 530785.591672997456044, 5008024.672026626765728 ], [ 530785.568885438027792, 5008024.409907332621515 ], [ 530785.568876709439792, 5008024.409907248802483 ], [ 530785.49165018752683, 5008024.409169360995293 ], [ 530785.471631905296817, 5008024.662422899156809 ], [ 530785.47153654822614, 5008024.670878741890192 ], [ 530785.471155507839285, 5008024.704667742364109 ], [ 530785.471060344716534, 5008024.713106399402022 ], [ 530785.479545227368362, 5008024.721644225530326 ], [ 530785.488030303968117, 5008024.730164864100516 ], [ 530785.50509542634245, 5008024.738784673623741 ], [ 530785.52216074266471, 5008024.747387296520174 ] ], [ [ 530788.568276779027656, 5008024.776492465287447 ], [ 530788.568285507732071, 5008024.776492549106479 ], [ 530788.576870111748576, 5008024.776574573479593 ], [ 530788.602705994038843, 5008024.768381864763796 ], [ 530788.620056993793696, 5008024.751651330851018 ], [ 530788.628732590586878, 5008024.743277470581234 ], [ 530788.637503350502811, 5008024.726464953273535 ], [ 530788.637693870696239, 5008024.709570452570915 ], [ 530788.63778903381899, 5008024.701131795533001 ], [ 530788.615001474390738, 5008024.439012501388788 ], [ 530788.614992745802738, 5008024.439012417569757 ], [ 530788.537766223889776, 5008024.438274529762566 ], [ 530788.517747941659763, 5008024.691528067924082 ], [ 530788.517652584589086, 5008024.699983910657465 ], [ 530788.517271544202231, 5008024.733772911131382 ], [ 530788.51717638107948, 5008024.742211568169296 ], [ 530788.525661263731308, 5008024.7507493942976 ], [ 530788.534146340331063, 5008024.759270032867789 ], [ 530788.551211462705396, 5008024.767889842391014 ], [ 530788.568276779027656, 5008024.776492465287447 ] ], [ [ 530789.623685545753688, 5008024.786576732993126 ], [ 530789.632270149770193, 5008024.78665875736624 ], [ 530789.658106032060459, 5008024.778466048650444 ], [ 530789.675457031815313, 5008024.761735514737666 ], [ 530789.684132628608495, 5008024.753361654467881 ], [ 530789.692903388524428, 5008024.736549137160182 ], [ 530789.693093908717856, 5008024.719654636457562 ], [ 530789.693189071840607, 5008024.711215979419649 ], [ 530789.670401512412354, 5008024.449096685275435 ], [ 530789.670392783824354, 5008024.449096601456404 ], [ 530789.593166261911392, 5008024.448358713649213 ], [ 530789.57314797968138, 5008024.70161225181073 ], [ 530789.573052622610703, 5008024.710068094544113 ], [ 530789.572671582223848, 5008024.743857095018029 ], [ 530789.572576419101097, 5008024.752295752055943 ], [ 530789.581061301752925, 5008024.760833578184247 ], [ 530789.589546378352679, 5008024.769354216754436 ], [ 530789.606611500727013, 5008024.777974026277661 ], [ 530789.623676817049272, 5008024.786576649174094 ], [ 530789.623685545753688, 5008024.786576732993126 ] ], [ [ 530792.669801582116634, 5008024.815681901760399 ], [ 530792.678386186133139, 5008024.815763926133513 ], [ 530792.704222068423405, 5008024.807571217417717 ], [ 530792.721573068178259, 5008024.790840683504939 ], [ 530792.730248664971441, 5008024.782466823235154 ], [ 530792.739019424887374, 5008024.765654305927455 ], [ 530792.739209945080802, 5008024.748759805224836 ], [ 530792.739305108203553, 5008024.740321148186922 ], [ 530792.7165175487753, 5008024.478201854042709 ], [ 530792.7165088201873, 5008024.478201770223677 ], [ 530792.639282298274338, 5008024.477463882416487 ], [ 530792.619264016044326, 5008024.730717420578003 ], [ 530792.619168658973649, 5008024.739173263311386 ], [ 530792.618787618586794, 5008024.772962263785303 ], [ 530792.618692455464043, 5008024.781400920823216 ], [ 530792.627177338115871, 5008024.78993874695152 ], [ 530792.635662414715625, 5008024.79845938552171 ], [ 530792.652727537089959, 5008024.807079195044935 ], [ 530792.669792853412218, 5008024.815681817941368 ], [ 530792.669801582116634, 5008024.815681901760399 ] ], [ [ 530783.260465440922417, 5008033.208073848858476 ], [ 530783.260474169626832, 5008033.208073932677507 ], [ 530783.269058773643337, 5008033.208155957050622 ], [ 530783.294894655933604, 5008033.199963248334825 ], [ 530783.312245655688457, 5008033.183232714422047 ], [ 530783.320921252481639, 5008033.174858854152262 ], [ 530783.329692012397572, 5008033.158046336844563 ], [ 530783.329882532591, 5008033.141151836141944 ], [ 530783.329977695713751, 5008033.13271317910403 ], [ 530783.307190136285499, 5008032.870593884959817 ], [ 530783.307181407697499, 5008032.870593801140785 ], [ 530783.229954885784537, 5008032.869855913333595 ], [ 530783.209936603554524, 5008033.123109451495111 ], [ 530783.209841246483847, 5008033.131565294228494 ], [ 530783.209460206096992, 5008033.165354294702411 ], [ 530783.209365042974241, 5008033.173792951740324 ], [ 530783.217849925626069, 5008033.182330777868629 ], [ 530783.226335002225824, 5008033.190851416438818 ], [ 530783.243400124600157, 5008033.199471225962043 ], [ 530783.260465440922417, 5008033.208073848858476 ] ], [ [ 530786.306581477285363, 5008033.237179017625749 ], [ 530786.306590205989778, 5008033.237179101444781 ], [ 530786.315174810006283, 5008033.237261125817895 ], [ 530786.34101069229655, 5008033.229068417102098 ], [ 530786.358361692051403, 5008033.212337883189321 ], [ 530786.367037288844585, 5008033.203964022919536 ], [ 530786.375808048760518, 5008033.187151505611837 ], [ 530786.375998568953946, 5008033.170257004909217 ], [ 530786.376093732076697, 5008033.161818347871304 ], [ 530786.353306172648445, 5008032.89969905372709 ], [ 530786.353297444060445, 5008032.899698969908059 ], [ 530786.276070922147483, 5008032.898961082100868 ], [ 530786.256052639917471, 5008033.152214620262384 ], [ 530786.255957282846794, 5008033.160670462995768 ], [ 530786.255576242459938, 5008033.194459463469684 ], [ 530786.255481079337187, 5008033.202898120507598 ], [ 530786.263965961989015, 5008033.211435946635902 ], [ 530786.27245103858877, 5008033.219956585206091 ], [ 530786.289516160963103, 5008033.228576394729316 ], [ 530786.306581477285363, 5008033.237179017625749 ] ], [ [ 530789.352684420649894, 5008033.266284061595798 ], [ 530789.352693149354309, 5008033.266284145414829 ], [ 530789.361277753370814, 5008033.266366169787943 ], [ 530789.38711363566108, 5008033.258173461072147 ], [ 530789.404464635415934, 5008033.241442927159369 ], [ 530789.413140232209116, 5008033.233069066889584 ], [ 530789.421910992125049, 5008033.216256549581885 ], [ 530789.422101512318477, 5008033.199362048879266 ], [ 530789.422196675441228, 5008033.190923391841352 ], [ 530789.399409116012976, 5008032.928804097697139 ], [ 530789.399400387424976, 5008032.928804013878107 ], [ 530789.322173865512013, 5008032.928066126070917 ], [ 530789.302155583282001, 5008033.181319664232433 ], [ 530789.302060226211324, 5008033.189775506965816 ], [ 530789.301679185824469, 5008033.223564507439733 ], [ 530789.301584022701718, 5008033.232003164477646 ], [ 530789.310068905353546, 5008033.24054099060595 ], [ 530789.318553981953301, 5008033.24906162917614 ], [ 530789.335619104327634, 5008033.257681438699365 ], [ 530789.352684420649894, 5008033.266284061595798 ] ], [ [ 530792.398809185717255, 5008033.295389314182103 ], [ 530792.40739378973376, 5008033.295471338555217 ], [ 530792.433229672024027, 5008033.28727862983942 ], [ 530792.45058067177888, 5008033.270548095926642 ], [ 530792.459256268572062, 5008033.262174235656857 ], [ 530792.468027028487995, 5008033.245361718349159 ], [ 530792.468217548681423, 5008033.228467217646539 ], [ 530792.468312711804174, 5008033.220028560608625 ], [ 530792.445525152375922, 5008032.957909266464412 ], [ 530792.445516423787922, 5008032.95790918264538 ], [ 530792.368289901874959, 5008032.95717129483819 ], [ 530792.348271619644947, 5008033.210424832999706 ], [ 530792.34817626257427, 5008033.218880675733089 ], [ 530792.347795222187415, 5008033.252669676207006 ], [ 530792.347700059064664, 5008033.26110833324492 ], [ 530792.356184941716492, 5008033.269646159373224 ], [ 530792.364670018316247, 5008033.278166797943413 ], [ 530792.38173514069058, 5008033.286786607466638 ], [ 530792.39880045701284, 5008033.295389230363071 ], [ 530792.398809185717255, 5008033.295389314182103 ] ], [ [ 530793.454209223738872, 5008033.30547349806875 ], [ 530793.462793827755377, 5008033.305555522441864 ], [ 530793.488629710045643, 5008033.297362813726068 ], [ 530793.505980709800497, 5008033.28063227981329 ], [ 530793.514656306593679, 5008033.272258419543505 ], [ 530793.523427066509612, 5008033.255445902235806 ], [ 530793.52361758670304, 5008033.238551401533186 ], [ 530793.523712749825791, 5008033.230112744495273 ], [ 530793.500925190397538, 5008032.967993450351059 ], [ 530793.500916461809538, 5008032.967993366532028 ], [ 530793.423689939896576, 5008032.967255478724837 ], [ 530793.403671657666564, 5008033.220509016886353 ], [ 530793.403576300595887, 5008033.228964859619737 ], [ 530793.403195260209031, 5008033.262753860093653 ], [ 530793.403100097086281, 5008033.271192517131567 ], [ 530793.411584979738109, 5008033.279730343259871 ], [ 530793.420070056337863, 5008033.28825098183006 ], [ 530793.437135178712197, 5008033.296870791353285 ], [ 530793.454200495034456, 5008033.305473414249718 ], [ 530793.454209223738872, 5008033.30547349806875 ] ], [ [ 530776.900992193375714, 5008041.629615362733603 ], [ 530776.901000922080129, 5008041.629615446552634 ], [ 530776.909585526096635, 5008041.629697470925748 ], [ 530776.935421408386901, 5008041.621504762209952 ], [ 530776.952772408141755, 5008041.604774228297174 ], [ 530776.961448004934937, 5008041.596400368027389 ], [ 530776.97021876485087, 5008041.57958785071969 ], [ 530776.970409285044298, 5008041.562693350017071 ], [ 530776.970504448167048, 5008041.554254692979157 ], [ 530776.947716888738796, 5008041.292135398834944 ], [ 530776.947708160150796, 5008041.292135315015912 ], [ 530776.870481638237834, 5008041.291397427208722 ], [ 530776.850463356007822, 5008041.544650965370238 ], [ 530776.850367998937145, 5008041.553106808103621 ], [ 530776.849986958550289, 5008041.586895808577538 ], [ 530776.849891795427538, 5008041.595334465615451 ], [ 530776.858376678079367, 5008041.603872291743755 ], [ 530776.866861754679121, 5008041.612392930313945 ], [ 530776.883926877053455, 5008041.62101273983717 ], [ 530776.900992193375714, 5008041.629615362733603 ] ], [ [ 530779.947116958443075, 5008041.658720615319908 ], [ 530779.955701562459581, 5008041.658802639693022 ], [ 530779.981537444749847, 5008041.650609930977225 ], [ 530779.998888444504701, 5008041.633879397064447 ], [ 530780.007564041297883, 5008041.625505536794662 ], [ 530780.016334801213816, 5008041.608693019486964 ], [ 530780.016525321407244, 5008041.591798518784344 ], [ 530780.016620484529994, 5008041.58335986174643 ], [ 530779.993832925101742, 5008041.321240567602217 ], [ 530779.993824196513742, 5008041.321240483783185 ], [ 530779.91659767460078, 5008041.320502595975995 ], [ 530779.896579392370768, 5008041.573756134137511 ], [ 530779.896484035300091, 5008041.582211976870894 ], [ 530779.896102994913235, 5008041.616000977344811 ], [ 530779.896007831790484, 5008041.624439634382725 ], [ 530779.904492714442313, 5008041.632977460511029 ], [ 530779.912977791042067, 5008041.641498099081218 ], [ 530779.930042913416401, 5008041.650117908604443 ], [ 530779.94710822973866, 5008041.658720531500876 ], [ 530779.947116958443075, 5008041.658720615319908 ] ], [ [ 530782.993219901807606, 5008041.687825659289956 ], [ 530783.001804505824111, 5008041.68790768366307 ], [ 530783.027640388114378, 5008041.679714974947274 ], [ 530783.044991387869231, 5008041.662984441034496 ], [ 530783.053666984662414, 5008041.654610580764711 ], [ 530783.062437744578347, 5008041.637798063457012 ], [ 530783.062628264771774, 5008041.620903562754393 ], [ 530783.062723427894525, 5008041.612464905716479 ], [ 530783.039935868466273, 5008041.350345611572266 ], [ 530783.039927139878273, 5008041.350345527753234 ], [ 530782.962700617965311, 5008041.349607639946043 ], [ 530782.942682335735299, 5008041.60286117810756 ], [ 530782.942586978664622, 5008041.611317020840943 ], [ 530782.942205938277766, 5008041.645106021314859 ], [ 530782.942110775155015, 5008041.653544678352773 ], [ 530782.950595657806844, 5008041.662082504481077 ], [ 530782.959080734406598, 5008041.670603143051267 ], [ 530782.976145856780931, 5008041.679222952574492 ], [ 530782.993211173103191, 5008041.687825575470924 ], [ 530782.993219901807606, 5008041.687825659289956 ] ], [ [ 530786.039327209466137, 5008041.716930744238198 ], [ 530786.039335938170552, 5008041.71693082805723 ], [ 530786.047920542187057, 5008041.717012852430344 ], [ 530786.073756424477324, 5008041.708820143714547 ], [ 530786.091107424232177, 5008041.692089609801769 ], [ 530786.09978302102536, 5008041.683715749531984 ], [ 530786.108553780941293, 5008041.666903232224286 ], [ 530786.10874430113472, 5008041.650008731521666 ], [ 530786.108839464257471, 5008041.641570074483752 ], [ 530786.086051904829219, 5008041.379450780339539 ], [ 530786.086043176241219, 5008041.379450696520507 ], [ 530786.008816654328257, 5008041.378712808713317 ], [ 530785.988798372098245, 5008041.631966346874833 ], [ 530785.988703015027568, 5008041.640422189608216 ], [ 530785.988321974640712, 5008041.674211190082133 ], [ 530785.988226811517961, 5008041.682649847120047 ], [ 530785.99671169416979, 5008041.691187673248351 ], [ 530786.005196770769544, 5008041.69970831181854 ], [ 530786.022261893143877, 5008041.708328121341765 ], [ 530786.039327209466137, 5008041.716930744238198 ] ], [ [ 530787.094735976192169, 5008041.727015011943877 ], [ 530787.103320580208674, 5008041.727097036316991 ], [ 530787.129156462498941, 5008041.718904327601194 ], [ 530787.146507462253794, 5008041.702173793688416 ], [ 530787.155183059046976, 5008041.693799933418632 ], [ 530787.163953818962909, 5008041.676987416110933 ], [ 530787.164144339156337, 5008041.660092915408313 ], [ 530787.164239502279088, 5008041.651654258370399 ], [ 530787.141451942850836, 5008041.389534964226186 ], [ 530787.141443214262836, 5008041.389534880407155 ], [ 530787.064216692349873, 5008041.388796992599964 ], [ 530787.044198410119861, 5008041.64205053076148 ], [ 530787.044103053049184, 5008041.650506373494864 ], [ 530787.043722012662329, 5008041.68429537396878 ], [ 530787.043626849539578, 5008041.692734031006694 ], [ 530787.052111732191406, 5008041.701271857134998 ], [ 530787.060596808791161, 5008041.709792495705187 ], [ 530787.077661931165494, 5008041.718412305228412 ], [ 530787.094727247487754, 5008041.727014928124845 ], [ 530787.094735976192169, 5008041.727015011943877 ] ], [ [ 530790.140852012555115, 5008041.75612018071115 ], [ 530790.14943661657162, 5008041.756202205084264 ], [ 530790.175272498861887, 5008041.748009496368468 ], [ 530790.19262349861674, 5008041.73127896245569 ], [ 530790.201299095409922, 5008041.722905102185905 ], [ 530790.210069855325855, 5008041.706092584878206 ], [ 530790.210260375519283, 5008041.689198084175587 ], [ 530790.210355538642034, 5008041.680759427137673 ], [ 530790.187567979213782, 5008041.41864013299346 ], [ 530790.187559250625782, 5008041.418640049174428 ], [ 530790.11033272871282, 5008041.417902161367238 ], [ 530790.090314446482807, 5008041.671155699528754 ], [ 530790.09021908941213, 5008041.679611542262137 ], [ 530790.089838049025275, 5008041.713400542736053 ], [ 530790.089742885902524, 5008041.721839199773967 ], [ 530790.098227768554352, 5008041.730377025902271 ], [ 530790.106712845154107, 5008041.738897664472461 ], [ 530790.12377796752844, 5008041.747517473995686 ], [ 530790.1408432838507, 5008041.756120096892118 ], [ 530790.140852012555115, 5008041.75612018071115 ] ], [ [ 530793.18694622721523, 5008041.785225140862167 ], [ 530793.186954955919646, 5008041.785225224681199 ], [ 530793.195539559936151, 5008041.785307249054313 ], [ 530793.221375442226417, 5008041.777114540338516 ], [ 530793.238726441981271, 5008041.760384006425738 ], [ 530793.247402038774453, 5008041.752010146155953 ], [ 530793.256172798690386, 5008041.735197628848255 ], [ 530793.256363318883814, 5008041.718303128145635 ], [ 530793.256458482006565, 5008041.709864471107721 ], [ 530793.233670922578312, 5008041.447745176963508 ], [ 530793.233662193990313, 5008041.447745093144476 ], [ 530793.15643567207735, 5008041.447007205337286 ], [ 530793.136417389847338, 5008041.700260743498802 ], [ 530793.136322032776661, 5008041.708716586232185 ], [ 530793.135940992389806, 5008041.742505586706102 ], [ 530793.135845829267055, 5008041.750944243744016 ], [ 530793.144330711918883, 5008041.75948206987232 ], [ 530793.152815788518637, 5008041.768002708442509 ], [ 530793.169880910892971, 5008041.776622517965734 ], [ 530793.18694622721523, 5008041.785225140862167 ] ], [ [ 530770.54152568615973, 5008050.051139750517905 ], [ 530770.541534414864145, 5008050.051139834336936 ], [ 530770.55011901888065, 5008050.051221858710051 ], [ 530770.575954901170917, 5008050.043029149994254 ], [ 530770.59330590092577, 5008050.026298616081476 ], [ 530770.601981497718953, 5008050.017924755811691 ], [ 530770.610752257634886, 5008050.001112238503993 ], [ 530770.610942777828313, 5008049.984217737801373 ], [ 530770.611037940951064, 5008049.975779080763459 ], [ 530770.588250381522812, 5008049.713659786619246 ], [ 530770.588241652934812, 5008049.713659702800214 ], [ 530770.51101513102185, 5008049.712921814993024 ], [ 530770.490996848791838, 5008049.96617535315454 ], [ 530770.490901491721161, 5008049.974631195887923 ], [ 530770.490520451334305, 5008050.00842019636184 ], [ 530770.490425288211554, 5008050.016858853399754 ], [ 530770.498910170863383, 5008050.025396679528058 ], [ 530770.507395247463137, 5008050.033917318098247 ], [ 530770.52446036983747, 5008050.042537127621472 ], [ 530770.54152568615973, 5008050.051139750517905 ] ], [ [ 530773.587641722522676, 5008050.080244919285178 ], [ 530773.587650451227091, 5008050.08024500310421 ], [ 530773.596235055243596, 5008050.080327027477324 ], [ 530773.622070937533863, 5008050.072134318761528 ], [ 530773.639421937288716, 5008050.05540378484875 ], [ 530773.648097534081899, 5008050.047029924578965 ], [ 530773.656868293997832, 5008050.030217407271266 ], [ 530773.657058814191259, 5008050.013322906568646 ], [ 530773.65715397731401, 5008050.004884249530733 ], [ 530773.634366417885758, 5008049.742764955386519 ], [ 530773.634357689297758, 5008049.742764871567488 ], [ 530773.557131167384796, 5008049.742026983760297 ], [ 530773.537112885154784, 5008049.995280521921813 ], [ 530773.537017528084107, 5008050.003736364655197 ], [ 530773.536636487697251, 5008050.037525365129113 ], [ 530773.5365413245745, 5008050.045964022167027 ], [ 530773.545026207226329, 5008050.054501848295331 ], [ 530773.553511283826083, 5008050.06302248686552 ], [ 530773.570576406200416, 5008050.071642296388745 ], [ 530773.587641722522676, 5008050.080244919285178 ] ], [ [ 530776.633753394591622, 5008050.109350047074258 ], [ 530776.642337998608127, 5008050.109432071447372 ], [ 530776.668173880898394, 5008050.101239362731576 ], [ 530776.685524880653247, 5008050.084508828818798 ], [ 530776.694200477446429, 5008050.076134968549013 ], [ 530776.702971237362362, 5008050.059322451241314 ], [ 530776.70316175755579, 5008050.042427950538695 ], [ 530776.703256920678541, 5008050.033989293500781 ], [ 530776.680469361250289, 5008049.771869999356568 ], [ 530776.680460632662289, 5008049.771869915537536 ], [ 530776.603234110749327, 5008049.771132027730346 ], [ 530776.583215828519315, 5008050.024385565891862 ], [ 530776.583120471448638, 5008050.032841408625245 ], [ 530776.582739431061782, 5008050.066630409099162 ], [ 530776.582644267939031, 5008050.075069066137075 ], [ 530776.591129150590859, 5008050.083606892265379 ], [ 530776.599614227190614, 5008050.092127530835569 ], [ 530776.616679349564947, 5008050.100747340358794 ], [ 530776.633744665887207, 5008050.109349963255227 ], [ 530776.633753394591622, 5008050.109350047074258 ] ], [ [ 530779.679869430954568, 5008050.138455215841532 ], [ 530779.688454034971073, 5008050.138537240214646 ], [ 530779.71428991726134, 5008050.130344531498849 ], [ 530779.731640917016193, 5008050.113613997586071 ], [ 530779.740316513809375, 5008050.105240137316287 ], [ 530779.749087273725308, 5008050.088427620008588 ], [ 530779.749277793918736, 5008050.071533119305968 ], [ 530779.749372957041487, 5008050.063094462268054 ], [ 530779.726585397613235, 5008049.800975168123841 ], [ 530779.726576669025235, 5008049.80097508430481 ], [ 530779.649350147112273, 5008049.800237196497619 ], [ 530779.629331864882261, 5008050.053490734659135 ], [ 530779.629236507811584, 5008050.061946577392519 ], [ 530779.628855467424728, 5008050.095735577866435 ], [ 530779.628760304301977, 5008050.104174234904349 ], [ 530779.637245186953805, 5008050.112712061032653 ], [ 530779.64573026355356, 5008050.121232699602842 ], [ 530779.662795385927893, 5008050.129852509126067 ], [ 530779.679860702250153, 5008050.1384551320225 ], [ 530779.679869430954568, 5008050.138455215841532 ] ], [ [ 530780.735260740271769, 5008050.148539315909147 ], [ 530780.735269468976185, 5008050.148539399728179 ], [ 530780.74385407299269, 5008050.148621424101293 ], [ 530780.769689955282956, 5008050.140428715385497 ], [ 530780.78704095503781, 5008050.123698181472719 ], [ 530780.795716551830992, 5008050.115324321202934 ], [ 530780.804487311746925, 5008050.098511803895235 ], [ 530780.804677831940353, 5008050.081617303192616 ], [ 530780.804772995063104, 5008050.073178646154702 ], [ 530780.781985435634851, 5008049.811059352010489 ], [ 530780.781976707046852, 5008049.811059268191457 ], [ 530780.704750185133889, 5008049.810321380384266 ], [ 530780.684731902903877, 5008050.063574918545783 ], [ 530780.6846365458332, 5008050.072030761279166 ], [ 530780.684255505446345, 5008050.105819761753082 ], [ 530780.684160342323594, 5008050.114258418790996 ], [ 530780.692645224975422, 5008050.1227962449193 ], [ 530780.701130301575176, 5008050.13131688348949 ], [ 530780.71819542394951, 5008050.139936693012714 ], [ 530780.735260740271769, 5008050.148539315909147 ] ], [ [ 530783.781376776634715, 5008050.177644484676421 ], [ 530783.781385505339131, 5008050.177644568495452 ], [ 530783.789970109355636, 5008050.177726592868567 ], [ 530783.815805991645902, 5008050.16953388415277 ], [ 530783.833156991400756, 5008050.152803350239992 ], [ 530783.841832588193938, 5008050.144429489970207 ], [ 530783.850603348109871, 5008050.127616972662508 ], [ 530783.850793868303299, 5008050.110722471959889 ], [ 530783.85088903142605, 5008050.102283814921975 ], [ 530783.828101471997797, 5008049.840164520777762 ], [ 530783.828092743409798, 5008049.84016443695873 ], [ 530783.750866221496835, 5008049.83942654915154 ], [ 530783.730847939266823, 5008050.092680087313056 ], [ 530783.730752582196146, 5008050.101135930046439 ], [ 530783.730371541809291, 5008050.134924930520356 ], [ 530783.73027637868654, 5008050.14336358755827 ], [ 530783.738761261338368, 5008050.151901413686574 ], [ 530783.747246337938122, 5008050.160422052256763 ], [ 530783.764311460312456, 5008050.169041861779988 ], [ 530783.781376776634715, 5008050.177644484676421 ] ], [ [ 530786.827479719999246, 5008050.206749528646469 ], [ 530786.827488448703662, 5008050.206749612465501 ], [ 530786.836073052720167, 5008050.206831636838615 ], [ 530786.861908935010433, 5008050.198638928122818 ], [ 530786.879259934765287, 5008050.181908394210041 ], [ 530786.887935531558469, 5008050.173534533940256 ], [ 530786.896706291474402, 5008050.156722016632557 ], [ 530786.89689681166783, 5008050.139827515929937 ], [ 530786.896991974790581, 5008050.131388858892024 ], [ 530786.874204415362328, 5008049.86926956474781 ], [ 530786.874195686774328, 5008049.869269480928779 ], [ 530786.796969164861366, 5008049.868531593121588 ], [ 530786.776950882631354, 5008050.121785131283104 ], [ 530786.776855525560677, 5008050.130240974016488 ], [ 530786.776474485173821, 5008050.164029974490404 ], [ 530786.776379322051071, 5008050.172468631528318 ], [ 530786.784864204702899, 5008050.181006457656622 ], [ 530786.793349281302653, 5008050.189527096226811 ], [ 530786.810414403676987, 5008050.198146905750036 ], [ 530786.827479719999246, 5008050.206749528646469 ] ], [ [ 530789.873604485066608, 5008050.235854781232774 ], [ 530789.882189089083113, 5008050.235936805605888 ], [ 530789.908024971373379, 5008050.227744096890092 ], [ 530789.925375971128233, 5008050.211013562977314 ], [ 530789.934051567921415, 5008050.202639702707529 ], [ 530789.942822327837348, 5008050.18582718539983 ], [ 530789.943012848030776, 5008050.168932684697211 ], [ 530789.943108011153527, 5008050.160494027659297 ], [ 530789.920320451725274, 5008049.898374733515084 ], [ 530789.920311723137274, 5008049.898374649696052 ], [ 530789.843085201224312, 5008049.897636761888862 ], [ 530789.8230669189943, 5008050.150890300050378 ], [ 530789.822971561923623, 5008050.159346142783761 ], [ 530789.822590521536767, 5008050.193135143257678 ], [ 530789.822495358414017, 5008050.201573800295591 ], [ 530789.830980241065845, 5008050.210111626423895 ], [ 530789.839465317665599, 5008050.218632264994085 ], [ 530789.856530440039933, 5008050.22725207451731 ], [ 530789.873595756362192, 5008050.235854697413743 ], [ 530789.873604485066608, 5008050.235854781232774 ] ], [ [ 530790.920428647543304, 5008050.245857023634017 ], [ 530790.929013251559809, 5008050.245939048007131 ], [ 530790.954849133850075, 5008050.237746339291334 ], [ 530790.972200133604929, 5008050.221015805378556 ], [ 530790.980875730398111, 5008050.212641945108771 ], [ 530790.989646490314044, 5008050.195829427801073 ], [ 530790.989837010507472, 5008050.178934927098453 ], [ 530790.989932173630223, 5008050.170496270060539 ], [ 530790.96714461420197, 5008049.908376975916326 ], [ 530790.96713588561397, 5008049.908376892097294 ], [ 530790.889909363701008, 5008049.907639004290104 ], [ 530790.869891081470996, 5008050.16089254245162 ], [ 530790.869795724400319, 5008050.169348385185003 ], [ 530790.869414684013464, 5008050.20313738565892 ], [ 530790.869319520890713, 5008050.211576042696834 ], [ 530790.877804403542541, 5008050.220113868825138 ], [ 530790.886289480142295, 5008050.228634507395327 ], [ 530790.903354602516629, 5008050.237254316918552 ], [ 530790.920419918838888, 5008050.245856939814985 ], [ 530790.920428647543304, 5008050.245857023634017 ] ], [ [ 530793.966535955201834, 5008050.274962108582258 ], [ 530793.96654468390625, 5008050.27496219240129 ], [ 530793.975129287922755, 5008050.275044216774404 ], [ 530794.000965170213021, 5008050.266851508058608 ], [ 530794.018316169967875, 5008050.25012097414583 ], [ 530794.026991766761057, 5008050.241747113876045 ], [ 530794.03576252667699, 5008050.224934596568346 ], [ 530794.035953046870418, 5008050.208040095865726 ], [ 530794.036048209993169, 5008050.199601438827813 ], [ 530794.013260650564916, 5008049.937482144683599 ], [ 530794.013251921976916, 5008049.937482060864568 ], [ 530793.936025400063954, 5008049.936744173057377 ], [ 530793.916007117833942, 5008050.189997711218894 ], [ 530793.915911760763265, 5008050.198453553952277 ], [ 530793.91553072037641, 5008050.232242554426193 ], [ 530793.915435557253659, 5008050.240681211464107 ], [ 530793.923920439905487, 5008050.249219037592411 ], [ 530793.932405516505241, 5008050.257739676162601 ], [ 530793.949470638879575, 5008050.266359485685825 ], [ 530793.966535955201834, 5008050.274962108582258 ] ], [ [ 530774.118373754085042, 5008058.567621279507875 ], [ 530774.118382482789457, 5008058.567621363326907 ], [ 530774.126967086805962, 5008058.567703387700021 ], [ 530774.152802969096228, 5008058.559510678984225 ], [ 530774.170153968851082, 5008058.542780145071447 ], [ 530774.178829565644264, 5008058.534406284801662 ], [ 530774.187600325560197, 5008058.517593767493963 ], [ 530774.187790845753625, 5008058.500699266791344 ], [ 530774.187886008876376, 5008058.49226060975343 ], [ 530774.165098449448124, 5008058.230141315609217 ], [ 530774.165089720860124, 5008058.230141231790185 ], [ 530774.087863198947161, 5008058.229403343982995 ], [ 530774.067844916717149, 5008058.482656882144511 ], [ 530774.067749559646472, 5008058.491112724877894 ], [ 530774.067368519259617, 5008058.52490172535181 ], [ 530774.067273356136866, 5008058.533340382389724 ], [ 530774.075758238788694, 5008058.541878208518028 ], [ 530774.084243315388449, 5008058.550398847088218 ], [ 530774.101308437762782, 5008058.559018656611443 ], [ 530774.118373754085042, 5008058.567621279507875 ] ], [ [ 530777.164489790447988, 5008058.596726448275149 ], [ 530777.164498519152403, 5008058.596726532094181 ], [ 530777.173083123168908, 5008058.596808556467295 ], [ 530777.198919005459175, 5008058.588615847751498 ], [ 530777.216270005214028, 5008058.57188531383872 ], [ 530777.22494560200721, 5008058.563511453568935 ], [ 530777.233716361923143, 5008058.546698936261237 ], [ 530777.233906882116571, 5008058.529804435558617 ], [ 530777.234002045239322, 5008058.521365778520703 ], [ 530777.21121448581107, 5008058.25924648437649 ], [ 530777.21120575722307, 5008058.259246400557458 ], [ 530777.133979235310107, 5008058.258508512750268 ], [ 530777.113960953080095, 5008058.511762050911784 ], [ 530777.113865596009418, 5008058.520217893645167 ], [ 530777.113484555622563, 5008058.554006894119084 ], [ 530777.113389392499812, 5008058.562445551156998 ], [ 530777.12187427515164, 5008058.570983377285302 ], [ 530777.130359351751395, 5008058.579504015855491 ], [ 530777.147424474125728, 5008058.588123825378716 ], [ 530777.164489790447988, 5008058.596726448275149 ] ], [ [ 530780.210601462516934, 5008058.625831576064229 ], [ 530780.219186066533439, 5008058.625913600437343 ], [ 530780.245021948823705, 5008058.617720891721547 ], [ 530780.262372948578559, 5008058.600990357808769 ], [ 530780.271048545371741, 5008058.592616497538984 ], [ 530780.279819305287674, 5008058.575803980231285 ], [ 530780.280009825481102, 5008058.558909479528666 ], [ 530780.280104988603853, 5008058.550470822490752 ], [ 530780.2573174291756, 5008058.288351528346539 ], [ 530780.2573087005876, 5008058.288351444527507 ], [ 530780.180082178674638, 5008058.287613556720316 ], [ 530780.160063896444626, 5008058.540867094881833 ], [ 530780.159968539373949, 5008058.549322937615216 ], [ 530780.159587498987094, 5008058.583111938089132 ], [ 530780.159492335864343, 5008058.591550595127046 ], [ 530780.167977218516171, 5008058.60008842125535 ], [ 530780.176462295115925, 5008058.60860905982554 ], [ 530780.193527417490259, 5008058.617228869348764 ], [ 530780.210592733812518, 5008058.625831492245197 ], [ 530780.210601462516934, 5008058.625831576064229 ] ], [ [ 530783.25671749887988, 5008058.654936744831502 ], [ 530783.265302102896385, 5008058.655018769204617 ], [ 530783.291137985186651, 5008058.64682606048882 ], [ 530783.308488984941505, 5008058.630095526576042 ], [ 530783.317164581734687, 5008058.621721666306257 ], [ 530783.32593534165062, 5008058.604909148998559 ], [ 530783.326125861844048, 5008058.588014648295939 ], [ 530783.326221024966799, 5008058.579575991258025 ], [ 530783.303433465538546, 5008058.317456697113812 ], [ 530783.303424736950547, 5008058.31745661329478 ], [ 530783.226198215037584, 5008058.31671872548759 ], [ 530783.206179932807572, 5008058.569972263649106 ], [ 530783.206084575736895, 5008058.578428106382489 ], [ 530783.20570353535004, 5008058.612217106856406 ], [ 530783.205608372227289, 5008058.62065576389432 ], [ 530783.214093254879117, 5008058.629193590022624 ], [ 530783.222578331478871, 5008058.637714228592813 ], [ 530783.239643453853205, 5008058.646334038116038 ], [ 530783.256708770175464, 5008058.654936661012471 ], [ 530783.25671749887988, 5008058.654936744831502 ] ], [ [ 530784.312108808197081, 5008058.665020844899118 ], [ 530784.312117536901496, 5008058.66502092871815 ], [ 530784.320702140918002, 5008058.665102953091264 ], [ 530784.346538023208268, 5008058.656910244375467 ], [ 530784.363889022963122, 5008058.640179710462689 ], [ 530784.372564619756304, 5008058.631805850192904 ], [ 530784.381335379672237, 5008058.614993332885206 ], [ 530784.381525899865665, 5008058.598098832182586 ], [ 530784.381621062988415, 5008058.589660175144672 ], [ 530784.358833503560163, 5008058.327540881000459 ], [ 530784.358824774972163, 5008058.327540797181427 ], [ 530784.281598253059201, 5008058.326802909374237 ], [ 530784.261579970829189, 5008058.580056447535753 ], [ 530784.261484613758512, 5008058.588512290269136 ], [ 530784.261103573371656, 5008058.622301290743053 ], [ 530784.261008410248905, 5008058.630739947780967 ], [ 530784.269493292900734, 5008058.639277773909271 ], [ 530784.277978369500488, 5008058.64779841247946 ], [ 530784.295043491874821, 5008058.656418222002685 ], [ 530784.312108808197081, 5008058.665020844899118 ] ], [ [ 530787.358233573264442, 5008058.694126097485423 ], [ 530787.366818177280948, 5008058.694208121858537 ], [ 530787.392654059571214, 5008058.686015413142741 ], [ 530787.410005059326068, 5008058.669284879229963 ], [ 530787.41868065611925, 5008058.660911018960178 ], [ 530787.427451416035183, 5008058.644098501652479 ], [ 530787.427641936228611, 5008058.62720400094986 ], [ 530787.427737099351361, 5008058.618765343911946 ], [ 530787.404949539923109, 5008058.356646049767733 ], [ 530787.404940811335109, 5008058.356645965948701 ], [ 530787.327714289422147, 5008058.35590807814151 ], [ 530787.307696007192135, 5008058.609161616303027 ], [ 530787.307600650121458, 5008058.61761745903641 ], [ 530787.307219609734602, 5008058.651406459510326 ], [ 530787.307124446611851, 5008058.65984511654824 ], [ 530787.31560932926368, 5008058.668382942676544 ], [ 530787.324094405863434, 5008058.676903581246734 ], [ 530787.341159528237768, 5008058.685523390769958 ], [ 530787.358224844560027, 5008058.694126013666391 ], [ 530787.358233573264442, 5008058.694126097485423 ] ], [ [ 530790.404336516628973, 5008058.723231141455472 ], [ 530790.412921120645478, 5008058.723313165828586 ], [ 530790.438757002935745, 5008058.715120457112789 ], [ 530790.456108002690598, 5008058.698389923200011 ], [ 530790.464783599483781, 5008058.690016062930226 ], [ 530790.473554359399714, 5008058.673203545622528 ], [ 530790.473744879593141, 5008058.656309044919908 ], [ 530790.473840042715892, 5008058.647870387881994 ], [ 530790.45105248328764, 5008058.385751093737781 ], [ 530790.45104375469964, 5008058.385751009918749 ], [ 530790.373817232786678, 5008058.385013122111559 ], [ 530790.353798950556666, 5008058.638266660273075 ], [ 530790.353703593485989, 5008058.646722503006458 ], [ 530790.353322553099133, 5008058.680511503480375 ], [ 530790.353227389976382, 5008058.688950160518289 ], [ 530790.36171227262821, 5008058.697487986646593 ], [ 530790.370197349227965, 5008058.706008625216782 ], [ 530790.387262471602298, 5008058.714628434740007 ], [ 530790.404327787924558, 5008058.72323105763644 ], [ 530790.404336516628973, 5008058.723231141455472 ] ], [ [ 530793.450443824287504, 5008058.752336226403713 ], [ 530793.450452552991919, 5008058.752336310222745 ], [ 530793.459037157008424, 5008058.752418334595859 ], [ 530793.484873039298691, 5008058.744225625880063 ], [ 530793.502224039053544, 5008058.727495091967285 ], [ 530793.510899635846727, 5008058.7191212316975 ], [ 530793.51967039576266, 5008058.702308714389801 ], [ 530793.519860915956087, 5008058.685414213687181 ], [ 530793.519956079078838, 5008058.676975556649268 ], [ 530793.497168519650586, 5008058.414856262505054 ], [ 530793.497159791062586, 5008058.414856178686023 ], [ 530793.419933269149624, 5008058.414118290878832 ], [ 530793.399914986919612, 5008058.667371829040349 ], [ 530793.399819629848935, 5008058.675827671773732 ], [ 530793.399438589462079, 5008058.709616672247648 ], [ 530793.399343426339328, 5008058.718055329285562 ], [ 530793.407828308991157, 5008058.726593155413866 ], [ 530793.416313385590911, 5008058.735113793984056 ], [ 530793.433378507965244, 5008058.74373360350728 ], [ 530793.450443824287504, 5008058.752336226403713 ] ], [ [ 530778.047031290829182, 5008067.087464295327663 ], [ 530778.055615894845687, 5008067.087546319700778 ], [ 530778.081451777135953, 5008067.079353610984981 ], [ 530778.098802776890807, 5008067.062623077072203 ], [ 530778.107478373683989, 5008067.054249216802418 ], [ 530778.116249133599922, 5008067.03743669949472 ], [ 530778.11643965379335, 5008067.0205421987921 ], [ 530778.116534816916101, 5008067.012103541754186 ], [ 530778.093747257487848, 5008066.749984247609973 ], [ 530778.093738528899848, 5008066.749984163790941 ], [ 530778.016512006986886, 5008066.749246275983751 ], [ 530777.996493724756874, 5008067.002499814145267 ], [ 530777.996398367686197, 5008067.01095565687865 ], [ 530777.996017327299342, 5008067.044744657352567 ], [ 530777.995922164176591, 5008067.053183314390481 ], [ 530778.004407046828419, 5008067.061721140518785 ], [ 530778.012892123428173, 5008067.070241779088974 ], [ 530778.029957245802507, 5008067.078861588612199 ], [ 530778.047022562124766, 5008067.087464211508632 ], [ 530778.047031290829182, 5008067.087464295327663 ] ], [ [ 530781.093147327192128, 5008067.116569464094937 ], [ 530781.101731931208633, 5008067.116651488468051 ], [ 530781.127567813498899, 5008067.108458779752254 ], [ 530781.144918813253753, 5008067.091728245839477 ], [ 530781.153594410046935, 5008067.083354385569692 ], [ 530781.162365169962868, 5008067.066541868261993 ], [ 530781.162555690156296, 5008067.049647367559373 ], [ 530781.162650853279047, 5008067.04120871052146 ], [ 530781.139863293850794, 5008066.779089416377246 ], [ 530781.139854565262794, 5008066.779089332558215 ], [ 530781.062628043349832, 5008066.778351444751024 ], [ 530781.04260976111982, 5008067.03160498291254 ], [ 530781.042514404049143, 5008067.040060825645924 ], [ 530781.042133363662288, 5008067.07384982611984 ], [ 530781.042038200539537, 5008067.082288483157754 ], [ 530781.050523083191365, 5008067.090826309286058 ], [ 530781.059008159791119, 5008067.099346947856247 ], [ 530781.076073282165453, 5008067.107966757379472 ], [ 530781.093138598487712, 5008067.116569380275905 ], [ 530781.093147327192128, 5008067.116569464094937 ] ], [ [ 530784.139241541852243, 5008067.145674424245954 ], [ 530784.139250270556659, 5008067.145674508064985 ], [ 530784.147834874573164, 5008067.145756532438099 ], [ 530784.17367075686343, 5008067.137563823722303 ], [ 530784.191021756618284, 5008067.120833289809525 ], [ 530784.199697353411466, 5008067.11245942953974 ], [ 530784.208468113327399, 5008067.095646912232041 ], [ 530784.208658633520827, 5008067.078752411529422 ], [ 530784.208753796643578, 5008067.070313754491508 ], [ 530784.185966237215325, 5008066.808194460347295 ], [ 530784.185957508627325, 5008066.808194376528263 ], [ 530784.108730986714363, 5008066.807456488721073 ], [ 530784.088712704484351, 5008067.060710026882589 ], [ 530784.088617347413674, 5008067.069165869615972 ], [ 530784.088236307026818, 5008067.102954870089889 ], [ 530784.088141143904068, 5008067.111393527127802 ], [ 530784.096626026555896, 5008067.119931353256106 ], [ 530784.10511110315565, 5008067.128451991826296 ], [ 530784.122176225529984, 5008067.137071801349521 ], [ 530784.139241541852243, 5008067.145674424245954 ] ], [ [ 530787.185357578215189, 5008067.174779593013227 ], [ 530787.185366306919605, 5008067.174779676832259 ], [ 530787.19395091093611, 5008067.174861701205373 ], [ 530787.219786793226376, 5008067.166668992489576 ], [ 530787.23713779298123, 5008067.149938458576798 ], [ 530787.245813389774412, 5008067.141564598307014 ], [ 530787.254584149690345, 5008067.124752080999315 ], [ 530787.254774669883773, 5008067.107857580296695 ], [ 530787.254869833006524, 5008067.099418923258781 ], [ 530787.232082273578271, 5008066.837299629114568 ], [ 530787.232073544990271, 5008066.837299545295537 ], [ 530787.154847023077309, 5008066.836561657488346 ], [ 530787.134828740847297, 5008067.089815195649862 ], [ 530787.13473338377662, 5008067.098271038383245 ], [ 530787.134352343389764, 5008067.132060038857162 ], [ 530787.134257180267014, 5008067.140498695895076 ], [ 530787.142742062918842, 5008067.14903652202338 ], [ 530787.151227139518596, 5008067.157557160593569 ], [ 530787.16829226189293, 5008067.166176970116794 ], [ 530787.185357578215189, 5008067.174779593013227 ] ], [ [ 530788.240757616236806, 5008067.184863776899874 ], [ 530788.240766344941221, 5008067.184863860718906 ], [ 530788.249350948957726, 5008067.18494588509202 ], [ 530788.275186831247993, 5008067.176753176376224 ], [ 530788.292537831002846, 5008067.160022642463446 ], [ 530788.301213427796029, 5008067.151648782193661 ], [ 530788.309984187711962, 5008067.134836264885962 ], [ 530788.310174707905389, 5008067.117941764183342 ], [ 530788.31026987102814, 5008067.109503107145429 ], [ 530788.287482311599888, 5008066.847383813001215 ], [ 530788.287473583011888, 5008066.847383729182184 ], [ 530788.210247061098926, 5008066.846645841374993 ], [ 530788.190228778868914, 5008067.09989937953651 ], [ 530788.190133421798237, 5008067.108355222269893 ], [ 530788.189752381411381, 5008067.142144222743809 ], [ 530788.18965721828863, 5008067.150582879781723 ], [ 530788.198142100940458, 5008067.159120705910027 ], [ 530788.206627177540213, 5008067.167641344480217 ], [ 530788.223692299914546, 5008067.176261154003441 ], [ 530788.240757616236806, 5008067.184863776899874 ] ], [ [ 530791.286882381304167, 5008067.213969029486179 ], [ 530791.295466985320672, 5008067.214051053859293 ], [ 530791.321302867610939, 5008067.205858345143497 ], [ 530791.338653867365792, 5008067.189127811230719 ], [ 530791.347329464158975, 5008067.180753950960934 ], [ 530791.356100224074908, 5008067.163941433653235 ], [ 530791.356290744268335, 5008067.147046932950616 ], [ 530791.356385907391086, 5008067.138608275912702 ], [ 530791.333598347962834, 5008066.876488981768489 ], [ 530791.333589619374834, 5008066.876488897949457 ], [ 530791.256363097461872, 5008066.875751010142267 ], [ 530791.23634481523186, 5008067.129004548303783 ], [ 530791.236249458161183, 5008067.137460391037166 ], [ 530791.235868417774327, 5008067.171249391511083 ], [ 530791.235773254651576, 5008067.179688048548996 ], [ 530791.244258137303405, 5008067.1882258746773 ], [ 530791.252743213903159, 5008067.19674651324749 ], [ 530791.269808336277492, 5008067.205366322770715 ], [ 530791.286873652599752, 5008067.213968945667148 ], [ 530791.286882381304167, 5008067.213969029486179 ] ], [ [ 530781.80407123058103, 5008075.605641746893525 ], [ 530781.812655834597535, 5008075.605723771266639 ], [ 530781.838491716887802, 5008075.597531062550843 ], [ 530781.855842716642655, 5008075.580800528638065 ], [ 530781.864518313435838, 5008075.57242666836828 ], [ 530781.873289073351771, 5008075.555614151060581 ], [ 530781.873479593545198, 5008075.538719650357962 ], [ 530781.873574756667949, 5008075.530280993320048 ], [ 530781.850787197239697, 5008075.268161699175835 ], [ 530781.850778468651697, 5008075.268161615356803 ], [ 530781.773551946738735, 5008075.267423727549613 ], [ 530781.753533664508723, 5008075.520677265711129 ], [ 530781.753438307438046, 5008075.529133108444512 ], [ 530781.75305726705119, 5008075.562922108918428 ], [ 530781.752962103928439, 5008075.571360765956342 ], [ 530781.761446986580268, 5008075.579898592084646 ], [ 530781.769932063180022, 5008075.588419230654836 ], [ 530781.786997185554355, 5008075.597039040178061 ], [ 530781.804062501876615, 5008075.605641663074493 ], [ 530781.80407123058103, 5008075.605641746893525 ] ], [ [ 530784.850178538239561, 5008075.634746831841767 ], [ 530784.850187266943976, 5008075.634746915660799 ], [ 530784.858771870960481, 5008075.634828940033913 ], [ 530784.884607753250748, 5008075.626636231318116 ], [ 530784.901958753005601, 5008075.609905697405338 ], [ 530784.910634349798784, 5008075.601531837135553 ], [ 530784.919405109714717, 5008075.584719319827855 ], [ 530784.919595629908144, 5008075.567824819125235 ], [ 530784.919690793030895, 5008075.559386162087321 ], [ 530784.896903233602643, 5008075.297266867943108 ], [ 530784.896894505014643, 5008075.297266784124076 ], [ 530784.819667983101681, 5008075.296528896316886 ], [ 530784.799649700871669, 5008075.549782434478402 ], [ 530784.799554343800992, 5008075.558238277211785 ], [ 530784.799173303414136, 5008075.592027277685702 ], [ 530784.799078140291385, 5008075.600465934723616 ], [ 530784.807563022943214, 5008075.60900376085192 ], [ 530784.816048099542968, 5008075.617524399422109 ], [ 530784.833113221917301, 5008075.626144208945334 ], [ 530784.850178538239561, 5008075.634746831841767 ] ], [ [ 530787.896281481604092, 5008075.663851875811815 ], [ 530787.896290210308507, 5008075.663851959630847 ], [ 530787.904874814325012, 5008075.663933984003961 ], [ 530787.930710696615279, 5008075.655741275288165 ], [ 530787.948061696370132, 5008075.639010741375387 ], [ 530787.956737293163314, 5008075.630636881105602 ], [ 530787.965508053079247, 5008075.613824363797903 ], [ 530787.965698573272675, 5008075.596929863095284 ], [ 530787.965793736395426, 5008075.58849120605737 ], [ 530787.943006176967174, 5008075.326371911913157 ], [ 530787.942997448379174, 5008075.326371828094125 ], [ 530787.865770926466212, 5008075.325633940286934 ], [ 530787.8457526442362, 5008075.578887478448451 ], [ 530787.845657287165523, 5008075.587343321181834 ], [ 530787.845276246778667, 5008075.62113232165575 ], [ 530787.845181083655916, 5008075.629570978693664 ], [ 530787.853665966307744, 5008075.638108804821968 ], [ 530787.862151042907499, 5008075.646629443392158 ], [ 530787.879216165281832, 5008075.655249252915382 ], [ 530787.896281481604092, 5008075.663851875811815 ] ], [ [ 530790.942397517967038, 5008075.692957044579089 ], [ 530790.942406246671453, 5008075.69295712839812 ], [ 530790.950990850687958, 5008075.693039152771235 ], [ 530790.976826732978225, 5008075.684846444055438 ], [ 530790.994177732733078, 5008075.66811591014266 ], [ 530791.00285332952626, 5008075.659742049872875 ], [ 530791.011624089442194, 5008075.642929532565176 ], [ 530791.011814609635621, 5008075.626035031862557 ], [ 530791.011909772758372, 5008075.617596374824643 ], [ 530790.98912221333012, 5008075.35547708068043 ], [ 530790.98911348474212, 5008075.355476996861398 ], [ 530790.911886962829158, 5008075.354739109054208 ], [ 530790.891868680599146, 5008075.607992647215724 ], [ 530790.891773323528469, 5008075.616448489949107 ], [ 530790.891392283141613, 5008075.650237490423024 ], [ 530790.891297120018862, 5008075.658676147460938 ], [ 530790.89978200267069, 5008075.667213973589242 ], [ 530790.908267079270445, 5008075.675734612159431 ], [ 530790.925332201644778, 5008075.684354421682656 ], [ 530790.942397517967038, 5008075.692957044579089 ] ], [ [ 530791.99780628469307, 5008075.703041312284768 ], [ 530792.006390888709575, 5008075.703123336657882 ], [ 530792.032226770999841, 5008075.694930627942085 ], [ 530792.049577770754695, 5008075.678200094029307 ], [ 530792.058253367547877, 5008075.669826233759522 ], [ 530792.06702412746381, 5008075.653013716451824 ], [ 530792.067214647657238, 5008075.636119215749204 ], [ 530792.067309810779989, 5008075.62768055871129 ], [ 530792.044522251351736, 5008075.365561264567077 ], [ 530792.044513522763737, 5008075.365561180748045 ], [ 530791.967287000850774, 5008075.364823292940855 ], [ 530791.947268718620762, 5008075.618076831102371 ], [ 530791.947173361550085, 5008075.626532673835754 ], [ 530791.94679232116323, 5008075.660321674309671 ], [ 530791.946697158040479, 5008075.668760331347585 ], [ 530791.955182040692307, 5008075.677298157475889 ], [ 530791.963667117292061, 5008075.685818796046078 ], [ 530791.980732239666395, 5008075.694438605569303 ], [ 530791.997797555988654, 5008075.703041228465736 ], [ 530791.99780628469307, 5008075.703041312284768 ] ], [ [ 530785.698403443908319, 5008084.125156788155437 ], [ 530785.706988047924824, 5008084.125238812528551 ], [ 530785.732823930215091, 5008084.117046103812754 ], [ 530785.750174929969944, 5008084.100315569899976 ], [ 530785.758850526763126, 5008084.091941709630191 ], [ 530785.767621286679059, 5008084.075129192322493 ], [ 530785.767811806872487, 5008084.058234691619873 ], [ 530785.767906969995238, 5008084.049796034581959 ], [ 530785.745119410566986, 5008083.787676740437746 ], [ 530785.745110681978986, 5008083.787676656618714 ], [ 530785.667884160066023, 5008083.786938768811524 ], [ 530785.647865877836011, 5008084.04019230697304 ], [ 530785.647770520765334, 5008084.048648149706423 ], [ 530785.647389480378479, 5008084.08243715018034 ], [ 530785.647294317255728, 5008084.090875807218254 ], [ 530785.655779199907556, 5008084.099413633346558 ], [ 530785.664264276507311, 5008084.107934271916747 ], [ 530785.681329398881644, 5008084.116554081439972 ], [ 530785.698394715203904, 5008084.125156704336405 ], [ 530785.698403443908319, 5008084.125156788155437 ] ], [ [ 530788.74451075156685, 5008084.154261873103678 ], [ 530788.744519480271265, 5008084.15426195692271 ], [ 530788.75310408428777, 5008084.154343981295824 ], [ 530788.778939966578037, 5008084.146151272580028 ], [ 530788.79629096633289, 5008084.12942073866725 ], [ 530788.804966563126072, 5008084.121046878397465 ], [ 530788.813737323042005, 5008084.104234361089766 ], [ 530788.813927843235433, 5008084.087339860387146 ], [ 530788.814023006358184, 5008084.078901203349233 ], [ 530788.791235446929932, 5008083.816781909205019 ], [ 530788.791226718341932, 5008083.816781825385988 ], [ 530788.71400019642897, 5008083.816043937578797 ], [ 530788.693981914198957, 5008084.069297475740314 ], [ 530788.69388655712828, 5008084.077753318473697 ], [ 530788.693505516741425, 5008084.111542318947613 ], [ 530788.693410353618674, 5008084.119980975985527 ], [ 530788.701895236270502, 5008084.128518802113831 ], [ 530788.710380312870257, 5008084.137039440684021 ], [ 530788.72744543524459, 5008084.145659250207245 ], [ 530788.74451075156685, 5008084.154261873103678 ] ], [ [ 530791.79061369493138, 5008084.183366917073727 ], [ 530791.790622423635796, 5008084.183367000892758 ], [ 530791.799207027652301, 5008084.183449025265872 ], [ 530791.825042909942567, 5008084.175256316550076 ], [ 530791.842393909697421, 5008084.158525782637298 ], [ 530791.851069506490603, 5008084.150151922367513 ], [ 530791.859840266406536, 5008084.133339405059814 ], [ 530791.860030786599964, 5008084.116444904357195 ], [ 530791.860125949722715, 5008084.108006247319281 ], [ 530791.837338390294462, 5008083.845886953175068 ], [ 530791.837329661706463, 5008083.845886869356036 ], [ 530791.7601031397935, 5008083.845148981548846 ], [ 530791.740084857563488, 5008084.098402519710362 ], [ 530791.739989500492811, 5008084.106858362443745 ], [ 530791.739608460105956, 5008084.140647362917662 ], [ 530791.739513296983205, 5008084.149086019955575 ], [ 530791.747998179635033, 5008084.157623846083879 ], [ 530791.756483256234787, 5008084.166144484654069 ], [ 530791.773548378609121, 5008084.174764294177294 ], [ 530791.79061369493138, 5008084.183366917073727 ] ], [ [ 530791.784715757588856, 5008092.688780318014324 ], [ 530791.784724486293271, 5008092.688780401833355 ], [ 530791.793309090309776, 5008092.68886242620647 ], [ 530791.819144972600043, 5008092.680669717490673 ], [ 530791.836495972354896, 5008092.663939183577895 ], [ 530791.845171569148079, 5008092.65556532330811 ], [ 530791.853942329064012, 5008092.638752806000412 ], [ 530791.854132849257439, 5008092.621858305297792 ], [ 530791.85422801238019, 5008092.613419648259878 ], [ 530791.831440452951938, 5008092.351300354115665 ], [ 530791.831431724363938, 5008092.351300270296633 ], [ 530791.754205202450976, 5008092.350562382489443 ], [ 530791.734186920220964, 5008092.603815920650959 ], [ 530791.734091563150287, 5008092.612271763384342 ], [ 530791.733710522763431, 5008092.646060763858259 ], [ 530791.73361535964068, 5008092.654499420896173 ], [ 530791.742100242292508, 5008092.663037247024477 ], [ 530791.750585318892263, 5008092.671557885594666 ], [ 530791.767650441266596, 5008092.680177695117891 ], [ 530791.784715757588856, 5008092.688780318014324 ] ], [ [ 530791.801651472342201, 5008101.181895634159446 ], [ 530791.810236076358706, 5008101.18197765853256 ], [ 530791.836071958648972, 5008101.173784949816763 ], [ 530791.853422958403826, 5008101.157054415903986 ], [ 530791.862098555197008, 5008101.148680555634201 ], [ 530791.870869315112941, 5008101.131868038326502 ], [ 530791.871059835306369, 5008101.114973537623882 ], [ 530791.87115499842912, 5008101.106534880585968 ], [ 530791.848367439000867, 5008100.844415586441755 ], [ 530791.848358710412867, 5008100.844415502622724 ], [ 530791.771132188499905, 5008100.843677614815533 ], [ 530791.751113906269893, 5008101.096931152977049 ], [ 530791.751018549199216, 5008101.105386995710433 ], [ 530791.75063750881236, 5008101.139175996184349 ], [ 530791.75054234568961, 5008101.147614653222263 ], [ 530791.759027228341438, 5008101.156152479350567 ], [ 530791.767512304941192, 5008101.164673117920756 ], [ 530791.784577427315526, 5008101.173292927443981 ], [ 530791.801642743637785, 5008101.181895550340414 ], [ 530791.801651472342201, 5008101.181895634159446 ] ], [ [ 530836.771547352545895, 5008016.754770571365952 ], [ 530836.7801319565624, 5008016.754852595739067 ], [ 530836.805967838852666, 5008016.74665988702327 ], [ 530836.82331883860752, 5008016.729929353110492 ], [ 530836.831994435400702, 5008016.721555492840707 ], [ 530836.840765195316635, 5008016.704742975533009 ], [ 530836.840955715510063, 5008016.687848474830389 ], [ 530836.841050878632814, 5008016.679409817792475 ], [ 530836.818263319204561, 5008016.417290523648262 ], [ 530836.818254590616561, 5008016.41729043982923 ], [ 530836.741028068703599, 5008016.41655255202204 ], [ 530836.721009786473587, 5008016.669806090183556 ], [ 530836.72091442940291, 5008016.678261932916939 ], [ 530836.720533389016055, 5008016.712050933390856 ], [ 530836.720438225893304, 5008016.72048959042877 ], [ 530836.728923108545132, 5008016.729027416557074 ], [ 530836.737408185144886, 5008016.737548055127263 ], [ 530836.75447330751922, 5008016.746167864650488 ], [ 530836.771538623841479, 5008016.754770487546921 ], [ 530836.771547352545895, 5008016.754770571365952 ] ], [ [ 530798.899335838737898, 5007999.428314028307796 ], [ 530798.899344567442313, 5007999.428314112126827 ], [ 530798.907929171458818, 5007999.428396136499941 ], [ 530798.933765053749084, 5007999.420203427784145 ], [ 530798.951116053503938, 5007999.403472893871367 ], [ 530798.95979165029712, 5007999.395099033601582 ], [ 530798.968562410213053, 5007999.378286516293883 ], [ 530798.968752930406481, 5007999.361392015591264 ], [ 530798.968848093529232, 5007999.35295335855335 ], [ 530798.94606053410098, 5007999.090834064409137 ], [ 530798.94605180551298, 5007999.090833980590105 ], [ 530798.868825283600017, 5007999.090096092782915 ], [ 530798.848807001370005, 5007999.343349630944431 ], [ 530798.848711644299328, 5007999.351805473677814 ], [ 530798.848330603912473, 5007999.385594474151731 ], [ 530798.848235440789722, 5007999.394033131189644 ], [ 530798.85672032344155, 5007999.402570957317948 ], [ 530798.865205400041305, 5007999.411091595888138 ], [ 530798.882270522415638, 5007999.419711405411363 ], [ 530798.899335838737898, 5007999.428314028307796 ] ], [ [ 530801.945460603805259, 5007999.457419280894101 ], [ 530801.954045207821764, 5007999.457501305267215 ], [ 530801.979881090112031, 5007999.449308596551418 ], [ 530801.997232089866884, 5007999.43257806263864 ], [ 530802.005907686660066, 5007999.424204202368855 ], [ 530802.014678446575999, 5007999.407391685061157 ], [ 530802.014868966769427, 5007999.390497184358537 ], [ 530802.014964129892178, 5007999.382058527320623 ], [ 530801.992176570463926, 5007999.11993923317641 ], [ 530801.992167841875926, 5007999.119939149357378 ], [ 530801.914941319962963, 5007999.119201261550188 ], [ 530801.894923037732951, 5007999.372454799711704 ], [ 530801.894827680662274, 5007999.380910642445087 ], [ 530801.894446640275419, 5007999.414699642919004 ], [ 530801.894351477152668, 5007999.423138299956918 ], [ 530801.902836359804496, 5007999.431676126085222 ], [ 530801.911321436404251, 5007999.440196764655411 ], [ 530801.928386558778584, 5007999.448816574178636 ], [ 530801.945451875100844, 5007999.457419197075069 ], [ 530801.945460603805259, 5007999.457419280894101 ] ], [ [ 530796.10082365910057, 5008007.883871380239725 ], [ 530796.109408263117075, 5008007.883953404612839 ], [ 530796.135244145407341, 5008007.875760695897043 ], [ 530796.152595145162195, 5008007.859030161984265 ], [ 530796.161270741955377, 5008007.85065630171448 ], [ 530796.17004150187131, 5008007.833843784406781 ], [ 530796.170232022064738, 5008007.816949283704162 ], [ 530796.170327185187489, 5008007.808510626666248 ], [ 530796.147539625759237, 5008007.546391332522035 ], [ 530796.147530897171237, 5008007.546391248703003 ], [ 530796.070304375258274, 5008007.545653360895813 ], [ 530796.050286093028262, 5008007.798906899057329 ], [ 530796.050190735957585, 5008007.807362741790712 ], [ 530796.04980969557073, 5008007.841151742264628 ], [ 530796.049714532447979, 5008007.849590399302542 ], [ 530796.058199415099807, 5008007.858128225430846 ], [ 530796.066684491699561, 5008007.866648864001036 ], [ 530796.083749614073895, 5008007.875268673524261 ], [ 530796.100814930396155, 5008007.883871296420693 ], [ 530796.10082365910057, 5008007.883871380239725 ] ], [ [ 530799.146917873760685, 5008007.912976340390742 ], [ 530799.146926602465101, 5008007.912976424209774 ], [ 530799.155511206481606, 5008007.913058448582888 ], [ 530799.181347088771872, 5008007.904865739867091 ], [ 530799.198698088526726, 5008007.888135205954313 ], [ 530799.207373685319908, 5008007.879761345684528 ], [ 530799.216144445235841, 5008007.86294882837683 ], [ 530799.216334965429269, 5008007.84605432767421 ], [ 530799.21643012855202, 5008007.837615670636296 ], [ 530799.193642569123767, 5008007.575496376492083 ], [ 530799.193633840535767, 5008007.575496292673051 ], [ 530799.116407318622805, 5008007.574758404865861 ], [ 530799.096389036392793, 5008007.828011943027377 ], [ 530799.096293679322116, 5008007.83646778576076 ], [ 530799.09591263893526, 5008007.870256786234677 ], [ 530799.09581747581251, 5008007.878695443272591 ], [ 530799.104302358464338, 5008007.887233269400895 ], [ 530799.112787435064092, 5008007.895753907971084 ], [ 530799.129852557438426, 5008007.904373717494309 ], [ 530799.146917873760685, 5008007.912976340390742 ] ], [ [ 530802.193042638828047, 5008007.942081592977047 ], [ 530802.201627242844552, 5008007.942163617350161 ], [ 530802.227463125134818, 5008007.933970908634365 ], [ 530802.244814124889672, 5008007.917240374721587 ], [ 530802.253489721682854, 5008007.908866514451802 ], [ 530802.262260481598787, 5008007.892053997144103 ], [ 530802.262451001792215, 5008007.875159496441483 ], [ 530802.262546164914966, 5008007.86672083940357 ], [ 530802.239758605486713, 5008007.604601545259356 ], [ 530802.239749876898713, 5008007.604601461440325 ], [ 530802.162523354985751, 5008007.603863573633134 ], [ 530802.142505072755739, 5008007.857117111794651 ], [ 530802.142409715685062, 5008007.865572954528034 ], [ 530802.142028675298207, 5008007.89936195500195 ], [ 530802.141933512175456, 5008007.907800612039864 ], [ 530802.150418394827284, 5008007.916338438168168 ], [ 530802.158903471427038, 5008007.924859076738358 ], [ 530802.175968593801372, 5008007.933478886261582 ], [ 530802.193033910123631, 5008007.942081509158015 ], [ 530802.193042638828047, 5008007.942081592977047 ] ], [ [ 530803.248442676849663, 5008007.952165776863694 ], [ 530803.257027280866168, 5008007.952247801236808 ], [ 530803.282863163156435, 5008007.944055092521012 ], [ 530803.300214162911288, 5008007.927324558608234 ], [ 530803.308889759704471, 5008007.918950698338449 ], [ 530803.317660519620404, 5008007.90213818103075 ], [ 530803.317851039813831, 5008007.885243680328131 ], [ 530803.317946202936582, 5008007.876805023290217 ], [ 530803.29515864350833, 5008007.614685729146004 ], [ 530803.29514991492033, 5008007.614685645326972 ], [ 530803.217923393007368, 5008007.613947757519782 ], [ 530803.197905110777356, 5008007.867201295681298 ], [ 530803.197809753706679, 5008007.875657138414681 ], [ 530803.197428713319823, 5008007.909446138888597 ], [ 530803.197333550197072, 5008007.917884795926511 ], [ 530803.205818432848901, 5008007.926422622054815 ], [ 530803.214303509448655, 5008007.934943260625005 ], [ 530803.231368631822988, 5008007.94356307014823 ], [ 530803.248433948145248, 5008007.952165693044662 ], [ 530803.248442676849663, 5008007.952165776863694 ] ], [ [ 530794.94976115191821, 5008016.355169858783484 ], [ 530794.949769880622625, 5008016.355169942602515 ], [ 530794.958354484639131, 5008016.355251966975629 ], [ 530794.984190366929397, 5008016.347059258259833 ], [ 530795.001541366684251, 5008016.330328724347055 ], [ 530795.010216963477433, 5008016.32195486407727 ], [ 530795.018987723393366, 5008016.305142346769571 ], [ 530795.019178243586794, 5008016.288247846066952 ], [ 530795.019273406709544, 5008016.279809189029038 ], [ 530794.996485847281292, 5008016.017689894884825 ], [ 530794.996477118693292, 5008016.017689811065793 ], [ 530794.91925059678033, 5008016.016951923258603 ], [ 530794.899232314550318, 5008016.270205461420119 ], [ 530794.899136957479641, 5008016.278661304153502 ], [ 530794.898755917092785, 5008016.312450304627419 ], [ 530794.898660753970034, 5008016.320888961665332 ], [ 530794.907145636621863, 5008016.329426787793636 ], [ 530794.915630713221617, 5008016.337947426363826 ], [ 530794.93269583559595, 5008016.346567235887051 ], [ 530794.94976115191821, 5008016.355169858783484 ] ], [ [ 530796.005161189939827, 5008016.365254042670131 ], [ 530796.005169918644242, 5008016.365254126489162 ], [ 530796.013754522660747, 5008016.365336150862277 ], [ 530796.039590404951014, 5008016.35714344214648 ], [ 530796.056941404705867, 5008016.340412908233702 ], [ 530796.065617001499049, 5008016.332039047963917 ], [ 530796.074387761414982, 5008016.315226530656219 ], [ 530796.07457828160841, 5008016.298332029953599 ], [ 530796.074673444731161, 5008016.289893372915685 ], [ 530796.051885885302909, 5008016.027774078771472 ], [ 530796.051877156714909, 5008016.02777399495244 ], [ 530795.974650634801947, 5008016.02703610714525 ], [ 530795.954632352571934, 5008016.280289645306766 ], [ 530795.954536995501257, 5008016.288745488040149 ], [ 530795.954155955114402, 5008016.322534488514066 ], [ 530795.954060791991651, 5008016.33097314555198 ], [ 530795.962545674643479, 5008016.339510971680284 ], [ 530795.971030751243234, 5008016.348031610250473 ], [ 530795.988095873617567, 5008016.356651419773698 ], [ 530796.005161189939827, 5008016.365254042670131 ] ], [ [ 530799.051277226302773, 5008016.394359211437404 ], [ 530799.051285955007188, 5008016.394359295256436 ], [ 530799.059870559023693, 5008016.39444131962955 ], [ 530799.08570644131396, 5008016.386248610913754 ], [ 530799.103057441068813, 5008016.369518077000976 ], [ 530799.111733037861995, 5008016.361144216731191 ], [ 530799.120503797777928, 5008016.344331699423492 ], [ 530799.120694317971356, 5008016.327437198720872 ], [ 530799.120789481094107, 5008016.318998541682959 ], [ 530799.098001921665855, 5008016.056879247538745 ], [ 530799.097993193077855, 5008016.056879163719714 ], [ 530799.020766671164893, 5008016.056141275912523 ], [ 530799.00074838893488, 5008016.309394814074039 ], [ 530799.000653031864204, 5008016.317850656807423 ], [ 530799.000271991477348, 5008016.351639657281339 ], [ 530799.000176828354597, 5008016.360078314319253 ], [ 530799.008661711006425, 5008016.368616140447557 ], [ 530799.01714678760618, 5008016.377136779017746 ], [ 530799.034211909980513, 5008016.385756588540971 ], [ 530799.051277226302773, 5008016.394359211437404 ] ], [ [ 530802.097388898371719, 5008016.423464339226484 ], [ 530802.105973502388224, 5008016.423546363599598 ], [ 530802.13180938467849, 5008016.415353654883802 ], [ 530802.149160384433344, 5008016.398623120971024 ], [ 530802.157835981226526, 5008016.390249260701239 ], [ 530802.166606741142459, 5008016.37343674339354 ], [ 530802.166797261335887, 5008016.356542242690921 ], [ 530802.166892424458638, 5008016.348103585653007 ], [ 530802.144104865030386, 5008016.085984291508794 ], [ 530802.144096136442386, 5008016.085984207689762 ], [ 530802.066869614529423, 5008016.085246319882572 ], [ 530802.046851332299411, 5008016.338499858044088 ], [ 530802.046755975228734, 5008016.346955700777471 ], [ 530802.046374934841879, 5008016.380744701251388 ], [ 530802.046279771719128, 5008016.389183358289301 ], [ 530802.054764654370956, 5008016.397721184417605 ], [ 530802.063249730970711, 5008016.406241822987795 ], [ 530802.080314853345044, 5008016.41486163251102 ], [ 530802.097380169667304, 5008016.423464255407453 ], [ 530802.097388898371719, 5008016.423464339226484 ] ], [ [ 530795.715904525481164, 5008024.844786945730448 ], [ 530795.72448912949767, 5008024.844868970103562 ], [ 530795.750325011787936, 5008024.836676261387765 ], [ 530795.76767601154279, 5008024.819945727474988 ], [ 530795.776351608335972, 5008024.811571867205203 ], [ 530795.785122368251905, 5008024.794759349897504 ], [ 530795.785312888445333, 5008024.777864849194884 ], [ 530795.785408051568083, 5008024.769426192156971 ], [ 530795.762620492139831, 5008024.507306898012757 ], [ 530795.762611763551831, 5008024.507306814193726 ], [ 530795.685385241638869, 5008024.506568926386535 ], [ 530795.665366959408857, 5008024.759822464548051 ], [ 530795.66527160233818, 5008024.768278307281435 ], [ 530795.664890561951324, 5008024.802067307755351 ], [ 530795.664795398828574, 5008024.810505964793265 ], [ 530795.673280281480402, 5008024.819043790921569 ], [ 530795.681765358080156, 5008024.827564429491758 ], [ 530795.69883048045449, 5008024.836184239014983 ], [ 530795.715895796776749, 5008024.844786861911416 ], [ 530795.715904525481164, 5008024.844786945730448 ] ], [ [ 530798.762011833139695, 5008024.873892030678689 ], [ 530798.76202056184411, 5008024.873892114497721 ], [ 530798.770605165860616, 5008024.873974138870835 ], [ 530798.796441048150882, 5008024.865781430155039 ], [ 530798.813792047905736, 5008024.849050896242261 ], [ 530798.822467644698918, 5008024.840677035972476 ], [ 530798.831238404614851, 5008024.823864518664777 ], [ 530798.831428924808279, 5008024.806970017962158 ], [ 530798.831524087931029, 5008024.798531360924244 ], [ 530798.808736528502777, 5008024.536412066780031 ], [ 530798.808727799914777, 5008024.536411982960999 ], [ 530798.731501278001815, 5008024.535674095153809 ], [ 530798.711482995771803, 5008024.788927633315325 ], [ 530798.711387638701126, 5008024.797383476048708 ], [ 530798.71100659831427, 5008024.831172476522624 ], [ 530798.71091143519152, 5008024.839611133560538 ], [ 530798.719396317843348, 5008024.848148959688842 ], [ 530798.727881394443102, 5008024.856669598259032 ], [ 530798.744946516817436, 5008024.865289407782257 ], [ 530798.762011833139695, 5008024.873892030678689 ] ], [ [ 530799.808835995616391, 5008024.883894273079932 ], [ 530799.808844724320807, 5008024.883894356898963 ], [ 530799.817429328337312, 5008024.883976381272078 ], [ 530799.843265210627578, 5008024.875783672556281 ], [ 530799.860616210382432, 5008024.859053138643503 ], [ 530799.869291807175614, 5008024.850679278373718 ], [ 530799.878062567091547, 5008024.83386676106602 ], [ 530799.878253087284975, 5008024.8169722603634 ], [ 530799.878348250407726, 5008024.808533603325486 ], [ 530799.855560690979473, 5008024.546414309181273 ], [ 530799.855551962391473, 5008024.546414225362241 ], [ 530799.778325440478511, 5008024.545676337555051 ], [ 530799.758307158248499, 5008024.798929875716567 ], [ 530799.758211801177822, 5008024.80738571844995 ], [ 530799.757830760790966, 5008024.841174718923867 ], [ 530799.757735597668216, 5008024.849613375961781 ], [ 530799.766220480320044, 5008024.858151202090085 ], [ 530799.774705556919798, 5008024.866671840660274 ], [ 530799.791770679294132, 5008024.875291650183499 ], [ 530799.808835995616391, 5008024.883894273079932 ] ], [ [ 530802.854952031979337, 5008024.912999441847205 ], [ 530802.854960760683753, 5008024.912999525666237 ], [ 530802.863545364700258, 5008024.913081550039351 ], [ 530802.889381246990524, 5008024.904888841323555 ], [ 530802.906732246745378, 5008024.888158307410777 ], [ 530802.91540784353856, 5008024.879784447140992 ], [ 530802.924178603454493, 5008024.862971929833293 ], [ 530802.924369123647921, 5008024.846077429130673 ], [ 530802.924464286770672, 5008024.83763877209276 ], [ 530802.901676727342419, 5008024.575519477948546 ], [ 530802.901667998754419, 5008024.575519394129515 ], [ 530802.824441476841457, 5008024.574781506322324 ], [ 530802.804423194611445, 5008024.82803504448384 ], [ 530802.804327837540768, 5008024.836490887217224 ], [ 530802.803946797153912, 5008024.87027988769114 ], [ 530802.803851634031162, 5008024.878718544729054 ], [ 530802.81233651668299, 5008024.887256370857358 ], [ 530802.820821593282744, 5008024.895777009427547 ], [ 530802.837886715657078, 5008024.904396818950772 ], [ 530802.854952031979337, 5008024.912999441847205 ] ], [ [ 530796.500325260101818, 5008033.334578666836023 ], [ 530796.508909864118323, 5008033.334660691209137 ], [ 530796.534745746408589, 5008033.326467982493341 ], [ 530796.552096746163443, 5008033.309737448580563 ], [ 530796.560772342956625, 5008033.301363588310778 ], [ 530796.569543102872558, 5008033.284551071003079 ], [ 530796.569733623065986, 5008033.26765657030046 ], [ 530796.569828786188737, 5008033.259217913262546 ], [ 530796.547041226760484, 5008032.997098619118333 ], [ 530796.547032498172484, 5008032.997098535299301 ], [ 530796.469805976259522, 5008032.996360647492111 ], [ 530796.44978769402951, 5008033.249614185653627 ], [ 530796.449692336958833, 5008033.25807002838701 ], [ 530796.449311296571977, 5008033.291859028860927 ], [ 530796.449216133449227, 5008033.30029768589884 ], [ 530796.457701016101055, 5008033.308835512027144 ], [ 530796.466186092700809, 5008033.317356150597334 ], [ 530796.483251215075143, 5008033.325975960120559 ], [ 530796.500316531397402, 5008033.334578583016992 ], [ 530796.500325260101818, 5008033.334578666836023 ] ], [ [ 530799.546428203466348, 5008033.363683710806072 ], [ 530799.555012807482854, 5008033.363765735179186 ], [ 530799.58084868977312, 5008033.355573026463389 ], [ 530799.598199689527974, 5008033.338842492550611 ], [ 530799.606875286321156, 5008033.330468632280827 ], [ 530799.615646046237089, 5008033.313656114973128 ], [ 530799.615836566430517, 5008033.296761614270508 ], [ 530799.615931729553267, 5008033.288322957232594 ], [ 530799.593144170125015, 5008033.026203663088381 ], [ 530799.593135441537015, 5008033.02620357926935 ], [ 530799.515908919624053, 5008033.025465691462159 ], [ 530799.495890637394041, 5008033.278719229623675 ], [ 530799.495795280323364, 5008033.287175072357059 ], [ 530799.495414239936508, 5008033.320964072830975 ], [ 530799.495319076813757, 5008033.329402729868889 ], [ 530799.503803959465586, 5008033.337940555997193 ], [ 530799.51228903606534, 5008033.346461194567382 ], [ 530799.529354158439673, 5008033.355081004090607 ], [ 530799.546419474761933, 5008033.36368362698704 ], [ 530799.546428203466348, 5008033.363683710806072 ] ], [ [ 530802.592535511124879, 5008033.392788795754313 ], [ 530802.592544239829294, 5008033.392788879573345 ], [ 530802.6011288438458, 5008033.392870903946459 ], [ 530802.626964726136066, 5008033.384678195230663 ], [ 530802.64431572589092, 5008033.367947661317885 ], [ 530802.652991322684102, 5008033.3595738010481 ], [ 530802.661762082600035, 5008033.342761283740401 ], [ 530802.661952602793463, 5008033.325866783037782 ], [ 530802.662047765916213, 5008033.317428125999868 ], [ 530802.639260206487961, 5008033.055308831855655 ], [ 530802.639251477899961, 5008033.055308748036623 ], [ 530802.562024955986999, 5008033.054570860229433 ], [ 530802.542006673756987, 5008033.307824398390949 ], [ 530802.54191131668631, 5008033.316280241124332 ], [ 530802.541530276299454, 5008033.350069241598248 ], [ 530802.541435113176703, 5008033.358507898636162 ], [ 530802.549919995828532, 5008033.367045724764466 ], [ 530802.558405072428286, 5008033.375566363334656 ], [ 530802.57547019480262, 5008033.384186172857881 ], [ 530802.592535511124879, 5008033.392788795754313 ] ], [ [ 530803.639359673601575, 5008033.402791038155556 ], [ 530803.63936840230599, 5008033.402791121974587 ], [ 530803.647953006322496, 5008033.402873146347702 ], [ 530803.673788888612762, 5008033.394680437631905 ], [ 530803.691139888367616, 5008033.377949903719127 ], [ 530803.699815485160798, 5008033.369576043449342 ], [ 530803.708586245076731, 5008033.352763526141644 ], [ 530803.708776765270159, 5008033.335869025439024 ], [ 530803.708871928392909, 5008033.32743036840111 ], [ 530803.686084368964657, 5008033.065311074256897 ], [ 530803.686075640376657, 5008033.065310990437865 ], [ 530803.608849118463695, 5008033.064573102630675 ], [ 530803.588830836233683, 5008033.317826640792191 ], [ 530803.588735479163006, 5008033.326282483525574 ], [ 530803.58835443877615, 5008033.360071483999491 ], [ 530803.5882592756534, 5008033.368510141037405 ], [ 530803.596744158305228, 5008033.377047967165709 ], [ 530803.605229234904982, 5008033.385568605735898 ], [ 530803.622294357279316, 5008033.394188415259123 ], [ 530803.639359673601575, 5008033.402791038155556 ] ], [ [ 530796.233062263578176, 5008041.81433030962944 ], [ 530796.233070992282592, 5008041.814330393448472 ], [ 530796.241655596299097, 5008041.814412417821586 ], [ 530796.267491478589363, 5008041.80621970910579 ], [ 530796.284842478344217, 5008041.789489175193012 ], [ 530796.293518075137399, 5008041.781115314923227 ], [ 530796.302288835053332, 5008041.764302797615528 ], [ 530796.30247935524676, 5008041.747408296912909 ], [ 530796.302574518369511, 5008041.738969639874995 ], [ 530796.279786958941258, 5008041.476850345730782 ], [ 530796.279778230353259, 5008041.47685026191175 ], [ 530796.202551708440296, 5008041.476112374104559 ], [ 530796.182533426210284, 5008041.729365912266076 ], [ 530796.182438069139607, 5008041.737821754999459 ], [ 530796.182057028752752, 5008041.771610755473375 ], [ 530796.181961865630001, 5008041.780049412511289 ], [ 530796.190446748281829, 5008041.788587238639593 ], [ 530796.198931824881583, 5008041.797107877209783 ], [ 530796.215996947255917, 5008041.805727686733007 ], [ 530796.233062263578176, 5008041.81433030962944 ] ], [ [ 530797.279895154759288, 5008041.824332635849714 ], [ 530797.288479758775793, 5008041.824414660222828 ], [ 530797.314315641066059, 5008041.816221951507032 ], [ 530797.331666640820913, 5008041.799491417594254 ], [ 530797.340342237614095, 5008041.791117557324469 ], [ 530797.349112997530028, 5008041.77430504001677 ], [ 530797.349303517723456, 5008041.757410539314151 ], [ 530797.349398680846207, 5008041.748971882276237 ], [ 530797.326611121417955, 5008041.486852588132024 ], [ 530797.326602392829955, 5008041.486852504312992 ], [ 530797.249375870916992, 5008041.486114616505802 ], [ 530797.22935758868698, 5008041.739368154667318 ], [ 530797.229262231616303, 5008041.747823997400701 ], [ 530797.228881191229448, 5008041.781612997874618 ], [ 530797.228786028106697, 5008041.790051654912531 ], [ 530797.237270910758525, 5008041.798589481040835 ], [ 530797.24575598735828, 5008041.807110119611025 ], [ 530797.262821109732613, 5008041.81572992913425 ], [ 530797.279886426054873, 5008041.824332552030683 ], [ 530797.279895154759288, 5008041.824332635849714 ] ], [ [ 530800.326011191122234, 5008041.853437804616988 ], [ 530800.334595795138739, 5008041.853519828990102 ], [ 530800.360431677429006, 5008041.845327120274305 ], [ 530800.377782677183859, 5008041.828596586361527 ], [ 530800.386458273977041, 5008041.820222726091743 ], [ 530800.395229033892974, 5008041.803410208784044 ], [ 530800.395419554086402, 5008041.786515708081424 ], [ 530800.395514717209153, 5008041.77807705104351 ], [ 530800.372727157780901, 5008041.515957756899297 ], [ 530800.372718429192901, 5008041.515957673080266 ], [ 530800.295491907279938, 5008041.515219785273075 ], [ 530800.275473625049926, 5008041.768473323434591 ], [ 530800.275378267979249, 5008041.776929166167974 ], [ 530800.274997227592394, 5008041.810718166641891 ], [ 530800.274902064469643, 5008041.819156823679805 ], [ 530800.283386947121471, 5008041.827694649808109 ], [ 530800.291872023721226, 5008041.836215288378298 ], [ 530800.308937146095559, 5008041.844835097901523 ], [ 530800.326002462417819, 5008041.853437720797956 ], [ 530800.326011191122234, 5008041.853437804616988 ] ], [ [ 530803.372105405782349, 5008041.882542764768004 ], [ 530803.372114134486765, 5008041.882542848587036 ], [ 530803.38069873850327, 5008041.88262487296015 ], [ 530803.406534620793536, 5008041.874432164244354 ], [ 530803.42388562054839, 5008041.857701630331576 ], [ 530803.432561217341572, 5008041.849327770061791 ], [ 530803.441331977257505, 5008041.832515252754092 ], [ 530803.441522497450933, 5008041.815620752051473 ], [ 530803.441617660573684, 5008041.807182095013559 ], [ 530803.418830101145431, 5008041.545062800869346 ], [ 530803.418821372557431, 5008041.545062717050314 ], [ 530803.341594850644469, 5008041.544324829243124 ], [ 530803.321576568414457, 5008041.79757836740464 ], [ 530803.32148121134378, 5008041.806034210138023 ], [ 530803.321100170956925, 5008041.839823210611939 ], [ 530803.321005007834174, 5008041.848261867649853 ], [ 530803.329489890486002, 5008041.856799693778157 ], [ 530803.337974967085756, 5008041.865320332348347 ], [ 530803.35504008946009, 5008041.873940141871572 ], [ 530803.372105405782349, 5008041.882542764768004 ] ], [ [ 530797.012647627270781, 5008050.304067236371338 ], [ 530797.021232231287286, 5008050.304149260744452 ], [ 530797.047068113577552, 5008050.295956552028656 ], [ 530797.064419113332406, 5008050.279226018115878 ], [ 530797.073094710125588, 5008050.270852157846093 ], [ 530797.081865470041521, 5008050.254039640538394 ], [ 530797.082055990234949, 5008050.237145139835775 ], [ 530797.0821511533577, 5008050.228706482797861 ], [ 530797.059363593929447, 5008049.966587188653648 ], [ 530797.059354865341447, 5008049.966587104834616 ], [ 530796.982128343428485, 5008049.965849217027426 ], [ 530796.962110061198473, 5008050.219102755188942 ], [ 530796.962014704127796, 5008050.227558597922325 ], [ 530796.96163366374094, 5008050.261347598396242 ], [ 530796.96153850061819, 5008050.269786255434155 ], [ 530796.970023383270018, 5008050.278324081562459 ], [ 530796.978508459869772, 5008050.286844720132649 ], [ 530796.995573582244106, 5008050.295464529655874 ], [ 530797.012638898566365, 5008050.304067152552307 ], [ 530797.012647627270781, 5008050.304067236371338 ] ], [ [ 530800.058763663633727, 5008050.333172405138612 ], [ 530800.067348267650232, 5008050.333254429511726 ], [ 530800.093184149940498, 5008050.325061720795929 ], [ 530800.110535149695352, 5008050.308331186883152 ], [ 530800.119210746488534, 5008050.299957326613367 ], [ 530800.127981506404467, 5008050.283144809305668 ], [ 530800.128172026597895, 5008050.266250308603048 ], [ 530800.128267189720646, 5008050.257811651565135 ], [ 530800.105479630292393, 5008049.995692357420921 ], [ 530800.105470901704393, 5008049.99569227360189 ], [ 530800.028244379791431, 5008049.994954385794699 ], [ 530800.008226097561419, 5008050.248207923956215 ], [ 530800.008130740490742, 5008050.256663766689599 ], [ 530800.007749700103886, 5008050.290452767163515 ], [ 530800.007654536981136, 5008050.298891424201429 ], [ 530800.016139419632964, 5008050.307429250329733 ], [ 530800.024624496232718, 5008050.315949888899922 ], [ 530800.041689618607052, 5008050.324569698423147 ], [ 530800.058754934929311, 5008050.33317232131958 ], [ 530800.058763663633727, 5008050.333172405138612 ] ], [ [ 530801.114154972950928, 5008050.343256505206227 ], [ 530801.114163701655343, 5008050.343256589025259 ], [ 530801.122748305671848, 5008050.343338613398373 ], [ 530801.148584187962115, 5008050.335145904682577 ], [ 530801.165935187716968, 5008050.318415370769799 ], [ 530801.174610784510151, 5008050.310041510500014 ], [ 530801.183381544426084, 5008050.293228993192315 ], [ 530801.183572064619511, 5008050.276334492489696 ], [ 530801.183667227742262, 5008050.267895835451782 ], [ 530801.16087966831401, 5008050.005776541307569 ], [ 530801.16087093972601, 5008050.005776457488537 ], [ 530801.083644417813048, 5008050.005038569681346 ], [ 530801.063626135583036, 5008050.258292107842863 ], [ 530801.063530778512359, 5008050.266747950576246 ], [ 530801.063149738125503, 5008050.300536951050162 ], [ 530801.063054575002752, 5008050.308975608088076 ], [ 530801.07153945765458, 5008050.31751343421638 ], [ 530801.080024534254335, 5008050.32603407278657 ], [ 530801.097089656628668, 5008050.334653882309794 ], [ 530801.114154972950928, 5008050.343256505206227 ] ], [ [ 530804.160279738018289, 5008050.372361757792532 ], [ 530804.168864342034794, 5008050.372443782165647 ], [ 530804.194700224325061, 5008050.36425107344985 ], [ 530804.212051224079914, 5008050.347520539537072 ], [ 530804.220726820873097, 5008050.339146679267287 ], [ 530804.22949758078903, 5008050.322334161959589 ], [ 530804.229688100982457, 5008050.305439661256969 ], [ 530804.229783264105208, 5008050.297001004219055 ], [ 530804.206995704676956, 5008050.034881710074842 ], [ 530804.206986976088956, 5008050.03488162625581 ], [ 530804.129760454175994, 5008050.03414373844862 ], [ 530804.109742171945982, 5008050.287397276610136 ], [ 530804.109646814875305, 5008050.295853119343519 ], [ 530804.109265774488449, 5008050.329642119817436 ], [ 530804.109170611365698, 5008050.33808077685535 ], [ 530804.117655494017527, 5008050.346618602983654 ], [ 530804.126140570617281, 5008050.355139241553843 ], [ 530804.143205692991614, 5008050.363759051077068 ], [ 530804.160271009313874, 5008050.372361673973501 ], [ 530804.160279738018289, 5008050.372361757792532 ] ], [ [ 530794.4972679867642, 5008058.762338468804955 ], [ 530794.497276715468615, 5008058.762338552623987 ], [ 530794.50586131948512, 5008058.762420576997101 ], [ 530794.531697201775387, 5008058.754227868281305 ], [ 530794.54904820153024, 5008058.737497334368527 ], [ 530794.557723798323423, 5008058.729123474098742 ], [ 530794.566494558239356, 5008058.712310956791043 ], [ 530794.566685078432783, 5008058.695416456088424 ], [ 530794.566780241555534, 5008058.68697779905051 ], [ 530794.543992682127282, 5008058.424858504906297 ], [ 530794.543983953539282, 5008058.424858421087265 ], [ 530794.46675743162632, 5008058.424120533280075 ], [ 530794.446739149396308, 5008058.677374071441591 ], [ 530794.446643792325631, 5008058.685829914174974 ], [ 530794.446262751938775, 5008058.71961891464889 ], [ 530794.446167588816024, 5008058.728057571686804 ], [ 530794.454652471467853, 5008058.736595397815108 ], [ 530794.463137548067607, 5008058.745116036385298 ], [ 530794.48020267044194, 5008058.753735845908523 ], [ 530794.4972679867642, 5008058.762338468804955 ] ], [ [ 530797.543384023127146, 5008058.791443637572229 ], [ 530797.543392751831561, 5008058.791443721391261 ], [ 530797.551977355848067, 5008058.791525745764375 ], [ 530797.577813238138333, 5008058.783333037048578 ], [ 530797.595164237893187, 5008058.7666025031358 ], [ 530797.603839834686369, 5008058.758228642866015 ], [ 530797.612610594602302, 5008058.741416125558317 ], [ 530797.61280111479573, 5008058.724521624855697 ], [ 530797.61289627791848, 5008058.716082967817783 ], [ 530797.590108718490228, 5008058.45396367367357 ], [ 530797.590099989902228, 5008058.453963589854538 ], [ 530797.512873467989266, 5008058.453225702047348 ], [ 530797.492855185759254, 5008058.706479240208864 ], [ 530797.492759828688577, 5008058.714935082942247 ], [ 530797.492378788301721, 5008058.748724083416164 ], [ 530797.49228362517897, 5008058.757162740454078 ], [ 530797.500768507830799, 5008058.765700566582382 ], [ 530797.509253584430553, 5008058.774221205152571 ], [ 530797.526318706804886, 5008058.782841014675796 ], [ 530797.543384023127146, 5008058.791443637572229 ] ], [ [ 530800.589495695196092, 5008058.820548765361309 ], [ 530800.598080299212597, 5008058.820630789734423 ], [ 530800.623916181502864, 5008058.812438081018627 ], [ 530800.641267181257717, 5008058.795707547105849 ], [ 530800.6499427780509, 5008058.787333686836064 ], [ 530800.658713537966833, 5008058.770521169528365 ], [ 530800.65890405816026, 5008058.753626668825746 ], [ 530800.658999221283011, 5008058.745188011787832 ], [ 530800.636211661854759, 5008058.483068717643619 ], [ 530800.636202933266759, 5008058.483068633824587 ], [ 530800.558976411353797, 5008058.482330746017396 ], [ 530800.538958129123785, 5008058.735584284178913 ], [ 530800.538862772053108, 5008058.744040126912296 ], [ 530800.538481731666252, 5008058.777829127386212 ], [ 530800.538386568543501, 5008058.786267784424126 ], [ 530800.546871451195329, 5008058.79480561055243 ], [ 530800.555356527795084, 5008058.80332624912262 ], [ 530800.572421650169417, 5008058.811946058645844 ], [ 530800.589486966491677, 5008058.820548681542277 ], [ 530800.589495695196092, 5008058.820548765361309 ] ], [ [ 530803.635611731559038, 5008058.849653934128582 ], [ 530803.644196335575543, 5008058.849735958501697 ], [ 530803.67003221786581, 5008058.8415432497859 ], [ 530803.687383217620663, 5008058.824812715873122 ], [ 530803.696058814413846, 5008058.816438855603337 ], [ 530803.704829574329779, 5008058.799626338295639 ], [ 530803.705020094523206, 5008058.782731837593019 ], [ 530803.705115257645957, 5008058.774293180555105 ], [ 530803.682327698217705, 5008058.512173886410892 ], [ 530803.682318969629705, 5008058.51217380259186 ], [ 530803.605092447716743, 5008058.51143591478467 ], [ 530803.585074165486731, 5008058.764689452946186 ], [ 530803.584978808416054, 5008058.773145295679569 ], [ 530803.584597768029198, 5008058.806934296153486 ], [ 530803.584502604906447, 5008058.8153729531914 ], [ 530803.592987487558275, 5008058.823910779319704 ], [ 530803.60147256415803, 5008058.832431417889893 ], [ 530803.618537686532363, 5008058.841051227413118 ], [ 530803.635603002854623, 5008058.849653850309551 ], [ 530803.635611731559038, 5008058.849653934128582 ] ], [ [ 530794.332976595964283, 5008067.243073989637196 ], [ 530794.332985324668698, 5008067.243074073456228 ], [ 530794.341569928685203, 5008067.243156097829342 ], [ 530794.36740581097547, 5008067.234963389113545 ], [ 530794.384756810730323, 5008067.218232855200768 ], [ 530794.393432407523505, 5008067.209858994930983 ], [ 530794.402203167439438, 5008067.193046477623284 ], [ 530794.402393687632866, 5008067.176151976920664 ], [ 530794.402488850755617, 5008067.167713319882751 ], [ 530794.379701291327365, 5008066.905594025738537 ], [ 530794.379692562739365, 5008066.905593941919506 ], [ 530794.302466040826403, 5008066.904856054112315 ], [ 530794.28244775859639, 5008067.158109592273831 ], [ 530794.282352401525714, 5008067.166565435007215 ], [ 530794.281971361138858, 5008067.200354435481131 ], [ 530794.281876198016107, 5008067.208793092519045 ], [ 530794.290361080667935, 5008067.217330918647349 ], [ 530794.29884615726769, 5008067.225851557217538 ], [ 530794.315911279642023, 5008067.234471366740763 ], [ 530794.332976595964283, 5008067.243073989637196 ] ], [ [ 530797.379092632327229, 5008067.272179158404469 ], [ 530797.379101361031644, 5008067.272179242223501 ], [ 530797.387685965048149, 5008067.272261266596615 ], [ 530797.413521847338416, 5008067.264068557880819 ], [ 530797.430872847093269, 5008067.247338023968041 ], [ 530797.439548443886451, 5008067.238964163698256 ], [ 530797.448319203802384, 5008067.222151646390557 ], [ 530797.448509723995812, 5008067.205257145687938 ], [ 530797.448604887118563, 5008067.196818488650024 ], [ 530797.425817327690311, 5008066.934699194505811 ], [ 530797.425808599102311, 5008066.934699110686779 ], [ 530797.348582077189349, 5008066.933961222879589 ], [ 530797.328563794959337, 5008067.187214761041105 ], [ 530797.32846843788866, 5008067.195670603774488 ], [ 530797.328087397501804, 5008067.229459604248405 ], [ 530797.327992234379053, 5008067.237898261286318 ], [ 530797.336477117030881, 5008067.246436087414622 ], [ 530797.344962193630636, 5008067.254956725984812 ], [ 530797.362027316004969, 5008067.263576535508037 ], [ 530797.379092632327229, 5008067.272179158404469 ] ], [ [ 530798.425916794803925, 5008067.282181400805712 ], [ 530798.42592552350834, 5008067.282181484624743 ], [ 530798.434510127524845, 5008067.282263508997858 ], [ 530798.460346009815112, 5008067.274070800282061 ], [ 530798.477697009569965, 5008067.257340266369283 ], [ 530798.486372606363147, 5008067.248966406099498 ], [ 530798.495143366279081, 5008067.2321538887918 ], [ 530798.495333886472508, 5008067.21525938808918 ], [ 530798.495429049595259, 5008067.206820731051266 ], [ 530798.472641490167007, 5008066.944701436907053 ], [ 530798.472632761579007, 5008066.944701353088021 ], [ 530798.395406239666045, 5008066.943963465280831 ], [ 530798.375387957436033, 5008067.197217003442347 ], [ 530798.375292600365356, 5008067.20567284617573 ], [ 530798.3749115599785, 5008067.239461846649647 ], [ 530798.374816396855749, 5008067.247900503687561 ], [ 530798.383301279507577, 5008067.256438329815865 ], [ 530798.391786356107332, 5008067.264958968386054 ], [ 530798.408851478481665, 5008067.273578777909279 ], [ 530798.425916794803925, 5008067.282181400805712 ] ], [ [ 530801.472041559871286, 5008067.311286653392017 ], [ 530801.480626163887791, 5008067.311368677765131 ], [ 530801.506462046178058, 5008067.303175969049335 ], [ 530801.523813045932911, 5008067.286445435136557 ], [ 530801.532488642726094, 5008067.278071574866772 ], [ 530801.541259402642027, 5008067.261259057559073 ], [ 530801.541449922835454, 5008067.244364556856453 ], [ 530801.541545085958205, 5008067.23592589981854 ], [ 530801.518757526529953, 5008066.973806605674326 ], [ 530801.518748797941953, 5008066.973806521855295 ], [ 530801.441522276028991, 5008066.973068634048104 ], [ 530801.421503993798979, 5008067.22632217220962 ], [ 530801.421408636728302, 5008067.234778014943004 ], [ 530801.421027596341446, 5008067.26856701541692 ], [ 530801.420932433218695, 5008067.277005672454834 ], [ 530801.429417315870523, 5008067.285543498583138 ], [ 530801.437902392470278, 5008067.294064137153327 ], [ 530801.454967514844611, 5008067.302683946676552 ], [ 530801.472032831166871, 5008067.311286569572985 ], [ 530801.472041559871286, 5008067.311286653392017 ] ], [ [ 530795.043922321056016, 5008075.732146481052041 ], [ 530795.052506925072521, 5008075.732228505425155 ], [ 530795.078342807362787, 5008075.724035796709359 ], [ 530795.095693807117641, 5008075.707305262796581 ], [ 530795.104369403910823, 5008075.698931402526796 ], [ 530795.113140163826756, 5008075.682118885219097 ], [ 530795.113330684020184, 5008075.665224384516478 ], [ 530795.113425847142935, 5008075.656785727478564 ], [ 530795.090638287714683, 5008075.394666433334351 ], [ 530795.090629559126683, 5008075.394666349515319 ], [ 530795.01340303721372, 5008075.393928461708128 ], [ 530794.993384754983708, 5008075.647181999869645 ], [ 530794.993289397913031, 5008075.655637842603028 ], [ 530794.992908357526176, 5008075.689426843076944 ], [ 530794.992813194403425, 5008075.697865500114858 ], [ 530795.001298077055253, 5008075.706403326243162 ], [ 530795.009783153655007, 5008075.714923964813352 ], [ 530795.026848276029341, 5008075.723543774336576 ], [ 530795.043913592351601, 5008075.732146397233009 ], [ 530795.043922321056016, 5008075.732146481052041 ] ], [ [ 530798.090016535716131, 5008075.761251441203058 ], [ 530798.090025264420547, 5008075.761251525022089 ], [ 530798.098609868437052, 5008075.761333549395204 ], [ 530798.124445750727318, 5008075.753140840679407 ], [ 530798.141796750482172, 5008075.736410306766629 ], [ 530798.150472347275354, 5008075.728036446496844 ], [ 530798.159243107191287, 5008075.711223929189146 ], [ 530798.159433627384715, 5008075.694329428486526 ], [ 530798.159528790507466, 5008075.685890771448612 ], [ 530798.136741231079213, 5008075.423771477304399 ], [ 530798.136732502491213, 5008075.423771393485367 ], [ 530798.059505980578251, 5008075.423033505678177 ], [ 530798.039487698348239, 5008075.676287043839693 ], [ 530798.039392341277562, 5008075.684742886573076 ], [ 530798.039011300890706, 5008075.718531887046993 ], [ 530798.038916137767956, 5008075.726970544084907 ], [ 530798.047401020419784, 5008075.735508370213211 ], [ 530798.055886097019538, 5008075.7440290087834 ], [ 530798.072951219393872, 5008075.752648818306625 ], [ 530798.090016535716131, 5008075.761251441203058 ] ], [ [ 530801.136132572079077, 5008075.790356609970331 ], [ 530801.136141300783493, 5008075.790356693789363 ], [ 530801.144725904799998, 5008075.790438718162477 ], [ 530801.170561787090264, 5008075.782246009446681 ], [ 530801.187912786845118, 5008075.765515475533903 ], [ 530801.1965883836383, 5008075.757141615264118 ], [ 530801.205359143554233, 5008075.740329097956419 ], [ 530801.205549663747661, 5008075.723434597253799 ], [ 530801.205644826870412, 5008075.714995940215886 ], [ 530801.182857267442159, 5008075.452876646071672 ], [ 530801.182848538854159, 5008075.452876562252641 ], [ 530801.105622016941197, 5008075.45213867444545 ], [ 530801.085603734711185, 5008075.705392212606966 ], [ 530801.085508377640508, 5008075.71384805534035 ], [ 530801.085127337253653, 5008075.747637055814266 ], [ 530801.085032174130902, 5008075.75607571285218 ], [ 530801.09351705678273, 5008075.764613538980484 ], [ 530801.102002133382484, 5008075.773134177550673 ], [ 530801.119067255756818, 5008075.781753987073898 ], [ 530801.136132572079077, 5008075.790356609970331 ] ], [ [ 530802.182956734555773, 5008075.800358852371573 ], [ 530802.182965463260189, 5008075.800358936190605 ], [ 530802.191550067276694, 5008075.800440960563719 ], [ 530802.21738594956696, 5008075.792248251847923 ], [ 530802.234736949321814, 5008075.775517717935145 ], [ 530802.243412546114996, 5008075.76714385766536 ], [ 530802.252183306030929, 5008075.750331340357661 ], [ 530802.252373826224357, 5008075.733436839655042 ], [ 530802.252468989347108, 5008075.724998182617128 ], [ 530802.229681429918855, 5008075.462878888472915 ], [ 530802.229672701330855, 5008075.462878804653883 ], [ 530802.152446179417893, 5008075.462140916846693 ], [ 530802.132427897187881, 5008075.715394455008209 ], [ 530802.132332540117204, 5008075.723850297741592 ], [ 530802.131951499730349, 5008075.757639298215508 ], [ 530802.131856336607598, 5008075.766077955253422 ], [ 530802.140341219259426, 5008075.774615781381726 ], [ 530802.14882629585918, 5008075.783136419951916 ], [ 530802.165891418233514, 5008075.791756229475141 ], [ 530802.182956734555773, 5008075.800358852371573 ] ], [ [ 530794.836738459998742, 5008084.212472169660032 ], [ 530794.845323064015247, 5008084.212554194033146 ], [ 530794.871158946305513, 5008084.204361485317349 ], [ 530794.888509946060367, 5008084.187630951404572 ], [ 530794.897185542853549, 5008084.179257091134787 ], [ 530794.905956302769482, 5008084.162444573827088 ], [ 530794.90614682296291, 5008084.145550073124468 ], [ 530794.906241986085661, 5008084.137111416086555 ], [ 530794.883454426657408, 5008083.874992121942341 ], [ 530794.883445698069409, 5008083.87499203812331 ], [ 530794.806219176156446, 5008083.874254150316119 ], [ 530794.786200893926434, 5008084.127507688477635 ], [ 530794.786105536855757, 5008084.135963531211019 ], [ 530794.785724496468902, 5008084.169752531684935 ], [ 530794.785629333346151, 5008084.178191188722849 ], [ 530794.794114215997979, 5008084.186729014851153 ], [ 530794.802599292597733, 5008084.195249653421342 ], [ 530794.819664414972067, 5008084.203869462944567 ], [ 530794.836729731294326, 5008084.212472085841 ], [ 530794.836738459998742, 5008084.212472169660032 ] ], [ [ 530795.892138498020358, 5008084.222556353546679 ], [ 530795.900723102036864, 5008084.222638377919793 ], [ 530795.92655898432713, 5008084.214445669203997 ], [ 530795.943909984081984, 5008084.197715135291219 ], [ 530795.952585580875166, 5008084.189341275021434 ], [ 530795.961356340791099, 5008084.172528757713735 ], [ 530795.961546860984527, 5008084.155634257011116 ], [ 530795.961642024107277, 5008084.147195599973202 ], [ 530795.938854464679025, 5008083.885076305828989 ], [ 530795.938845736091025, 5008083.885076222009957 ], [ 530795.861619214178063, 5008083.884338334202766 ], [ 530795.841600931948051, 5008084.137591872364283 ], [ 530795.841505574877374, 5008084.146047715097666 ], [ 530795.841124534490518, 5008084.179836715571582 ], [ 530795.841029371367767, 5008084.188275372609496 ], [ 530795.849514254019596, 5008084.1968131987378 ], [ 530795.85799933061935, 5008084.20533383730799 ], [ 530795.875064452993684, 5008084.213953646831214 ], [ 530795.892129769315943, 5008084.222556269727647 ], [ 530795.892138498020358, 5008084.222556353546679 ] ], [ [ 530798.938245805678889, 5008084.251661438494921 ], [ 530798.938254534383304, 5008084.251661522313952 ], [ 530798.94683913839981, 5008084.251743546687067 ], [ 530798.972675020690076, 5008084.24355083797127 ], [ 530798.99002602044493, 5008084.226820304058492 ], [ 530798.998701617238112, 5008084.218446443788707 ], [ 530799.007472377154045, 5008084.201633926481009 ], [ 530799.007662897347473, 5008084.184739425778389 ], [ 530799.007758060470223, 5008084.176300768740475 ], [ 530798.984970501041971, 5008083.914181474596262 ], [ 530798.984961772453971, 5008083.91418139077723 ], [ 530798.907735250541009, 5008083.91344350297004 ], [ 530798.887716968310997, 5008084.166697041131556 ], [ 530798.88762161124032, 5008084.175152883864939 ], [ 530798.887240570853464, 5008084.208941884338856 ], [ 530798.887145407730713, 5008084.21738054137677 ], [ 530798.895630290382542, 5008084.225918367505074 ], [ 530798.904115366982296, 5008084.234439006075263 ], [ 530798.92118048935663, 5008084.243058815598488 ], [ 530798.938245805678889, 5008084.251661438494921 ] ], [ [ 530801.984357477747835, 5008084.280766566284001 ], [ 530801.99294208176434, 5008084.280848590657115 ], [ 530802.018777964054607, 5008084.272655881941319 ], [ 530802.03612896380946, 5008084.255925348028541 ], [ 530802.044804560602643, 5008084.247551487758756 ], [ 530802.053575320518576, 5008084.230738970451057 ], [ 530802.053765840712003, 5008084.213844469748437 ], [ 530802.053861003834754, 5008084.205405812710524 ], [ 530802.031073444406502, 5008083.94328651856631 ], [ 530802.031064715818502, 5008083.943286434747279 ], [ 530801.95383819390554, 5008083.942548546940088 ], [ 530801.933819911675528, 5008084.195802085101604 ], [ 530801.933724554604851, 5008084.204257927834988 ], [ 530801.933343514217995, 5008084.238046928308904 ], [ 530801.933248351095244, 5008084.246485585346818 ], [ 530801.941733233747073, 5008084.255023411475122 ], [ 530801.950218310346827, 5008084.263544050045311 ], [ 530801.96728343272116, 5008084.272163859568536 ], [ 530801.98434874904342, 5008084.280766482464969 ], [ 530801.984357477747835, 5008084.280766566284001 ] ], [ [ 530794.830840522656217, 5008092.717885570600629 ], [ 530794.839425126672722, 5008092.717967594973743 ], [ 530794.865261008962989, 5008092.709774886257946 ], [ 530794.882612008717842, 5008092.693044352345169 ], [ 530794.891287605511025, 5008092.684670492075384 ], [ 530794.900058365426958, 5008092.667857974767685 ], [ 530794.900248885620385, 5008092.650963474065065 ], [ 530794.900344048743136, 5008092.642524817027152 ], [ 530794.877556489314884, 5008092.380405522882938 ], [ 530794.877547760726884, 5008092.380405439063907 ], [ 530794.800321238813922, 5008092.379667551256716 ], [ 530794.78030295658391, 5008092.632921089418232 ], [ 530794.780207599513233, 5008092.641376932151616 ], [ 530794.779826559126377, 5008092.675165932625532 ], [ 530794.779731396003626, 5008092.683604589663446 ], [ 530794.788216278655455, 5008092.69214241579175 ], [ 530794.796701355255209, 5008092.700663054361939 ], [ 530794.813766477629542, 5008092.709282863885164 ], [ 530794.830831793951802, 5008092.717885486781597 ], [ 530794.830840522656217, 5008092.717885570600629 ] ], [ [ 530797.876934737316333, 5008092.746990530751646 ], [ 530797.876943466020748, 5008092.746990614570677 ], [ 530797.885528070037253, 5008092.747072638943791 ], [ 530797.91136395232752, 5008092.738879930227995 ], [ 530797.928714952082373, 5008092.722149396315217 ], [ 530797.937390548875555, 5008092.713775536045432 ], [ 530797.946161308791488, 5008092.696963018737733 ], [ 530797.946351828984916, 5008092.680068518035114 ], [ 530797.946446992107667, 5008092.6716298609972 ], [ 530797.923659432679415, 5008092.409510566852987 ], [ 530797.923650704091415, 5008092.409510483033955 ], [ 530797.846424182178453, 5008092.408772595226765 ], [ 530797.82640589994844, 5008092.662026133388281 ], [ 530797.826310542877764, 5008092.670481976121664 ], [ 530797.825929502490908, 5008092.704270976595581 ], [ 530797.825834339368157, 5008092.712709633633494 ], [ 530797.834319222019985, 5008092.721247459761798 ], [ 530797.84280429861974, 5008092.729768098331988 ], [ 530797.859869420994073, 5008092.738387907855213 ], [ 530797.876934737316333, 5008092.746990530751646 ] ], [ [ 530800.923059502383694, 5008092.776095783337951 ], [ 530800.931644106400199, 5008092.776177807711065 ], [ 530800.957479988690466, 5008092.767985098995268 ], [ 530800.974830988445319, 5008092.75125456508249 ], [ 530800.983506585238501, 5008092.742880704812706 ], [ 530800.992277345154434, 5008092.726068187505007 ], [ 530800.992467865347862, 5008092.709173686802387 ], [ 530800.992563028470613, 5008092.700735029764473 ], [ 530800.969775469042361, 5008092.43861573562026 ], [ 530800.969766740454361, 5008092.438615651801229 ], [ 530800.892540218541399, 5008092.437877763994038 ], [ 530800.872521936311387, 5008092.691131302155554 ], [ 530800.87242657924071, 5008092.699587144888937 ], [ 530800.872045538853854, 5008092.733376145362854 ], [ 530800.871950375731103, 5008092.741814802400768 ], [ 530800.880435258382931, 5008092.750352628529072 ], [ 530800.888920334982686, 5008092.758873267099261 ], [ 530800.905985457357019, 5008092.767493076622486 ], [ 530800.923050773679279, 5008092.776095699518919 ], [ 530800.923059502383694, 5008092.776095783337951 ] ], [ [ 530801.978459540405311, 5008092.786179967224598 ], [ 530801.987044144421816, 5008092.786261991597712 ], [ 530802.012880026712082, 5008092.778069282881916 ], [ 530802.030231026466936, 5008092.761338748969138 ], [ 530802.038906623260118, 5008092.752964888699353 ], [ 530802.047677383176051, 5008092.736152371391654 ], [ 530802.047867903369479, 5008092.719257870689034 ], [ 530802.04796306649223, 5008092.710819213651121 ], [ 530802.025175507063977, 5008092.448699919506907 ], [ 530802.025166778475977, 5008092.448699835687876 ], [ 530801.947940256563015, 5008092.447961947880685 ], [ 530801.927921974333003, 5008092.701215486042202 ], [ 530801.927826617262326, 5008092.709671328775585 ], [ 530801.927445576875471, 5008092.743460329249501 ], [ 530801.92735041375272, 5008092.751898986287415 ], [ 530801.935835296404548, 5008092.760436812415719 ], [ 530801.944320373004302, 5008092.768957450985909 ], [ 530801.961385495378636, 5008092.777577260509133 ], [ 530801.978450811700895, 5008092.786179883405566 ], [ 530801.978459540405311, 5008092.786179967224598 ] ], [ [ 530794.847758780000731, 5008101.211000719107687 ], [ 530794.847767508705147, 5008101.211000802926719 ], [ 530794.856352112721652, 5008101.211082827299833 ], [ 530794.882187995011918, 5008101.202890118584037 ], [ 530794.899538994766772, 5008101.186159584671259 ], [ 530794.908214591559954, 5008101.177785724401474 ], [ 530794.916985351475887, 5008101.160973207093775 ], [ 530794.917175871669315, 5008101.144078706391156 ], [ 530794.917271034792066, 5008101.135640049353242 ], [ 530794.894483475363813, 5008100.873520755209029 ], [ 530794.894474746775813, 5008100.873520671389997 ], [ 530794.817248224862851, 5008100.872782783582807 ], [ 530794.797229942632839, 5008101.126036321744323 ], [ 530794.797134585562162, 5008101.134492164477706 ], [ 530794.796753545175306, 5008101.168281164951622 ], [ 530794.796658382052556, 5008101.176719821989536 ], [ 530794.805143264704384, 5008101.18525764811784 ], [ 530794.813628341304138, 5008101.19377828668803 ], [ 530794.830693463678472, 5008101.202398096211255 ], [ 530794.847758780000731, 5008101.211000719107687 ] ], [ [ 530797.893861723365262, 5008101.240105763077736 ], [ 530797.893870452069677, 5008101.240105846896768 ], [ 530797.902455056086183, 5008101.240187871269882 ], [ 530797.928290938376449, 5008101.231995162554085 ], [ 530797.945641938131303, 5008101.215264628641307 ], [ 530797.954317534924485, 5008101.206890768371522 ], [ 530797.963088294840418, 5008101.190078251063824 ], [ 530797.963278815033846, 5008101.173183750361204 ], [ 530797.963373978156596, 5008101.16474509332329 ], [ 530797.940586418728344, 5008100.902625799179077 ], [ 530797.940577690140344, 5008100.902625715360045 ], [ 530797.863351168227382, 5008100.901887827552855 ], [ 530797.84333288599737, 5008101.155141365714371 ], [ 530797.843237528926693, 5008101.163597208447754 ], [ 530797.842856488539837, 5008101.197386208921671 ], [ 530797.842761325417086, 5008101.205824865959585 ], [ 530797.851246208068915, 5008101.214362692087889 ], [ 530797.859731284668669, 5008101.222883330658078 ], [ 530797.876796407043003, 5008101.231503140181303 ], [ 530797.893861723365262, 5008101.240105763077736 ] ], [ [ 530800.939977759728208, 5008101.269210931845009 ], [ 530800.939986488432623, 5008101.269211015664041 ], [ 530800.948571092449129, 5008101.269293040037155 ], [ 530800.974406974739395, 5008101.261100331321359 ], [ 530800.991757974494249, 5008101.244369797408581 ], [ 530801.000433571287431, 5008101.235995937138796 ], [ 530801.009204331203364, 5008101.219183419831097 ], [ 530801.009394851396792, 5008101.202288919128478 ], [ 530801.009490014519542, 5008101.193850262090564 ], [ 530800.98670245509129, 5008100.931730967946351 ], [ 530800.98669372650329, 5008100.931730884127319 ], [ 530800.909467204590328, 5008100.930992996320128 ], [ 530800.889448922360316, 5008101.184246534481645 ], [ 530800.889353565289639, 5008101.192702377215028 ], [ 530800.888972524902783, 5008101.226491377688944 ], [ 530800.888877361780033, 5008101.234930034726858 ], [ 530800.897362244431861, 5008101.243467860855162 ], [ 530800.905847321031615, 5008101.251988499425352 ], [ 530800.922912443405949, 5008101.260608308948576 ], [ 530800.939977759728208, 5008101.269210931845009 ] ], [ [ 530801.99538652645424, 5008101.279295199550688 ], [ 530802.003971130470745, 5008101.279377223923802 ], [ 530802.029807012761012, 5008101.271184515208006 ], [ 530802.047158012515865, 5008101.254453981295228 ], [ 530802.055833609309047, 5008101.246080121025443 ], [ 530802.06460436922498, 5008101.229267603717744 ], [ 530802.064794889418408, 5008101.212373103015125 ], [ 530802.064890052541159, 5008101.203934445977211 ], [ 530802.042102493112907, 5008100.941815151832998 ], [ 530802.042093764524907, 5008100.941815068013966 ], [ 530801.964867242611945, 5008100.941077180206776 ], [ 530801.944848960381933, 5008101.194330718368292 ], [ 530801.944753603311256, 5008101.202786561101675 ], [ 530801.9443725629244, 5008101.236575561575592 ], [ 530801.944277399801649, 5008101.245014218613505 ], [ 530801.952762282453477, 5008101.253552044741809 ], [ 530801.961247359053232, 5008101.262072683311999 ], [ 530801.978312481427565, 5008101.270692492835224 ], [ 530801.995377797749825, 5008101.279295115731657 ], [ 530801.99538652645424, 5008101.279295199550688 ] ], [ [ 530796.978098556865007, 5008109.679822645150125 ], [ 530796.986683160881512, 5008109.679904669523239 ], [ 530797.012519043171778, 5008109.671711960807443 ], [ 530797.029870042926632, 5008109.654981426894665 ], [ 530797.038545639719814, 5008109.64660756662488 ], [ 530797.047316399635747, 5008109.629795049317181 ], [ 530797.047506919829175, 5008109.612900548614562 ], [ 530797.047602082951926, 5008109.604461891576648 ], [ 530797.024814523523673, 5008109.342342597432435 ], [ 530797.024805794935673, 5008109.342342513613403 ], [ 530796.947579273022711, 5008109.341604625806212 ], [ 530796.927560990792699, 5008109.594858163967729 ], [ 530796.927465633722022, 5008109.603314006701112 ], [ 530796.927084593335167, 5008109.637103007175028 ], [ 530796.926989430212416, 5008109.645541664212942 ], [ 530796.935474312864244, 5008109.654079490341246 ], [ 530796.943959389463998, 5008109.662600128911436 ], [ 530796.961024511838332, 5008109.67121993843466 ], [ 530796.978089828160591, 5008109.679822561331093 ], [ 530796.978098556865007, 5008109.679822645150125 ] ], [ [ 530800.024205864523537, 5008109.708927730098367 ], [ 530800.024214593227953, 5008109.708927813917398 ], [ 530800.032799197244458, 5008109.709009838290513 ], [ 530800.058635079534724, 5008109.700817129574716 ], [ 530800.075986079289578, 5008109.684086595661938 ], [ 530800.08466167608276, 5008109.675712735392153 ], [ 530800.093432435998693, 5008109.658900218084455 ], [ 530800.093622956192121, 5008109.642005717381835 ], [ 530800.093718119314872, 5008109.633567060343921 ], [ 530800.070930559886619, 5008109.371447766199708 ], [ 530800.07092183129862, 5008109.371447682380676 ], [ 530799.993695309385657, 5008109.370709794573486 ], [ 530799.973677027155645, 5008109.623963332735002 ], [ 530799.973581670084968, 5008109.632419175468385 ], [ 530799.973200629698113, 5008109.666208175942302 ], [ 530799.973105466575362, 5008109.674646832980216 ], [ 530799.98159034922719, 5008109.68318465910852 ], [ 530799.990075425826944, 5008109.691705297678709 ], [ 530800.007140548201278, 5008109.700325107201934 ], [ 530800.024205864523537, 5008109.708927730098367 ] ], [ [ 530803.070308807888068, 5008109.738032774068415 ], [ 530803.070317536592484, 5008109.738032857887447 ], [ 530803.078902140608989, 5008109.738114882260561 ], [ 530803.104738022899255, 5008109.729922173544765 ], [ 530803.122089022654109, 5008109.713191639631987 ], [ 530803.130764619447291, 5008109.704817779362202 ], [ 530803.139535379363224, 5008109.688005262054503 ], [ 530803.139725899556652, 5008109.671110761351883 ], [ 530803.139821062679403, 5008109.66267210431397 ], [ 530803.11703350325115, 5008109.400552810169756 ], [ 530803.11702477466315, 5008109.400552726350725 ], [ 530803.039798252750188, 5008109.399814838543534 ], [ 530803.019779970520176, 5008109.65306837670505 ], [ 530803.019684613449499, 5008109.661524219438434 ], [ 530803.019303573062643, 5008109.69531321991235 ], [ 530803.019208409939893, 5008109.703751876950264 ], [ 530803.027693292591721, 5008109.712289703078568 ], [ 530803.036178369191475, 5008109.720810341648757 ], [ 530803.053243491565809, 5008109.729430151171982 ], [ 530803.070308807888068, 5008109.738032774068415 ] ], [ [ 530839.817654660204425, 5008016.783875656314194 ], [ 530839.817663388908841, 5008016.783875740133226 ], [ 530839.826247992925346, 5008016.78395776450634 ], [ 530839.852083875215612, 5008016.775765055790544 ], [ 530839.869434874970466, 5008016.759034521877766 ], [ 530839.878110471763648, 5008016.750660661607981 ], [ 530839.886881231679581, 5008016.733848144300282 ], [ 530839.887071751873009, 5008016.716953643597662 ], [ 530839.88716691499576, 5008016.708514986559749 ], [ 530839.864379355567507, 5008016.446395692415535 ], [ 530839.864370626979508, 5008016.446395608596504 ], [ 530839.787144105066545, 5008016.445657720789313 ], [ 530839.767125822836533, 5008016.69891125895083 ], [ 530839.767030465765856, 5008016.707367101684213 ], [ 530839.766649425379001, 5008016.741156102158129 ], [ 530839.76655426225625, 5008016.749594759196043 ], [ 530839.775039144908078, 5008016.758132585324347 ], [ 530839.783524221507832, 5008016.766653223894536 ], [ 530839.800589343882166, 5008016.775273033417761 ], [ 530839.817654660204425, 5008016.783875656314194 ] ], [ [ 530842.863766332273372, 5008016.812980784103274 ], [ 530842.872350936289877, 5008016.813062808476388 ], [ 530842.898186818580143, 5008016.804870099760592 ], [ 530842.915537818334997, 5008016.788139565847814 ], [ 530842.924213415128179, 5008016.779765705578029 ], [ 530842.932984175044112, 5008016.76295318827033 ], [ 530842.93317469523754, 5008016.746058687567711 ], [ 530842.933269858360291, 5008016.737620030529797 ], [ 530842.910482298932038, 5008016.475500736385584 ], [ 530842.910473570344038, 5008016.475500652566552 ], [ 530842.833247048431076, 5008016.474762764759362 ], [ 530842.813228766201064, 5008016.728016302920878 ], [ 530842.813133409130387, 5008016.736472145654261 ], [ 530842.812752368743531, 5008016.770261146128178 ], [ 530842.812657205620781, 5008016.778699803166091 ], [ 530842.821142088272609, 5008016.787237629294395 ], [ 530842.829627164872363, 5008016.795758267864585 ], [ 530842.846692287246697, 5008016.80437807738781 ], [ 530842.863757603568956, 5008016.812980700284243 ], [ 530842.863766332273372, 5008016.812980784103274 ] ], [ [ 530845.909882368636318, 5008016.842085952870548 ], [ 530845.918466972652823, 5008016.842167977243662 ], [ 530845.944302854943089, 5008016.833975268527865 ], [ 530845.961653854697943, 5008016.817244734615088 ], [ 530845.970329451491125, 5008016.808870874345303 ], [ 530845.979100211407058, 5008016.792058357037604 ], [ 530845.979290731600486, 5008016.775163856334984 ], [ 530845.979385894723237, 5008016.766725199297071 ], [ 530845.956598335294984, 5008016.504605905152857 ], [ 530845.956589606706984, 5008016.504605821333826 ], [ 530845.879363084794022, 5008016.503867933526635 ], [ 530845.85934480256401, 5008016.757121471688151 ], [ 530845.859249445493333, 5008016.765577314421535 ], [ 530845.858868405106477, 5008016.799366314895451 ], [ 530845.858773241983727, 5008016.807804971933365 ], [ 530845.867258124635555, 5008016.816342798061669 ], [ 530845.875743201235309, 5008016.824863436631858 ], [ 530845.892808323609643, 5008016.833483246155083 ], [ 530845.909873639931902, 5008016.842085869051516 ], [ 530845.909882368636318, 5008016.842085952870548 ] ], [ [ 530804.991554818465374, 5007999.486524241045117 ], [ 530804.99156354716979, 5007999.486524324864149 ], [ 530805.000148151186295, 5007999.486606349237263 ], [ 530805.025984033476561, 5007999.478413640521467 ], [ 530805.043335033231415, 5007999.461683106608689 ], [ 530805.052010630024597, 5007999.453309246338904 ], [ 530805.06078138994053, 5007999.436496729031205 ], [ 530805.060971910133958, 5007999.419602228328586 ], [ 530805.061067073256709, 5007999.411163571290672 ], [ 530805.038279513828456, 5007999.149044277146459 ], [ 530805.038270785240456, 5007999.149044193327427 ], [ 530804.961044263327494, 5007999.148306305520236 ], [ 530804.941025981097482, 5007999.401559843681753 ], [ 530804.940930624026805, 5007999.410015686415136 ], [ 530804.94054958363995, 5007999.443804686889052 ], [ 530804.940454420517199, 5007999.452243343926966 ], [ 530804.948939303169027, 5007999.46078117005527 ], [ 530804.957424379768781, 5007999.46930180862546 ], [ 530804.974489502143115, 5007999.477921618148685 ], [ 530804.991554818465374, 5007999.486524241045117 ] ], [ [ 530808.03767085482832, 5007999.515629409812391 ], [ 530808.037679583532736, 5007999.515629493631423 ], [ 530808.046264187549241, 5007999.515711518004537 ], [ 530808.072100069839507, 5007999.50751880928874 ], [ 530808.089451069594361, 5007999.490788275375962 ], [ 530808.098126666387543, 5007999.482414415106177 ], [ 530808.106897426303476, 5007999.465601897798479 ], [ 530808.107087946496904, 5007999.448707397095859 ], [ 530808.107183109619655, 5007999.440268740057945 ], [ 530808.084395550191402, 5007999.178149445913732 ], [ 530808.084386821603402, 5007999.1781493620947 ], [ 530808.00716029969044, 5007999.17741147428751 ], [ 530807.987142017460428, 5007999.430665012449026 ], [ 530807.987046660389751, 5007999.439120855182409 ], [ 530807.986665620002896, 5007999.472909855656326 ], [ 530807.986570456880145, 5007999.48134851269424 ], [ 530807.995055339531973, 5007999.489886338822544 ], [ 530808.003540416131727, 5007999.498406977392733 ], [ 530808.020605538506061, 5007999.507026786915958 ], [ 530808.03767085482832, 5007999.515629409812391 ] ], [ [ 530809.093070892849937, 5007999.525713593699038 ], [ 530809.093079621554352, 5007999.52571367751807 ], [ 530809.101664225570858, 5007999.525795701891184 ], [ 530809.127500107861124, 5007999.517602993175387 ], [ 530809.144851107615978, 5007999.500872459262609 ], [ 530809.15352670440916, 5007999.492498598992825 ], [ 530809.162297464325093, 5007999.475686081685126 ], [ 530809.162487984518521, 5007999.458791580982506 ], [ 530809.162583147641271, 5007999.450352923944592 ], [ 530809.139795588213019, 5007999.188233629800379 ], [ 530809.139786859625019, 5007999.188233545981348 ], [ 530809.062560337712057, 5007999.187495658174157 ], [ 530809.042542055482045, 5007999.440749196335673 ], [ 530809.042446698411368, 5007999.449205039069057 ], [ 530809.042065658024512, 5007999.482994039542973 ], [ 530809.041970494901761, 5007999.491432696580887 ], [ 530809.05045537755359, 5007999.499970522709191 ], [ 530809.058940454153344, 5007999.50849116127938 ], [ 530809.076005576527677, 5007999.517110970802605 ], [ 530809.093070892849937, 5007999.525713593699038 ] ], [ [ 530812.139195657917298, 5007999.554818846285343 ], [ 530812.147780261933804, 5007999.554900870658457 ], [ 530812.17361614422407, 5007999.546708161942661 ], [ 530812.190967143978924, 5007999.529977628029883 ], [ 530812.199642740772106, 5007999.521603767760098 ], [ 530812.208413500688039, 5007999.504791250452399 ], [ 530812.208604020881467, 5007999.48789674974978 ], [ 530812.208699184004217, 5007999.479458092711866 ], [ 530812.185911624575965, 5007999.217338798567653 ], [ 530812.185902895987965, 5007999.217338714748621 ], [ 530812.108676374075003, 5007999.216600826941431 ], [ 530812.088658091844991, 5007999.469854365102947 ], [ 530812.088562734774314, 5007999.47831020783633 ], [ 530812.088181694387458, 5007999.512099208310246 ], [ 530812.088086531264707, 5007999.52053786534816 ], [ 530812.096571413916536, 5007999.529075691476464 ], [ 530812.10505649051629, 5007999.537596330046654 ], [ 530812.122121612890624, 5007999.546216139569879 ], [ 530812.139186929212883, 5007999.554818762466311 ], [ 530812.139195657917298, 5007999.554818846285343 ] ], [ [ 530806.294558713212609, 5008007.981270945630968 ], [ 530806.303143317229114, 5008007.981352970004082 ], [ 530806.328979199519381, 5008007.973160261288285 ], [ 530806.346330199274234, 5008007.956429727375507 ], [ 530806.355005796067417, 5008007.948055867105722 ], [ 530806.36377655598335, 5008007.931243349798024 ], [ 530806.363967076176777, 5008007.914348849095404 ], [ 530806.364062239299528, 5008007.90591019205749 ], [ 530806.341274679871276, 5008007.643790897913277 ], [ 530806.341265951283276, 5008007.643790814094245 ], [ 530806.264039429370314, 5008007.643052926287055 ], [ 530806.244021147140302, 5008007.896306464448571 ], [ 530806.243925790069625, 5008007.904762307181954 ], [ 530806.243544749682769, 5008007.938551307655871 ], [ 530806.243449586560018, 5008007.946989964693785 ], [ 530806.251934469211847, 5008007.955527790822089 ], [ 530806.260419545811601, 5008007.964048429392278 ], [ 530806.277484668185934, 5008007.972668238915503 ], [ 530806.294549984508194, 5008007.981270861811936 ], [ 530806.294558713212609, 5008007.981270945630968 ] ], [ [ 530809.340652927872725, 5008008.010375905781984 ], [ 530809.34066165657714, 5008008.010375989601016 ], [ 530809.349246260593645, 5008008.01045801397413 ], [ 530809.375082142883912, 5008008.002265305258334 ], [ 530809.392433142638765, 5008007.985534771345556 ], [ 530809.401108739431947, 5008007.977160911075771 ], [ 530809.40987949934788, 5008007.960348393768072 ], [ 530809.410070019541308, 5008007.943453893065453 ], [ 530809.410165182664059, 5008007.935015236027539 ], [ 530809.387377623235807, 5008007.672895941883326 ], [ 530809.387368894647807, 5008007.672895858064294 ], [ 530809.310142372734845, 5008007.672157970257103 ], [ 530809.290124090504833, 5008007.92541150841862 ], [ 530809.290028733434156, 5008007.933867351152003 ], [ 530809.2896476930473, 5008007.967656351625919 ], [ 530809.289552529924549, 5008007.976095008663833 ], [ 530809.298037412576377, 5008007.984632834792137 ], [ 530809.306522489176132, 5008007.993153473362327 ], [ 530809.323587611550465, 5008008.001773282885551 ], [ 530809.340652927872725, 5008008.010375905781984 ] ], [ [ 530805.143504934734665, 5008016.452569507993758 ], [ 530805.15208953875117, 5008016.452651532366872 ], [ 530805.177925421041436, 5008016.444458823651075 ], [ 530805.19527642079629, 5008016.427728289738297 ], [ 530805.203952017589472, 5008016.419354429468513 ], [ 530805.212722777505405, 5008016.402541912160814 ], [ 530805.212913297698833, 5008016.385647411458194 ], [ 530805.213008460821584, 5008016.37720875442028 ], [ 530805.190220901393332, 5008016.115089460276067 ], [ 530805.190212172805332, 5008016.115089376457036 ], [ 530805.112985650892369, 5008016.114351488649845 ], [ 530805.092967368662357, 5008016.367605026811361 ], [ 530805.09287201159168, 5008016.376060869544744 ], [ 530805.092490971204825, 5008016.409849870018661 ], [ 530805.092395808082074, 5008016.418288527056575 ], [ 530805.100880690733902, 5008016.426826353184879 ], [ 530805.109365767333657, 5008016.435346991755068 ], [ 530805.12643088970799, 5008016.443966801278293 ], [ 530805.14349620603025, 5008016.452569424174726 ], [ 530805.143504934734665, 5008016.452569507993758 ] ], [ [ 530806.190329097211361, 5008016.462571750395 ], [ 530806.198913701227866, 5008016.462653774768114 ], [ 530806.224749583518133, 5008016.454461066052318 ], [ 530806.242100583272986, 5008016.43773053213954 ], [ 530806.250776180066168, 5008016.429356671869755 ], [ 530806.259546939982101, 5008016.412544154562056 ], [ 530806.259737460175529, 5008016.395649653859437 ], [ 530806.25983262329828, 5008016.387210996821523 ], [ 530806.237045063870028, 5008016.12509170267731 ], [ 530806.237036335282028, 5008016.125091618858278 ], [ 530806.159809813369066, 5008016.124353731051087 ], [ 530806.139791531139053, 5008016.377607269212604 ], [ 530806.139696174068376, 5008016.386063111945987 ], [ 530806.139315133681521, 5008016.419852112419903 ], [ 530806.13921997055877, 5008016.428290769457817 ], [ 530806.147704853210598, 5008016.436828595586121 ], [ 530806.156189929810353, 5008016.445349234156311 ], [ 530806.173255052184686, 5008016.453969043679535 ], [ 530806.190320368506946, 5008016.462571666575968 ], [ 530806.190329097211361, 5008016.462571750395 ] ], [ [ 530809.236436404869892, 5008016.491676835343242 ], [ 530809.236445133574307, 5008016.491676919162273 ], [ 530809.245029737590812, 5008016.491758943535388 ], [ 530809.270865619881079, 5008016.483566234819591 ], [ 530809.288216619635932, 5008016.466835700906813 ], [ 530809.296892216429114, 5008016.458461840637028 ], [ 530809.305662976345047, 5008016.441649323329329 ], [ 530809.305853496538475, 5008016.42475482262671 ], [ 530809.305948659661226, 5008016.416316165588796 ], [ 530809.283161100232974, 5008016.154196871444583 ], [ 530809.283152371644974, 5008016.154196787625551 ], [ 530809.205925849732012, 5008016.153458899818361 ], [ 530809.185907567501999, 5008016.406712437979877 ], [ 530809.185812210431322, 5008016.41516828071326 ], [ 530809.185431170044467, 5008016.448957281187177 ], [ 530809.185336006921716, 5008016.457395938225091 ], [ 530809.193820889573544, 5008016.465933764353395 ], [ 530809.202305966173299, 5008016.474454402923584 ], [ 530809.219371088547632, 5008016.483074212446809 ], [ 530809.236436404869892, 5008016.491676835343242 ] ], [ [ 530812.282548076938838, 5008016.520781963132322 ], [ 530812.291132680955343, 5008016.520863987505436 ], [ 530812.316968563245609, 5008016.512671278789639 ], [ 530812.334319563000463, 5008016.495940744876862 ], [ 530812.342995159793645, 5008016.487566884607077 ], [ 530812.351765919709578, 5008016.470754367299378 ], [ 530812.351956439903006, 5008016.453859866596758 ], [ 530812.352051603025757, 5008016.445421209558845 ], [ 530812.329264043597504, 5008016.183301915414631 ], [ 530812.329255315009505, 5008016.1833018315956 ], [ 530812.252028793096542, 5008016.182563943788409 ], [ 530812.23201051086653, 5008016.435817481949925 ], [ 530812.231915153795853, 5008016.444273324683309 ], [ 530812.231534113408998, 5008016.478062325157225 ], [ 530812.231438950286247, 5008016.486500982195139 ], [ 530812.239923832938075, 5008016.495038808323443 ], [ 530812.248408909537829, 5008016.503559446893632 ], [ 530812.265474031912163, 5008016.512179256416857 ], [ 530812.282539348234423, 5008016.52078187931329 ], [ 530812.282548076938838, 5008016.520781963132322 ] ], [ [ 530805.901063704048283, 5008024.942104569636285 ], [ 530805.909648308064789, 5008024.942186594009399 ], [ 530805.935484190355055, 5008024.933993885293603 ], [ 530805.952835190109909, 5008024.917263351380825 ], [ 530805.961510786903091, 5008024.90888949111104 ], [ 530805.970281546819024, 5008024.892076973803341 ], [ 530805.970472067012452, 5008024.875182473100722 ], [ 530805.970567230135202, 5008024.866743816062808 ], [ 530805.94777967070695, 5008024.604624521918595 ], [ 530805.94777094211895, 5008024.604624438099563 ], [ 530805.870544420205988, 5008024.603886550292373 ], [ 530805.850526137975976, 5008024.857140088453889 ], [ 530805.850430780905299, 5008024.865595931187272 ], [ 530805.850049740518443, 5008024.899384931661189 ], [ 530805.849954577395692, 5008024.907823588699102 ], [ 530805.858439460047521, 5008024.916361414827406 ], [ 530805.866924536647275, 5008024.924882053397596 ], [ 530805.883989659021609, 5008024.933501862920821 ], [ 530805.901054975343868, 5008024.942104485817254 ], [ 530805.901063704048283, 5008024.942104569636285 ] ], [ [ 530808.947171011706814, 5008024.971209654584527 ], [ 530808.947179740411229, 5008024.971209738403559 ], [ 530808.955764344427735, 5008024.971291762776673 ], [ 530808.981600226718001, 5008024.963099054060876 ], [ 530808.998951226472855, 5008024.946368520148098 ], [ 530809.007626823266037, 5008024.937994659878314 ], [ 530809.01639758318197, 5008024.921182142570615 ], [ 530809.016588103375398, 5008024.904287641867995 ], [ 530809.016683266498148, 5008024.895848984830081 ], [ 530808.993895707069896, 5008024.633729690685868 ], [ 530808.993886978481896, 5008024.633729606866837 ], [ 530808.916660456568934, 5008024.632991719059646 ], [ 530808.896642174338922, 5008024.886245257221162 ], [ 530808.896546817268245, 5008024.894701099954545 ], [ 530808.896165776881389, 5008024.928490100428462 ], [ 530808.896070613758639, 5008024.936928757466376 ], [ 530808.904555496410467, 5008024.94546658359468 ], [ 530808.913040573010221, 5008024.953987222164869 ], [ 530808.930105695384555, 5008024.962607031688094 ], [ 530808.947171011706814, 5008024.971209654584527 ] ], [ [ 530810.002571049728431, 5008024.981293838471174 ], [ 530810.002579778432846, 5008024.981293922290206 ], [ 530810.011164382449351, 5008024.98137594666332 ], [ 530810.037000264739618, 5008024.973183237947524 ], [ 530810.054351264494471, 5008024.956452704034746 ], [ 530810.063026861287653, 5008024.948078843764961 ], [ 530810.071797621203586, 5008024.931266326457262 ], [ 530810.071988141397014, 5008024.914371825754642 ], [ 530810.072083304519765, 5008024.905933168716729 ], [ 530810.049295745091513, 5008024.643813874572515 ], [ 530810.049287016503513, 5008024.643813790753484 ], [ 530809.972060494590551, 5008024.643075902946293 ], [ 530809.952042212360539, 5008024.89632944110781 ], [ 530809.951946855289862, 5008024.904785283841193 ], [ 530809.951565814903006, 5008024.938574284315109 ], [ 530809.951470651780255, 5008024.947012941353023 ], [ 530809.959955534432083, 5008024.955550767481327 ], [ 530809.968440611031838, 5008024.964071406051517 ], [ 530809.985505733406171, 5008024.972691215574741 ], [ 530810.002571049728431, 5008024.981293838471174 ] ], [ [ 530806.685484438668936, 5008033.431896290741861 ], [ 530806.694069042685442, 5008033.431978315114975 ], [ 530806.719904924975708, 5008033.423785606399179 ], [ 530806.737255924730562, 5008033.407055072486401 ], [ 530806.745931521523744, 5008033.398681212216616 ], [ 530806.754702281439677, 5008033.381868694908917 ], [ 530806.754892801633105, 5008033.364974194206297 ], [ 530806.754987964755856, 5008033.356535537168384 ], [ 530806.732200405327603, 5008033.09441624302417 ], [ 530806.732191676739603, 5008033.094416159205139 ], [ 530806.654965154826641, 5008033.093678271397948 ], [ 530806.634946872596629, 5008033.346931809559464 ], [ 530806.634851515525952, 5008033.355387652292848 ], [ 530806.634470475139096, 5008033.389176652766764 ], [ 530806.634375312016346, 5008033.397615309804678 ], [ 530806.642860194668174, 5008033.406153135932982 ], [ 530806.651345271267928, 5008033.414673774503171 ], [ 530806.668410393642262, 5008033.423293584026396 ], [ 530806.685475709964521, 5008033.431896206922829 ], [ 530806.685484438668936, 5008033.431896290741861 ] ], [ [ 530809.731587382033467, 5008033.461001334711909 ], [ 530809.740171986049972, 5008033.461083359085023 ], [ 530809.766007868340239, 5008033.452890650369227 ], [ 530809.783358868095092, 5008033.436160116456449 ], [ 530809.792034464888275, 5008033.427786256186664 ], [ 530809.800805224804208, 5008033.410973738878965 ], [ 530809.800995744997635, 5008033.394079238176346 ], [ 530809.801090908120386, 5008033.385640581138432 ], [ 530809.778303348692134, 5008033.123521286994219 ], [ 530809.778294620104134, 5008033.123521203175187 ], [ 530809.701068098191172, 5008033.122783315367997 ], [ 530809.68104981596116, 5008033.376036853529513 ], [ 530809.680954458890483, 5008033.384492696262896 ], [ 530809.680573418503627, 5008033.418281696736813 ], [ 530809.680478255380876, 5008033.426720353774726 ], [ 530809.688963138032705, 5008033.43525817990303 ], [ 530809.697448214632459, 5008033.44377881847322 ], [ 530809.714513337006792, 5008033.452398627996445 ], [ 530809.731578653329052, 5008033.461001250892878 ], [ 530809.731587382033467, 5008033.461001334711909 ] ], [ [ 530806.418221442145295, 5008041.911647933535278 ], [ 530806.418230170849711, 5008041.91164801735431 ], [ 530806.426814774866216, 5008041.911730041727424 ], [ 530806.452650657156482, 5008041.903537333011627 ], [ 530806.470001656911336, 5008041.886806799098849 ], [ 530806.478677253704518, 5008041.878432938829064 ], [ 530806.487448013620451, 5008041.861620421521366 ], [ 530806.487638533813879, 5008041.844725920818746 ], [ 530806.48773369693663, 5008041.836287263780832 ], [ 530806.464946137508377, 5008041.574167969636619 ], [ 530806.464937408920377, 5008041.574167885817587 ], [ 530806.387710887007415, 5008041.573429998010397 ], [ 530806.367692604777403, 5008041.826683536171913 ], [ 530806.367597247706726, 5008041.835139378905296 ], [ 530806.367216207319871, 5008041.868928379379213 ], [ 530806.36712104419712, 5008041.877367036417127 ], [ 530806.375605926848948, 5008041.885904862545431 ], [ 530806.384091003448702, 5008041.89442550111562 ], [ 530806.401156125823036, 5008041.903045310638845 ], [ 530806.418221442145295, 5008041.911647933535278 ] ], [ [ 530807.473621480166912, 5008041.921732117421925 ], [ 530807.473630208871327, 5008041.921732201240957 ], [ 530807.482214812887833, 5008041.921814225614071 ], [ 530807.508050695178099, 5008041.913621516898274 ], [ 530807.525401694932953, 5008041.896890982985497 ], [ 530807.534077291726135, 5008041.888517122715712 ], [ 530807.542848051642068, 5008041.871704605408013 ], [ 530807.543038571835496, 5008041.854810104705393 ], [ 530807.543133734958246, 5008041.84637144766748 ], [ 530807.520346175529994, 5008041.584252153523266 ], [ 530807.520337446941994, 5008041.584252069704235 ], [ 530807.443110925029032, 5008041.583514181897044 ], [ 530807.42309264279902, 5008041.83676772005856 ], [ 530807.422997285728343, 5008041.845223562791944 ], [ 530807.422616245341487, 5008041.87901256326586 ], [ 530807.422521082218736, 5008041.887451220303774 ], [ 530807.431005964870565, 5008041.895989046432078 ], [ 530807.439491041470319, 5008041.904509685002267 ], [ 530807.456556163844652, 5008041.913129494525492 ], [ 530807.473621480166912, 5008041.921732117421925 ] ], [ [ 530810.519746245234273, 5008041.95083737000823 ], [ 530810.528330849250779, 5008041.950919394381344 ], [ 530810.554166731541045, 5008041.942726685665548 ], [ 530810.571517731295899, 5008041.92599615175277 ], [ 530810.580193328089081, 5008041.917622291482985 ], [ 530810.588964088005014, 5008041.900809774175286 ], [ 530810.589154608198442, 5008041.883915273472667 ], [ 530810.589249771321192, 5008041.875476616434753 ], [ 530810.56646221189294, 5008041.61335732229054 ], [ 530810.56645348330494, 5008041.613357238471508 ], [ 530810.489226961391978, 5008041.612619350664318 ], [ 530810.469208679161966, 5008041.865872888825834 ], [ 530810.469113322091289, 5008041.874328731559217 ], [ 530810.468732281704433, 5008041.908117732033134 ], [ 530810.468637118581682, 5008041.916556389071047 ], [ 530810.477122001233511, 5008041.925094215199351 ], [ 530810.485607077833265, 5008041.933614853769541 ], [ 530810.502672200207599, 5008041.942234663292766 ], [ 530810.519737516529858, 5008041.950837286189198 ], [ 530810.519746245234273, 5008041.95083737000823 ] ], [ [ 530807.206373952678405, 5008050.401466717943549 ], [ 530807.20638268138282, 5008050.401466801762581 ], [ 530807.214967285399325, 5008050.401548826135695 ], [ 530807.240803167689592, 5008050.393356117419899 ], [ 530807.258154167444445, 5008050.376625583507121 ], [ 530807.266829764237627, 5008050.368251723237336 ], [ 530807.27560052415356, 5008050.351439205929637 ], [ 530807.275791044346988, 5008050.334544705227017 ], [ 530807.275886207469739, 5008050.326106048189104 ], [ 530807.253098648041487, 5008050.06398675404489 ], [ 530807.253089919453487, 5008050.063986670225859 ], [ 530807.175863397540525, 5008050.063248782418668 ], [ 530807.155845115310512, 5008050.316502320580184 ], [ 530807.155749758239836, 5008050.324958163313568 ], [ 530807.15536871785298, 5008050.358747163787484 ], [ 530807.155273554730229, 5008050.367185820825398 ], [ 530807.163758437382057, 5008050.375723646953702 ], [ 530807.172243513981812, 5008050.384244285523891 ], [ 530807.189308636356145, 5008050.392864095047116 ], [ 530807.206373952678405, 5008050.401466717943549 ] ], [ [ 530810.252489989041351, 5008050.430571886710823 ], [ 530810.252498717745766, 5008050.430571970529854 ], [ 530810.261083321762271, 5008050.430653994902968 ], [ 530810.286919204052538, 5008050.422461286187172 ], [ 530810.304270203807391, 5008050.405730752274394 ], [ 530810.312945800600573, 5008050.397356892004609 ], [ 530810.321716560516506, 5008050.38054437469691 ], [ 530810.321907080709934, 5008050.363649873994291 ], [ 530810.322002243832685, 5008050.355211216956377 ], [ 530810.299214684404433, 5008050.093091922812164 ], [ 530810.299205955816433, 5008050.093091838993132 ], [ 530810.221979433903471, 5008050.092353951185942 ], [ 530810.201961151673459, 5008050.345607489347458 ], [ 530810.201865794602782, 5008050.354063332080841 ], [ 530810.201484754215926, 5008050.387852332554758 ], [ 530810.201389591093175, 5008050.396290989592671 ], [ 530810.209874473745003, 5008050.404828815720975 ], [ 530810.218359550344758, 5008050.413349454291165 ], [ 530810.235424672719091, 5008050.42196926381439 ], [ 530810.252489989041351, 5008050.430571886710823 ] ], [ [ 530811.307907290640287, 5008050.440673423931003 ], [ 530811.316491894656792, 5008050.440755448304117 ], [ 530811.342327776947059, 5008050.43256273958832 ], [ 530811.359678776701912, 5008050.415832205675542 ], [ 530811.368354373495094, 5008050.407458345405757 ], [ 530811.377125133411027, 5008050.390645828098059 ], [ 530811.377315653604455, 5008050.373751327395439 ], [ 530811.377410816727206, 5008050.365312670357525 ], [ 530811.354623257298954, 5008050.103193376213312 ], [ 530811.354614528710954, 5008050.10319329239428 ], [ 530811.277388006797992, 5008050.10245540458709 ], [ 530811.25736972456798, 5008050.355708942748606 ], [ 530811.257274367497303, 5008050.364164785481989 ], [ 530811.256893327110447, 5008050.397953785955906 ], [ 530811.256798163987696, 5008050.40639244299382 ], [ 530811.265283046639524, 5008050.414930269122124 ], [ 530811.273768123239279, 5008050.423450907692313 ], [ 530811.290833245613612, 5008050.432070717215538 ], [ 530811.307898561935872, 5008050.440673340111971 ], [ 530811.307907290640287, 5008050.440673423931003 ] ], [ [ 530804.691011769580655, 5008058.85973811801523 ], [ 530804.69959637359716, 5008058.859820142388344 ], [ 530804.725432255887426, 5008058.851627433672547 ], [ 530804.74278325564228, 5008058.834896899759769 ], [ 530804.751458852435462, 5008058.826523039489985 ], [ 530804.760229612351395, 5008058.809710522182286 ], [ 530804.760420132544823, 5008058.792816021479666 ], [ 530804.760515295667574, 5008058.784377364441752 ], [ 530804.737727736239322, 5008058.522258070297539 ], [ 530804.737719007651322, 5008058.522257986478508 ], [ 530804.660492485738359, 5008058.521520098671317 ], [ 530804.640474203508347, 5008058.774773636832833 ], [ 530804.64037884643767, 5008058.783229479566216 ], [ 530804.639997806050815, 5008058.817018480040133 ], [ 530804.639902642928064, 5008058.825457137078047 ], [ 530804.648387525579892, 5008058.833994963206351 ], [ 530804.656872602179646, 5008058.84251560177654 ], [ 530804.67393772455398, 5008058.851135411299765 ], [ 530804.69100304087624, 5008058.859738034196198 ], [ 530804.691011769580655, 5008058.85973811801523 ] ], [ [ 530807.737119077239186, 5008058.888843202963471 ], [ 530807.737127805943601, 5008058.888843286782503 ], [ 530807.745712409960106, 5008058.888925311155617 ], [ 530807.771548292250372, 5008058.880732602439821 ], [ 530807.788899292005226, 5008058.864002068527043 ], [ 530807.797574888798408, 5008058.855628208257258 ], [ 530807.806345648714341, 5008058.838815690949559 ], [ 530807.806536168907769, 5008058.82192119024694 ], [ 530807.80663133203052, 5008058.813482533209026 ], [ 530807.783843772602268, 5008058.551363239064813 ], [ 530807.783835044014268, 5008058.551363155245781 ], [ 530807.706608522101305, 5008058.550625267438591 ], [ 530807.686590239871293, 5008058.803878805600107 ], [ 530807.686494882800616, 5008058.81233464833349 ], [ 530807.686113842413761, 5008058.846123648807406 ], [ 530807.68601867929101, 5008058.85456230584532 ], [ 530807.694503561942838, 5008058.863100131973624 ], [ 530807.702988638542593, 5008058.871620770543814 ], [ 530807.720053760916926, 5008058.880240580067039 ], [ 530807.737119077239186, 5008058.888843202963471 ] ], [ [ 530810.783230749308132, 5008058.917948330752552 ], [ 530810.791815353324637, 5008058.918030355125666 ], [ 530810.817651235614903, 5008058.909837646409869 ], [ 530810.835002235369757, 5008058.893107112497091 ], [ 530810.843677832162939, 5008058.884733252227306 ], [ 530810.852448592078872, 5008058.867920734919608 ], [ 530810.8526391122723, 5008058.851026234216988 ], [ 530810.852734275395051, 5008058.842587577179074 ], [ 530810.829946715966798, 5008058.580468283034861 ], [ 530810.829937987378798, 5008058.580468199215829 ], [ 530810.752711465465836, 5008058.579730311408639 ], [ 530810.732693183235824, 5008058.832983849570155 ], [ 530810.732597826165147, 5008058.841439692303538 ], [ 530810.732216785778292, 5008058.875228692777455 ], [ 530810.732121622655541, 5008058.883667349815369 ], [ 530810.740606505307369, 5008058.892205175943673 ], [ 530810.749091581907123, 5008058.900725814513862 ], [ 530810.766156704281457, 5008058.909345624037087 ], [ 530810.783222020603716, 5008058.91794824693352 ], [ 530810.783230749308132, 5008058.917948330752552 ] ], [ [ 530804.518135774531402, 5008067.340391613543034 ], [ 530804.518144503235817, 5008067.340391697362065 ], [ 530804.526729107252322, 5008067.340473721735179 ], [ 530804.552564989542589, 5008067.332281013019383 ], [ 530804.569915989297442, 5008067.315550479106605 ], [ 530804.578591586090624, 5008067.30717661883682 ], [ 530804.587362346006557, 5008067.290364101529121 ], [ 530804.587552866199985, 5008067.273469600826502 ], [ 530804.587648029322736, 5008067.265030943788588 ], [ 530804.564860469894484, 5008067.002911649644375 ], [ 530804.564851741306484, 5008067.002911565825343 ], [ 530804.487625219393522, 5008067.002173678018153 ], [ 530804.467606937163509, 5008067.255427216179669 ], [ 530804.467511580092832, 5008067.263883058913052 ], [ 530804.467130539705977, 5008067.297672059386969 ], [ 530804.467035376583226, 5008067.306110716424882 ], [ 530804.475520259235054, 5008067.314648542553186 ], [ 530804.484005335834809, 5008067.323169181123376 ], [ 530804.501070458209142, 5008067.331788990646601 ], [ 530804.518135774531402, 5008067.340391613543034 ] ], [ [ 530807.564251810894348, 5008067.369496782310307 ], [ 530807.564260539598763, 5008067.369496866129339 ], [ 530807.572845143615268, 5008067.369578890502453 ], [ 530807.598681025905535, 5008067.361386181786656 ], [ 530807.616032025660388, 5008067.344655647873878 ], [ 530807.62470762245357, 5008067.336281787604094 ], [ 530807.633478382369503, 5008067.319469270296395 ], [ 530807.633668902562931, 5008067.302574769593775 ], [ 530807.633764065685682, 5008067.294136112555861 ], [ 530807.61097650625743, 5008067.032016818411648 ], [ 530807.61096777766943, 5008067.032016734592617 ], [ 530807.533741255756468, 5008067.031278846785426 ], [ 530807.513722973526455, 5008067.284532384946942 ], [ 530807.513627616455778, 5008067.292988227680326 ], [ 530807.513246576068923, 5008067.326777228154242 ], [ 530807.513151412946172, 5008067.335215885192156 ], [ 530807.521636295598, 5008067.34375371132046 ], [ 530807.530121372197755, 5008067.352274349890649 ], [ 530807.547186494572088, 5008067.360894159413874 ], [ 530807.564251810894348, 5008067.369496782310307 ] ], [ [ 530808.61966057762038, 5008067.379581050015986 ], [ 530808.628245181636885, 5008067.3796630743891 ], [ 530808.654081063927151, 5008067.371470365673304 ], [ 530808.671432063682005, 5008067.354739831760526 ], [ 530808.680107660475187, 5008067.346365971490741 ], [ 530808.68887842039112, 5008067.329553454183042 ], [ 530808.689068940584548, 5008067.312658953480422 ], [ 530808.689164103707299, 5008067.304220296442509 ], [ 530808.666376544279046, 5008067.042101002298295 ], [ 530808.666367815691046, 5008067.042100918479264 ], [ 530808.589141293778084, 5008067.041363030672073 ], [ 530808.569123011548072, 5008067.29461656883359 ], [ 530808.569027654477395, 5008067.303072411566973 ], [ 530808.56864661409054, 5008067.336861412040889 ], [ 530808.568551450967789, 5008067.345300069078803 ], [ 530808.577036333619617, 5008067.353837895207107 ], [ 530808.585521410219371, 5008067.362358533777297 ], [ 530808.602586532593705, 5008067.370978343300521 ], [ 530808.619651848915964, 5008067.379580966196954 ], [ 530808.61966057762038, 5008067.379581050015986 ] ], [ [ 530811.66576788527891, 5008067.408686134964228 ], [ 530811.665776613983326, 5008067.408686218783259 ], [ 530811.674361217999831, 5008067.408768243156374 ], [ 530811.700197100290097, 5008067.400575534440577 ], [ 530811.717548100044951, 5008067.383845000527799 ], [ 530811.726223696838133, 5008067.375471140258014 ], [ 530811.734994456754066, 5008067.358658622950315 ], [ 530811.735184976947494, 5008067.341764122247696 ], [ 530811.735280140070245, 5008067.333325465209782 ], [ 530811.712492580641992, 5008067.071206171065569 ], [ 530811.712483852053992, 5008067.071206087246537 ], [ 530811.63525733014103, 5008067.070468199439347 ], [ 530811.615239047911018, 5008067.323721737600863 ], [ 530811.615143690840341, 5008067.332177580334246 ], [ 530811.614762650453486, 5008067.365966580808163 ], [ 530811.614667487330735, 5008067.374405237846076 ], [ 530811.623152369982563, 5008067.38294306397438 ], [ 530811.631637446582317, 5008067.39146370254457 ], [ 530811.648702568956651, 5008067.400083512067795 ], [ 530811.66576788527891, 5008067.408686134964228 ] ], [ [ 530805.229072770918719, 5008075.829464021138847 ], [ 530805.229081499623135, 5008075.829464104957879 ], [ 530805.23766610363964, 5008075.829546129330993 ], [ 530805.263501985929906, 5008075.821353420615196 ], [ 530805.28085298568476, 5008075.804622886702418 ], [ 530805.289528582477942, 5008075.796249026432633 ], [ 530805.298299342393875, 5008075.779436509124935 ], [ 530805.298489862587303, 5008075.762542008422315 ], [ 530805.298585025710054, 5008075.754103351384401 ], [ 530805.275797466281801, 5008075.491984057240188 ], [ 530805.275788737693802, 5008075.491983973421156 ], [ 530805.198562215780839, 5008075.491246085613966 ], [ 530805.178543933550827, 5008075.744499623775482 ], [ 530805.17844857648015, 5008075.752955466508865 ], [ 530805.178067536093295, 5008075.786744466982782 ], [ 530805.177972372970544, 5008075.795183124020696 ], [ 530805.186457255622372, 5008075.803720950149 ], [ 530805.194942332222126, 5008075.812241588719189 ], [ 530805.21200745459646, 5008075.820861398242414 ], [ 530805.229072770918719, 5008075.829464021138847 ] ], [ [ 530808.275184442987666, 5008075.858569148927927 ], [ 530808.283769047004171, 5008075.858651173301041 ], [ 530808.309604929294437, 5008075.850458464585245 ], [ 530808.326955929049291, 5008075.833727930672467 ], [ 530808.335631525842473, 5008075.825354070402682 ], [ 530808.344402285758406, 5008075.808541553094983 ], [ 530808.344592805951834, 5008075.791647052392364 ], [ 530808.344687969074585, 5008075.78320839535445 ], [ 530808.321900409646332, 5008075.521089101210237 ], [ 530808.321891681058332, 5008075.521089017391205 ], [ 530808.24466515914537, 5008075.520351129584014 ], [ 530808.224646876915358, 5008075.773604667745531 ], [ 530808.224551519844681, 5008075.782060510478914 ], [ 530808.224170479457825, 5008075.81584951095283 ], [ 530808.224075316335075, 5008075.824288167990744 ], [ 530808.232560198986903, 5008075.832825994119048 ], [ 530808.241045275586657, 5008075.841346632689238 ], [ 530808.258110397960991, 5008075.849966442212462 ], [ 530808.27517571428325, 5008075.858569065108895 ], [ 530808.275184442987666, 5008075.858569148927927 ] ], [ [ 530811.321300479350612, 5008075.8876743176952 ], [ 530811.329885083367117, 5008075.887756342068315 ], [ 530811.355720965657383, 5008075.879563633352518 ], [ 530811.373071965412237, 5008075.86283309943974 ], [ 530811.381747562205419, 5008075.854459239169955 ], [ 530811.390518322121352, 5008075.837646721862257 ], [ 530811.39070884231478, 5008075.820752221159637 ], [ 530811.390804005437531, 5008075.812313564121723 ], [ 530811.368016446009278, 5008075.55019426997751 ], [ 530811.368007717421278, 5008075.550194186158478 ], [ 530811.290781195508316, 5008075.549456298351288 ], [ 530811.270762913278304, 5008075.802709836512804 ], [ 530811.270667556207627, 5008075.811165679246187 ], [ 530811.270286515820771, 5008075.844954679720104 ], [ 530811.270191352698021, 5008075.853393336758018 ], [ 530811.278676235349849, 5008075.861931162886322 ], [ 530811.287161311949603, 5008075.870451801456511 ], [ 530811.304226434323937, 5008075.879071610979736 ], [ 530811.321291750646196, 5008075.887674233876169 ], [ 530811.321300479350612, 5008075.8876743176952 ] ], [ [ 530805.030464785406366, 5008084.309871651232243 ], [ 530805.030473514110781, 5008084.309871735051274 ], [ 530805.039058118127286, 5008084.309953759424388 ], [ 530805.064894000417553, 5008084.301761050708592 ], [ 530805.082245000172406, 5008084.285030516795814 ], [ 530805.090920596965589, 5008084.276656656526029 ], [ 530805.099691356881522, 5008084.25984413921833 ], [ 530805.099881877074949, 5008084.242949638515711 ], [ 530805.0999770401977, 5008084.234510981477797 ], [ 530805.077189480769448, 5008083.972391687333584 ], [ 530805.077180752181448, 5008083.972391603514552 ], [ 530804.999954230268486, 5008083.971653715707362 ], [ 530804.979935948038474, 5008084.224907253868878 ], [ 530804.979840590967797, 5008084.233363096602261 ], [ 530804.979459550580941, 5008084.267152097076178 ], [ 530804.97936438745819, 5008084.275590754114091 ], [ 530804.987849270110019, 5008084.284128580242395 ], [ 530804.996334346709773, 5008084.292649218812585 ], [ 530805.013399469084106, 5008084.30126902833581 ], [ 530805.030464785406366, 5008084.309871651232243 ] ], [ [ 530806.077288947883062, 5008084.319873893633485 ], [ 530806.077297676587477, 5008084.319873977452517 ], [ 530806.085882280603983, 5008084.319956001825631 ], [ 530806.111718162894249, 5008084.311763293109834 ], [ 530806.129069162649103, 5008084.295032759197056 ], [ 530806.137744759442285, 5008084.286658898927271 ], [ 530806.146515519358218, 5008084.269846381619573 ], [ 530806.146706039551646, 5008084.252951880916953 ], [ 530806.146801202674396, 5008084.244513223879039 ], [ 530806.124013643246144, 5008083.982393929734826 ], [ 530806.124004914658144, 5008083.982393845915794 ], [ 530806.046778392745182, 5008083.981655958108604 ], [ 530806.02676011051517, 5008084.23490949627012 ], [ 530806.026664753444493, 5008084.243365339003503 ], [ 530806.026283713057637, 5008084.27715433947742 ], [ 530806.026188549934886, 5008084.285592996515334 ], [ 530806.034673432586715, 5008084.294130822643638 ], [ 530806.043158509186469, 5008084.302651461213827 ], [ 530806.060223631560802, 5008084.311271270737052 ], [ 530806.077288947883062, 5008084.319873893633485 ] ], [ [ 530809.123404984246008, 5008084.348979062400758 ], [ 530809.123413712950423, 5008084.34897914621979 ], [ 530809.131998316966929, 5008084.349061170592904 ], [ 530809.157834199257195, 5008084.340868461877108 ], [ 530809.175185199012049, 5008084.32413792796433 ], [ 530809.183860795805231, 5008084.315764067694545 ], [ 530809.192631555721164, 5008084.298951550386846 ], [ 530809.192822075914592, 5008084.282057049684227 ], [ 530809.192917239037342, 5008084.273618392646313 ], [ 530809.17012967960909, 5008084.0114990985021 ], [ 530809.17012095102109, 5008084.011499014683068 ], [ 530809.092894429108128, 5008084.010761126875877 ], [ 530809.072876146878116, 5008084.264014665037394 ], [ 530809.072780789807439, 5008084.272470507770777 ], [ 530809.072399749420583, 5008084.306259508244693 ], [ 530809.072304586297832, 5008084.314698165282607 ], [ 530809.080789468949661, 5008084.323235991410911 ], [ 530809.089274545549415, 5008084.331756629981101 ], [ 530809.106339667923748, 5008084.340376439504325 ], [ 530809.123404984246008, 5008084.348979062400758 ] ], [ [ 530812.169516656314954, 5008084.378084190189838 ], [ 530812.178101260331459, 5008084.378166214562953 ], [ 530812.203937142621726, 5008084.369973505847156 ], [ 530812.221288142376579, 5008084.353242971934378 ], [ 530812.229963739169762, 5008084.344869111664593 ], [ 530812.238734499085695, 5008084.328056594356894 ], [ 530812.238925019279122, 5008084.311162093654275 ], [ 530812.239020182401873, 5008084.302723436616361 ], [ 530812.216232622973621, 5008084.040604142472148 ], [ 530812.216223894385621, 5008084.040604058653116 ], [ 530812.138997372472659, 5008084.039866170845926 ], [ 530812.118979090242647, 5008084.293119709007442 ], [ 530812.11888373317197, 5008084.301575551740825 ], [ 530812.118502692785114, 5008084.335364552214742 ], [ 530812.118407529662363, 5008084.343803209252656 ], [ 530812.126892412314191, 5008084.35234103538096 ], [ 530812.135377488913946, 5008084.360861673951149 ], [ 530812.152442611288279, 5008084.369481483474374 ], [ 530812.169507927610539, 5008084.378084106370807 ], [ 530812.169516656314954, 5008084.378084190189838 ] ], [ [ 530805.024575576768257, 5008092.815285135991871 ], [ 530805.033160180784762, 5008092.815367160364985 ], [ 530805.058996063075028, 5008092.807174451649189 ], [ 530805.076347062829882, 5008092.790443917736411 ], [ 530805.085022659623064, 5008092.782070057466626 ], [ 530805.093793419538997, 5008092.765257540158927 ], [ 530805.093983939732425, 5008092.748363039456308 ], [ 530805.094079102855176, 5008092.739924382418394 ], [ 530805.071291543426923, 5008092.477805088274181 ], [ 530805.071282814838924, 5008092.477805004455149 ], [ 530804.994056292925961, 5008092.477067116647959 ], [ 530804.974038010695949, 5008092.730320654809475 ], [ 530804.973942653625272, 5008092.738776497542858 ], [ 530804.973561613238417, 5008092.772565498016775 ], [ 530804.973466450115666, 5008092.781004155054688 ], [ 530804.981951332767494, 5008092.789541981182992 ], [ 530804.990436409367248, 5008092.798062619753182 ], [ 530805.007501531741582, 5008092.806682429276407 ], [ 530805.024566848063841, 5008092.81528505217284 ], [ 530805.024575576768257, 5008092.815285135991871 ] ], [ [ 530808.070669791428372, 5008092.844390096142888 ], [ 530808.070678520132788, 5008092.84439017996192 ], [ 530808.079263124149293, 5008092.844472204335034 ], [ 530808.105099006439559, 5008092.836279495619237 ], [ 530808.122450006194413, 5008092.81954896170646 ], [ 530808.131125602987595, 5008092.811175101436675 ], [ 530808.139896362903528, 5008092.794362584128976 ], [ 530808.140086883096956, 5008092.777468083426356 ], [ 530808.140182046219707, 5008092.769029426388443 ], [ 530808.117394486791454, 5008092.506910132244229 ], [ 530808.117385758203454, 5008092.506910048425198 ], [ 530808.040159236290492, 5008092.506172160618007 ], [ 530808.02014095406048, 5008092.759425698779523 ], [ 530808.020045596989803, 5008092.767881541512907 ], [ 530808.019664556602947, 5008092.801670541986823 ], [ 530808.019569393480197, 5008092.810109199024737 ], [ 530808.028054276132025, 5008092.818647025153041 ], [ 530808.036539352731779, 5008092.82716766372323 ], [ 530808.053604475106113, 5008092.835787473246455 ], [ 530808.070669791428372, 5008092.844390096142888 ] ], [ [ 530811.116794556495734, 5008092.873495348729193 ], [ 530811.125379160512239, 5008092.873577373102307 ], [ 530811.151215042802505, 5008092.865384664386511 ], [ 530811.168566042557359, 5008092.848654130473733 ], [ 530811.177241639350541, 5008092.840280270203948 ], [ 530811.186012399266474, 5008092.823467752896249 ], [ 530811.186202919459902, 5008092.80657325219363 ], [ 530811.186298082582653, 5008092.798134595155716 ], [ 530811.1635105231544, 5008092.536015301011503 ], [ 530811.1635017945664, 5008092.536015217192471 ], [ 530811.086275272653438, 5008092.535277329385281 ], [ 530811.066256990423426, 5008092.788530867546797 ], [ 530811.066161633352749, 5008092.79698671028018 ], [ 530811.065780592965893, 5008092.830775710754097 ], [ 530811.065685429843143, 5008092.83921436779201 ], [ 530811.074170312494971, 5008092.847752193920314 ], [ 530811.082655389094725, 5008092.856272832490504 ], [ 530811.099720511469059, 5008092.864892642013729 ], [ 530811.116785827791318, 5008092.873495264910161 ], [ 530811.116794556495734, 5008092.873495348729193 ] ], [ [ 530805.041502562817186, 5008101.308400368317962 ], [ 530805.050087166833691, 5008101.308482392691076 ], [ 530805.075923049123958, 5008101.300289683975279 ], [ 530805.093274048878811, 5008101.283559150062501 ], [ 530805.101949645671993, 5008101.275185289792717 ], [ 530805.110720405587927, 5008101.258372772485018 ], [ 530805.110910925781354, 5008101.241478271782398 ], [ 530805.111006088904105, 5008101.233039614744484 ], [ 530805.088218529475853, 5008100.970920320600271 ], [ 530805.088209800887853, 5008100.97092023678124 ], [ 530805.010983278974891, 5008100.970182348974049 ], [ 530804.990964996744879, 5008101.223435887135565 ], [ 530804.990869639674202, 5008101.231891729868948 ], [ 530804.990488599287346, 5008101.265680730342865 ], [ 530804.990393436164595, 5008101.274119387380779 ], [ 530804.998878318816423, 5008101.282657213509083 ], [ 530805.007363395416178, 5008101.291177852079272 ], [ 530805.024428517790511, 5008101.299797661602497 ], [ 530805.041493834112771, 5008101.30840028449893 ], [ 530805.041502562817186, 5008101.308400368317962 ] ], [ [ 530808.087596777477302, 5008101.337505328468978 ], [ 530808.087605506181717, 5008101.33750541228801 ], [ 530808.096190110198222, 5008101.337587436661124 ], [ 530808.122025992488489, 5008101.329394727945328 ], [ 530808.139376992243342, 5008101.31266419403255 ], [ 530808.148052589036524, 5008101.304290333762765 ], [ 530808.156823348952457, 5008101.287477816455066 ], [ 530808.157013869145885, 5008101.270583315752447 ], [ 530808.157109032268636, 5008101.262144658714533 ], [ 530808.134321472840384, 5008101.00002536457032 ], [ 530808.134312744252384, 5008101.000025280751288 ], [ 530808.057086222339422, 5008100.999287392944098 ], [ 530808.037067940109409, 5008101.252540931105614 ], [ 530808.036972583038732, 5008101.260996773838997 ], [ 530808.036591542651877, 5008101.294785774312913 ], [ 530808.036496379529126, 5008101.303224431350827 ], [ 530808.044981262180954, 5008101.311762257479131 ], [ 530808.053466338780709, 5008101.320282896049321 ], [ 530808.070531461155042, 5008101.328902705572546 ], [ 530808.087596777477302, 5008101.337505328468978 ] ], [ [ 530811.133721542544663, 5008101.366610581055284 ], [ 530811.142306146561168, 5008101.366692605428398 ], [ 530811.168142028851435, 5008101.358499896712601 ], [ 530811.185493028606288, 5008101.341769362799823 ], [ 530811.19416862539947, 5008101.333395502530038 ], [ 530811.202939385315403, 5008101.31658298522234 ], [ 530811.203129905508831, 5008101.29968848451972 ], [ 530811.203225068631582, 5008101.291249827481806 ], [ 530811.18043750920333, 5008101.029130533337593 ], [ 530811.18042878061533, 5008101.029130449518561 ], [ 530811.103202258702368, 5008101.028392561711371 ], [ 530811.083183976472355, 5008101.281646099872887 ], [ 530811.083088619401678, 5008101.29010194260627 ], [ 530811.082707579014823, 5008101.323890943080187 ], [ 530811.082612415892072, 5008101.332329600118101 ], [ 530811.0910972985439, 5008101.340867426246405 ], [ 530811.099582375143655, 5008101.349388064816594 ], [ 530811.116647497517988, 5008101.358007874339819 ], [ 530811.133712813840248, 5008101.366610497236252 ], [ 530811.133721542544663, 5008101.366610581055284 ] ], [ [ 530806.11643357295543, 5008109.76713802665472 ], [ 530806.125018176971935, 5008109.767220051027834 ], [ 530806.150854059262201, 5008109.759027342312038 ], [ 530806.168205059017055, 5008109.74229680839926 ], [ 530806.176880655810237, 5008109.733922948129475 ], [ 530806.18565141572617, 5008109.717110430821776 ], [ 530806.185841935919598, 5008109.700215930119157 ], [ 530806.185937099042349, 5008109.691777273081243 ], [ 530806.163149539614096, 5008109.42965797893703 ], [ 530806.163140811026096, 5008109.429657895117998 ], [ 530806.085914289113134, 5008109.428920007310808 ], [ 530806.065896006883122, 5008109.682173545472324 ], [ 530806.065800649812445, 5008109.690629388205707 ], [ 530806.065419609425589, 5008109.724418388679624 ], [ 530806.065324446302839, 5008109.732857045717537 ], [ 530806.073809328954667, 5008109.741394871845841 ], [ 530806.082294405554421, 5008109.749915510416031 ], [ 530806.099359527928755, 5008109.758535319939256 ], [ 530806.116424844251014, 5008109.767137942835689 ], [ 530806.11643357295543, 5008109.76713802665472 ] ], [ [ 530846.965273677953519, 5008016.852170052938163 ], [ 530846.965282406657934, 5008016.852170136757195 ], [ 530846.973867010674439, 5008016.852252161130309 ], [ 530846.999702892964706, 5008016.844059452414513 ], [ 530847.017053892719559, 5008016.827328918501735 ], [ 530847.025729489512742, 5008016.81895505823195 ], [ 530847.034500249428675, 5008016.802142540924251 ], [ 530847.034690769622102, 5008016.785248040221632 ], [ 530847.034785932744853, 5008016.776809383183718 ], [ 530847.011998373316601, 5008016.514690089039505 ], [ 530847.011989644728601, 5008016.514690005220473 ], [ 530846.934763122815639, 5008016.513952117413282 ], [ 530846.914744840585627, 5008016.767205655574799 ], [ 530846.91464948351495, 5008016.775661498308182 ], [ 530846.914268443128094, 5008016.809450498782098 ], [ 530846.914173280005343, 5008016.817889155820012 ], [ 530846.922658162657171, 5008016.826426981948316 ], [ 530846.931143239256926, 5008016.834947620518506 ], [ 530846.948208361631259, 5008016.84356743004173 ], [ 530846.965273677953519, 5008016.852170052938163 ] ], [ [ 530850.011389714316465, 5008016.881275221705437 ], [ 530850.01139844302088, 5008016.881275305524468 ], [ 530850.019983047037385, 5008016.881357329897583 ], [ 530850.045818929327652, 5008016.873164621181786 ], [ 530850.063169929082505, 5008016.856434087269008 ], [ 530850.071845525875688, 5008016.848060226999223 ], [ 530850.080616285791621, 5008016.831247709691525 ], [ 530850.080806805985048, 5008016.814353208988905 ], [ 530850.080901969107799, 5008016.805914551950991 ], [ 530850.058114409679547, 5008016.543795257806778 ], [ 530850.058105681091547, 5008016.543795173987746 ], [ 530849.980879159178585, 5008016.543057286180556 ], [ 530849.960860876948573, 5008016.796310824342072 ], [ 530849.960765519877896, 5008016.804766667075455 ], [ 530849.96038447949104, 5008016.838555667549372 ], [ 530849.960289316368289, 5008016.846994324587286 ], [ 530849.968774199020118, 5008016.85553215071559 ], [ 530849.977259275619872, 5008016.864052789285779 ], [ 530849.994324397994205, 5008016.872672598809004 ], [ 530850.011389714316465, 5008016.881275221705437 ] ], [ [ 530853.057492657680996, 5008016.910380265675485 ], [ 530853.057501386385411, 5008016.910380349494517 ], [ 530853.066085990401916, 5008016.910462373867631 ], [ 530853.091921872692183, 5008016.902269665151834 ], [ 530853.109272872447036, 5008016.885539131239057 ], [ 530853.117948469240218, 5008016.877165270969272 ], [ 530853.126719229156151, 5008016.860352753661573 ], [ 530853.126909749349579, 5008016.843458252958953 ], [ 530853.12700491247233, 5008016.83501959592104 ], [ 530853.104217353044078, 5008016.572900301776826 ], [ 530853.104208624456078, 5008016.572900217957795 ], [ 530853.026982102543116, 5008016.572162330150604 ], [ 530853.006963820313103, 5008016.82541586831212 ], [ 530853.006868463242427, 5008016.833871711045504 ], [ 530853.006487422855571, 5008016.86766071151942 ], [ 530853.00639225973282, 5008016.876099368557334 ], [ 530853.014877142384648, 5008016.884637194685638 ], [ 530853.023362218984403, 5008016.893157833255827 ], [ 530853.040427341358736, 5008016.901777642779052 ], [ 530853.057492657680996, 5008016.910380265675485 ] ], [ [ 530815.185298601281829, 5007999.583923890255392 ], [ 530815.193883205298334, 5007999.584005914628506 ], [ 530815.219719087588601, 5007999.575813205912709 ], [ 530815.237070087343454, 5007999.559082671999931 ], [ 530815.245745684136637, 5007999.550708811730146 ], [ 530815.25451644405257, 5007999.533896294422448 ], [ 530815.254706964245997, 5007999.517001793719828 ], [ 530815.254802127368748, 5007999.508563136681914 ], [ 530815.232014567940496, 5007999.246443842537701 ], [ 530815.232005839352496, 5007999.246443758718669 ], [ 530815.154779317439534, 5007999.245705870911479 ], [ 530815.134761035209522, 5007999.498959409072995 ], [ 530815.134665678138845, 5007999.507415251806378 ], [ 530815.134284637751989, 5007999.541204252280295 ], [ 530815.134189474629238, 5007999.549642909318209 ], [ 530815.142674357281066, 5007999.558180735446513 ], [ 530815.151159433880821, 5007999.566701374016702 ], [ 530815.168224556255154, 5007999.575321183539927 ], [ 530815.185289872577414, 5007999.58392380643636 ], [ 530815.185298601281829, 5007999.583923890255392 ] ], [ [ 530818.231414637644775, 5007999.613029059022665 ], [ 530818.23999924166128, 5007999.613111083395779 ], [ 530818.265835123951547, 5007999.604918374679983 ], [ 530818.2831861237064, 5007999.588187840767205 ], [ 530818.291861720499583, 5007999.57981398049742 ], [ 530818.300632480415516, 5007999.563001463189721 ], [ 530818.300823000608943, 5007999.546106962487102 ], [ 530818.300918163731694, 5007999.537668305449188 ], [ 530818.278130604303442, 5007999.275549011304975 ], [ 530818.278121875715442, 5007999.275548927485943 ], [ 530818.20089535380248, 5007999.274811039678752 ], [ 530818.180877071572468, 5007999.528064577840269 ], [ 530818.180781714501791, 5007999.536520420573652 ], [ 530818.180400674114935, 5007999.570309421047568 ], [ 530818.180305510992184, 5007999.578748078085482 ], [ 530818.188790393644013, 5007999.587285904213786 ], [ 530818.197275470243767, 5007999.595806542783976 ], [ 530818.2143405926181, 5007999.6044263523072 ], [ 530818.23140590894036, 5007999.613028975203633 ], [ 530818.231414637644775, 5007999.613029059022665 ] ], [ [ 530819.278230071417056, 5007999.623031217604876 ], [ 530819.278238800121471, 5007999.623031301423907 ], [ 530819.286823404137976, 5007999.623113325797021 ], [ 530819.312659286428243, 5007999.614920617081225 ], [ 530819.330010286183096, 5007999.598190083168447 ], [ 530819.338685882976279, 5007999.589816222898662 ], [ 530819.347456642892212, 5007999.573003705590963 ], [ 530819.347647163085639, 5007999.556109204888344 ], [ 530819.34774232620839, 5007999.54767054785043 ], [ 530819.324954766780138, 5007999.285551253706217 ], [ 530819.324946038192138, 5007999.285551169887185 ], [ 530819.247719516279176, 5007999.284813282079995 ], [ 530819.227701234049164, 5007999.538066820241511 ], [ 530819.227605876978487, 5007999.546522662974894 ], [ 530819.227224836591631, 5007999.580311663448811 ], [ 530819.22712967346888, 5007999.588750320486724 ], [ 530819.235614556120709, 5007999.597288146615028 ], [ 530819.244099632720463, 5007999.605808785185218 ], [ 530819.261164755094796, 5007999.614428594708443 ], [ 530819.278230071417056, 5007999.623031217604876 ] ], [ [ 530812.386768964235671, 5008008.039481074549258 ], [ 530812.386777692940086, 5008008.039481158368289 ], [ 530812.395362296956591, 5008008.039563182741404 ], [ 530812.421198179246858, 5008008.031370474025607 ], [ 530812.438549179001711, 5008008.014639940112829 ], [ 530812.447224775794894, 5008008.006266079843044 ], [ 530812.455995535710827, 5008007.989453562535346 ], [ 530812.456186055904254, 5008007.972559061832726 ], [ 530812.456281219027005, 5008007.964120404794812 ], [ 530812.433493659598753, 5008007.702001110650599 ], [ 530812.433484931010753, 5008007.702001026831567 ], [ 530812.356258409097791, 5008007.701263139024377 ], [ 530812.336240126867779, 5008007.954516677185893 ], [ 530812.336144769797102, 5008007.962972519919276 ], [ 530812.335763729410246, 5008007.996761520393193 ], [ 530812.335668566287495, 5008008.005200177431107 ], [ 530812.344153448939323, 5008008.013738003559411 ], [ 530812.352638525539078, 5008008.0222586421296 ], [ 530812.369703647913411, 5008008.030878451652825 ], [ 530812.386768964235671, 5008008.039481074549258 ] ], [ [ 530813.433593126712367, 5008008.0494833169505 ], [ 530813.433601855416782, 5008008.049483400769532 ], [ 530813.442186459433287, 5008008.049565425142646 ], [ 530813.468022341723554, 5008008.041372716426849 ], [ 530813.485373341478407, 5008008.024642182514071 ], [ 530813.49404893827159, 5008008.016268322244287 ], [ 530813.502819698187523, 5008007.999455804936588 ], [ 530813.50301021838095, 5008007.982561304233968 ], [ 530813.503105381503701, 5008007.974122647196054 ], [ 530813.480317822075449, 5008007.712003353051841 ], [ 530813.480309093487449, 5008007.71200326923281 ], [ 530813.403082571574487, 5008007.711265381425619 ], [ 530813.383064289344475, 5008007.964518919587135 ], [ 530813.382968932273798, 5008007.972974762320518 ], [ 530813.382587891886942, 5008008.006763762794435 ], [ 530813.382492728764191, 5008008.015202419832349 ], [ 530813.390977611416019, 5008008.023740245960653 ], [ 530813.399462688015774, 5008008.032260884530842 ], [ 530813.416527810390107, 5008008.040880694054067 ], [ 530813.433593126712367, 5008008.0494833169505 ] ], [ [ 530816.479717891779728, 5008008.078588569536805 ], [ 530816.488302495796233, 5008008.078670593909919 ], [ 530816.5141383780865, 5008008.070477885194123 ], [ 530816.531489377841353, 5008008.053747351281345 ], [ 530816.540164974634536, 5008008.04537349101156 ], [ 530816.548935734550469, 5008008.028560973703861 ], [ 530816.549126254743896, 5008008.011666473001242 ], [ 530816.549221417866647, 5008008.003227815963328 ], [ 530816.526433858438395, 5008007.741108521819115 ], [ 530816.526425129850395, 5008007.741108438000083 ], [ 530816.449198607937433, 5008007.740370550192893 ], [ 530816.429180325707421, 5008007.993624088354409 ], [ 530816.429084968636744, 5008008.002079931087792 ], [ 530816.428703928249888, 5008008.035868931561708 ], [ 530816.428608765127137, 5008008.044307588599622 ], [ 530816.437093647778966, 5008008.052845414727926 ], [ 530816.44557872437872, 5008008.061366053298116 ], [ 530816.462643846753053, 5008008.069985862821341 ], [ 530816.479709163075313, 5008008.078588485717773 ], [ 530816.479717891779728, 5008008.078588569536805 ] ], [ [ 530815.328664113301784, 5008016.549887131899595 ], [ 530815.337248717318289, 5008016.549969156272709 ], [ 530815.363084599608555, 5008016.541776447556913 ], [ 530815.380435599363409, 5008016.525045913644135 ], [ 530815.389111196156591, 5008016.51667205337435 ], [ 530815.397881956072524, 5008016.499859536066651 ], [ 530815.398072476265952, 5008016.482965035364032 ], [ 530815.398167639388703, 5008016.474526378326118 ], [ 530815.375380079960451, 5008016.212407084181905 ], [ 530815.375371351372451, 5008016.212407000362873 ], [ 530815.298144829459488, 5008016.211669112555683 ], [ 530815.278126547229476, 5008016.464922650717199 ], [ 530815.278031190158799, 5008016.473378493450582 ], [ 530815.277650149771944, 5008016.507167493924499 ], [ 530815.277554986649193, 5008016.515606150962412 ], [ 530815.286039869301021, 5008016.524143977090716 ], [ 530815.294524945900775, 5008016.532664615660906 ], [ 530815.311590068275109, 5008016.541284425184131 ], [ 530815.328655384597369, 5008016.549887048080564 ], [ 530815.328664113301784, 5008016.549887131899595 ] ], [ [ 530816.384055422618985, 5008016.559971231967211 ], [ 530816.3840641513234, 5008016.559971315786242 ], [ 530816.392648755339906, 5008016.560053340159357 ], [ 530816.418484637630172, 5008016.55186063144356 ], [ 530816.435835637385026, 5008016.535130097530782 ], [ 530816.444511234178208, 5008016.526756237260997 ], [ 530816.453281994094141, 5008016.509943719953299 ], [ 530816.453472514287569, 5008016.493049219250679 ], [ 530816.453567677410319, 5008016.484610562212765 ], [ 530816.430780117982067, 5008016.222491268068552 ], [ 530816.430771389394067, 5008016.22249118424952 ], [ 530816.353544867481105, 5008016.22175329644233 ], [ 530816.333526585251093, 5008016.475006834603846 ], [ 530816.333431228180416, 5008016.483462677337229 ], [ 530816.33305018779356, 5008016.517251677811146 ], [ 530816.33295502467081, 5008016.52569033484906 ], [ 530816.341439907322638, 5008016.534228160977364 ], [ 530816.349924983922392, 5008016.542748799547553 ], [ 530816.366990106296726, 5008016.551368609070778 ], [ 530816.384055422618985, 5008016.559971231967211 ] ], [ [ 530819.430171458981931, 5008016.589076400734484 ], [ 530819.430180187686346, 5008016.589076484553516 ], [ 530819.438764791702852, 5008016.58915850892663 ], [ 530819.464600673993118, 5008016.580965800210834 ], [ 530819.481951673747972, 5008016.564235266298056 ], [ 530819.490627270541154, 5008016.555861406028271 ], [ 530819.499398030457087, 5008016.539048888720572 ], [ 530819.499588550650515, 5008016.522154388017952 ], [ 530819.499683713773265, 5008016.513715730980039 ], [ 530819.476896154345013, 5008016.251596436835825 ], [ 530819.476887425757013, 5008016.251596353016794 ], [ 530819.399660903844051, 5008016.250858465209603 ], [ 530819.379642621614039, 5008016.504112003371119 ], [ 530819.379547264543362, 5008016.512567846104503 ], [ 530819.379166224156506, 5008016.546356846578419 ], [ 530819.379071061033756, 5008016.554795503616333 ], [ 530819.387555943685584, 5008016.563333329744637 ], [ 530819.396041020285338, 5008016.571853968314826 ], [ 530819.413106142659672, 5008016.580473777838051 ], [ 530819.430171458981931, 5008016.589076400734484 ] ], [ [ 530813.048695814795792, 5008025.010399091057479 ], [ 530813.057280418812297, 5008025.010481115430593 ], [ 530813.083116301102564, 5008025.002288406714797 ], [ 530813.100467300857417, 5008024.985557872802019 ], [ 530813.109142897650599, 5008024.977184012532234 ], [ 530813.117913657566532, 5008024.960371495224535 ], [ 530813.11810417775996, 5008024.943476994521916 ], [ 530813.118199340882711, 5008024.935038337484002 ], [ 530813.095411781454459, 5008024.672919043339789 ], [ 530813.095403052866459, 5008024.672918959520757 ], [ 530813.018176530953497, 5008024.672181071713567 ], [ 530812.998158248723485, 5008024.925434609875083 ], [ 530812.998062891652808, 5008024.933890452608466 ], [ 530812.997681851265952, 5008024.967679453082383 ], [ 530812.997586688143201, 5008024.976118110120296 ], [ 530813.006071570795029, 5008024.9846559362486 ], [ 530813.014556647394784, 5008024.99317657481879 ], [ 530813.031621769769117, 5008025.001796384342015 ], [ 530813.048687086091377, 5008025.010399007238448 ], [ 530813.048695814795792, 5008025.010399091057479 ] ], [ [ 530816.094798758160323, 5008025.039504135027528 ], [ 530816.103383362176828, 5008025.039586159400642 ], [ 530816.129219244467095, 5008025.031393450684845 ], [ 530816.146570244221948, 5008025.014662916772068 ], [ 530816.15524584101513, 5008025.006289056502283 ], [ 530816.164016600931063, 5008024.989476539194584 ], [ 530816.164207121124491, 5008024.972582038491964 ], [ 530816.164302284247242, 5008024.964143381454051 ], [ 530816.14151472481899, 5008024.702024087309837 ], [ 530816.14150599623099, 5008024.702024003490806 ], [ 530816.064279474318027, 5008024.701286115683615 ], [ 530816.044261192088015, 5008024.954539653845131 ], [ 530816.044165835017338, 5008024.962995496578515 ], [ 530816.043784794630483, 5008024.996784497052431 ], [ 530816.043689631507732, 5008025.005223154090345 ], [ 530816.05217451415956, 5008025.013760980218649 ], [ 530816.060659590759315, 5008025.022281618788838 ], [ 530816.077724713133648, 5008025.030901428312063 ], [ 530816.094790029455908, 5008025.039504051208496 ], [ 530816.094798758160323, 5008025.039504135027528 ] ], [ [ 530819.140906065818854, 5008025.06860921997577 ], [ 530819.140914794523269, 5008025.068609303794801 ], [ 530819.149499398539774, 5008025.068691328167915 ], [ 530819.175335280830041, 5008025.060498619452119 ], [ 530819.192686280584894, 5008025.043768085539341 ], [ 530819.201361877378076, 5008025.035394225269556 ], [ 530819.210132637294009, 5008025.018581707961857 ], [ 530819.210323157487437, 5008025.001687207259238 ], [ 530819.210418320610188, 5008024.993248550221324 ], [ 530819.187630761181936, 5008024.731129256077111 ], [ 530819.187622032593936, 5008024.731129172258079 ], [ 530819.110395510680974, 5008024.730391284450889 ], [ 530819.090377228450961, 5008024.983644822612405 ], [ 530819.090281871380284, 5008024.992100665345788 ], [ 530819.089900830993429, 5008025.025889665819705 ], [ 530819.089805667870678, 5008025.034328322857618 ], [ 530819.098290550522506, 5008025.042866148985922 ], [ 530819.106775627122261, 5008025.051386787556112 ], [ 530819.123840749496594, 5008025.060006597079337 ], [ 530819.140906065818854, 5008025.06860921997577 ] ], [ [ 530812.777703418396413, 5008033.490106503479183 ], [ 530812.786288022412919, 5008033.490188527852297 ], [ 530812.812123904703185, 5008033.4819958191365 ], [ 530812.829474904458039, 5008033.465265285223722 ], [ 530812.838150501251221, 5008033.456891424953938 ], [ 530812.846921261167154, 5008033.440078907646239 ], [ 530812.847111781360582, 5008033.423184406943619 ], [ 530812.847206944483332, 5008033.414745749905705 ], [ 530812.82441938505508, 5008033.152626455761492 ], [ 530812.82441065646708, 5008033.152626371942461 ], [ 530812.747184134554118, 5008033.15188848413527 ], [ 530812.727165852324106, 5008033.405142022296786 ], [ 530812.727070495253429, 5008033.413597865030169 ], [ 530812.726689454866573, 5008033.447386865504086 ], [ 530812.726594291743822, 5008033.455825522542 ], [ 530812.735079174395651, 5008033.464363348670304 ], [ 530812.743564250995405, 5008033.472883987240493 ], [ 530812.760629373369738, 5008033.481503796763718 ], [ 530812.777694689691998, 5008033.490106419660151 ], [ 530812.777703418396413, 5008033.490106503479183 ] ], [ [ 530813.833094727713615, 5008033.500190603546798 ], [ 530813.83310345641803, 5008033.50019068736583 ], [ 530813.841688060434535, 5008033.500272711738944 ], [ 530813.867523942724802, 5008033.492080003023148 ], [ 530813.884874942479655, 5008033.47534946911037 ], [ 530813.893550539272837, 5008033.466975608840585 ], [ 530813.90232129918877, 5008033.450163091532886 ], [ 530813.902511819382198, 5008033.433268590830266 ], [ 530813.902606982504949, 5008033.424829933792353 ], [ 530813.879819423076697, 5008033.162710639648139 ], [ 530813.879810694488697, 5008033.162710555829108 ], [ 530813.802584172575735, 5008033.161972668021917 ], [ 530813.782565890345722, 5008033.415226206183434 ], [ 530813.782470533275045, 5008033.423682048916817 ], [ 530813.78208949288819, 5008033.457471049390733 ], [ 530813.781994329765439, 5008033.465909706428647 ], [ 530813.790479212417267, 5008033.474447532556951 ], [ 530813.798964289017022, 5008033.482968171127141 ], [ 530813.816029411391355, 5008033.491587980650365 ], [ 530813.833094727713615, 5008033.500190603546798 ] ], [ [ 530816.879210764076561, 5008033.529295772314072 ], [ 530816.879219492780976, 5008033.529295856133103 ], [ 530816.887804096797481, 5008033.529377880506217 ], [ 530816.913639979087748, 5008033.521185171790421 ], [ 530816.930990978842601, 5008033.504454637877643 ], [ 530816.939666575635783, 5008033.496080777607858 ], [ 530816.948437335551716, 5008033.479268260300159 ], [ 530816.948627855745144, 5008033.46237375959754 ], [ 530816.948723018867895, 5008033.453935102559626 ], [ 530816.925935459439643, 5008033.191815808415413 ], [ 530816.925926730851643, 5008033.191815724596381 ], [ 530816.848700208938681, 5008033.191077836789191 ], [ 530816.828681926708668, 5008033.444331374950707 ], [ 530816.828586569637991, 5008033.45278721768409 ], [ 530816.828205529251136, 5008033.486576218158007 ], [ 530816.828110366128385, 5008033.49501487519592 ], [ 530816.836595248780213, 5008033.503552701324224 ], [ 530816.845080325379968, 5008033.512073339894414 ], [ 530816.862145447754301, 5008033.520693149417639 ], [ 530816.879210764076561, 5008033.529295772314072 ] ], [ [ 530813.565849188598804, 5008041.979942413978279 ], [ 530813.574433792615309, 5008041.980024438351393 ], [ 530813.600269674905576, 5008041.971831729635596 ], [ 530813.617620674660429, 5008041.955101195722818 ], [ 530813.626296271453612, 5008041.946727335453033 ], [ 530813.635067031369545, 5008041.929914818145335 ], [ 530813.635257551562972, 5008041.913020317442715 ], [ 530813.635352714685723, 5008041.904581660404801 ], [ 530813.612565155257471, 5008041.642462366260588 ], [ 530813.612556426669471, 5008041.642462282441556 ], [ 530813.535329904756509, 5008041.641724394634366 ], [ 530813.515311622526497, 5008041.894977932795882 ], [ 530813.51521626545582, 5008041.903433775529265 ], [ 530813.514835225068964, 5008041.937222776003182 ], [ 530813.514740061946213, 5008041.945661433041096 ], [ 530813.523224944598041, 5008041.9541992591694 ], [ 530813.531710021197796, 5008041.962719897739589 ], [ 530813.548775143572129, 5008041.971339707262814 ], [ 530813.565840459894389, 5008041.979942330159247 ], [ 530813.565849188598804, 5008041.979942413978279 ] ], [ [ 530816.611956496257335, 5008042.00904749892652 ], [ 530816.61196522496175, 5008042.009047582745552 ], [ 530816.620549828978255, 5008042.009129607118666 ], [ 530816.646385711268522, 5008042.00093689840287 ], [ 530816.663736711023375, 5008041.984206364490092 ], [ 530816.672412307816558, 5008041.975832504220307 ], [ 530816.681183067732491, 5008041.959019986912608 ], [ 530816.681373587925918, 5008041.942125486209989 ], [ 530816.681468751048669, 5008041.933686829172075 ], [ 530816.658681191620417, 5008041.671567535027862 ], [ 530816.658672463032417, 5008041.67156745120883 ], [ 530816.581445941119455, 5008041.670829563401639 ], [ 530816.561427658889443, 5008041.924083101563156 ], [ 530816.561332301818766, 5008041.932538944296539 ], [ 530816.56095126143191, 5008041.966327944770455 ], [ 530816.560856098309159, 5008041.974766601808369 ], [ 530816.569340980960988, 5008041.983304427936673 ], [ 530816.577826057560742, 5008041.991825066506863 ], [ 530816.594891179935075, 5008042.000444876030087 ], [ 530816.611956496257335, 5008042.00904749892652 ] ], [ [ 530817.667373797856271, 5008042.0191490361467 ], [ 530817.675958401872776, 5008042.019231060519814 ], [ 530817.701794284163043, 5008042.011038351804018 ], [ 530817.719145283917896, 5008041.99430781789124 ], [ 530817.727820880711079, 5008041.985933957621455 ], [ 530817.736591640627012, 5008041.969121440313756 ], [ 530817.736782160820439, 5008041.952226939611137 ], [ 530817.73687732394319, 5008041.943788282573223 ], [ 530817.714089764514938, 5008041.68166898842901 ], [ 530817.714081035926938, 5008041.681668904609978 ], [ 530817.636854514013976, 5008041.680931016802788 ], [ 530817.616836231783964, 5008041.934184554964304 ], [ 530817.616740874713287, 5008041.942640397697687 ], [ 530817.616359834326431, 5008041.976429398171604 ], [ 530817.61626467120368, 5008041.984868055209517 ], [ 530817.624749553855509, 5008041.993405881337821 ], [ 530817.633234630455263, 5008042.001926519908011 ], [ 530817.650299752829596, 5008042.010546329431236 ], [ 530817.667365069151856, 5008042.019148952327669 ], [ 530817.667373797856271, 5008042.0191490361467 ] ], [ [ 530814.354014598298818, 5008050.469778508879244 ], [ 530814.354023327003233, 5008050.469778592698276 ], [ 530814.362607931019738, 5008050.46986061707139 ], [ 530814.388443813310005, 5008050.461667908355594 ], [ 530814.405794813064858, 5008050.444937374442816 ], [ 530814.414470409858041, 5008050.436563514173031 ], [ 530814.423241169773974, 5008050.419750996865332 ], [ 530814.423431689967401, 5008050.402856496162713 ], [ 530814.423526853090152, 5008050.394417839124799 ], [ 530814.4007392936619, 5008050.132298544980586 ], [ 530814.4007305650739, 5008050.132298461161554 ], [ 530814.323504043160938, 5008050.131560573354363 ], [ 530814.303485760930926, 5008050.38481411151588 ], [ 530814.303390403860249, 5008050.393269954249263 ], [ 530814.303009363473393, 5008050.427058954723179 ], [ 530814.302914200350642, 5008050.435497611761093 ], [ 530814.31139908300247, 5008050.444035437889397 ], [ 530814.319884159602225, 5008050.452556076459587 ], [ 530814.336949281976558, 5008050.461175885982811 ], [ 530814.354014598298818, 5008050.469778508879244 ] ], [ [ 530817.400117541663349, 5008050.498883552849293 ], [ 530817.400126270367764, 5008050.498883636668324 ], [ 530817.408710874384269, 5008050.498965661041439 ], [ 530817.434546756674536, 5008050.490772952325642 ], [ 530817.451897756429389, 5008050.474042418412864 ], [ 530817.460573353222571, 5008050.465668558143079 ], [ 530817.469344113138504, 5008050.448856040835381 ], [ 530817.469534633331932, 5008050.431961540132761 ], [ 530817.469629796454683, 5008050.423522883094847 ], [ 530817.446842237026431, 5008050.161403588950634 ], [ 530817.446833508438431, 5008050.161403505131602 ], [ 530817.369606986525469, 5008050.160665617324412 ], [ 530817.349588704295456, 5008050.413919155485928 ], [ 530817.349493347224779, 5008050.422374998219311 ], [ 530817.349112306837924, 5008050.456163998693228 ], [ 530817.349017143715173, 5008050.464602655731142 ], [ 530817.357502026367001, 5008050.473140481859446 ], [ 530817.365987102966756, 5008050.481661120429635 ], [ 530817.383052225341089, 5008050.49028092995286 ], [ 530817.400117541663349, 5008050.498883552849293 ] ], [ [ 530813.829346785671078, 5008058.947053499519825 ], [ 530813.837931389687583, 5008058.947135523892939 ], [ 530813.863767271977849, 5008058.938942815177143 ], [ 530813.881118271732703, 5008058.922212281264365 ], [ 530813.889793868525885, 5008058.91383842099458 ], [ 530813.898564628441818, 5008058.897025903686881 ], [ 530813.898755148635246, 5008058.880131402984262 ], [ 530813.898850311757997, 5008058.871692745946348 ], [ 530813.876062752329744, 5008058.609573451802135 ], [ 530813.876054023741744, 5008058.609573367983103 ], [ 530813.798827501828782, 5008058.608835480175912 ], [ 530813.77880921959877, 5008058.862089018337429 ], [ 530813.778713862528093, 5008058.870544861070812 ], [ 530813.778332822141238, 5008058.904333861544728 ], [ 530813.778237659018487, 5008058.912772518582642 ], [ 530813.786722541670315, 5008058.921310344710946 ], [ 530813.795207618270069, 5008058.929830983281136 ], [ 530813.812272740644403, 5008058.93845079280436 ], [ 530813.829338056966662, 5008058.947053415700793 ], [ 530813.829346785671078, 5008058.947053499519825 ] ], [ [ 530814.884755358565599, 5008058.957154952920973 ], [ 530814.893339962582104, 5008058.957236977294087 ], [ 530814.91917584487237, 5008058.949044268578291 ], [ 530814.936526844627224, 5008058.932313734665513 ], [ 530814.945202441420406, 5008058.923939874395728 ], [ 530814.953973201336339, 5008058.907127357088029 ], [ 530814.954163721529767, 5008058.89023285638541 ], [ 530814.954258884652518, 5008058.881794199347496 ], [ 530814.931471325224265, 5008058.619674905203283 ], [ 530814.931462596636266, 5008058.619674821384251 ], [ 530814.854236074723303, 5008058.618936933577061 ], [ 530814.834217792493291, 5008058.872190471738577 ], [ 530814.834122435422614, 5008058.88064631447196 ], [ 530814.833741395035759, 5008058.914435314945877 ], [ 530814.833646231913008, 5008058.92287397198379 ], [ 530814.842131114564836, 5008058.931411798112094 ], [ 530814.85061619116459, 5008058.939932436682284 ], [ 530814.867681313538924, 5008058.948552246205509 ], [ 530814.884746629861183, 5008058.957154869101942 ], [ 530814.884755358565599, 5008058.957154952920973 ] ], [ [ 530817.930862666224129, 5008058.986260037869215 ], [ 530817.930871394928545, 5008058.986260121688247 ], [ 530817.93945599894505, 5008058.986342146061361 ], [ 530817.965291881235316, 5008058.978149437345564 ], [ 530817.98264288099017, 5008058.961418903432786 ], [ 530817.991318477783352, 5008058.953045043163002 ], [ 530818.000089237699285, 5008058.936232525855303 ], [ 530818.000279757892713, 5008058.919338025152683 ], [ 530818.000374921015464, 5008058.910899368114769 ], [ 530817.977587361587211, 5008058.648780073970556 ], [ 530817.977578632999212, 5008058.648779990151525 ], [ 530817.900352111086249, 5008058.648042102344334 ], [ 530817.880333828856237, 5008058.90129564050585 ], [ 530817.88023847178556, 5008058.909751483239233 ], [ 530817.879857431398705, 5008058.94354048371315 ], [ 530817.879762268275954, 5008058.951979140751064 ], [ 530817.888247150927782, 5008058.960516966879368 ], [ 530817.896732227527536, 5008058.969037605449557 ], [ 530817.91379734990187, 5008058.977657414972782 ], [ 530817.930862666224129, 5008058.986260037869215 ] ], [ [ 530814.711879557347856, 5008067.437791262753308 ], [ 530814.720464161364362, 5008067.437873287126422 ], [ 530814.746300043654628, 5008067.429680578410625 ], [ 530814.763651043409482, 5008067.412950044497848 ], [ 530814.772326640202664, 5008067.404576184228063 ], [ 530814.781097400118597, 5008067.387763666920364 ], [ 530814.781287920312025, 5008067.370869166217744 ], [ 530814.781383083434775, 5008067.362430509179831 ], [ 530814.758595524006523, 5008067.100311215035617 ], [ 530814.758586795418523, 5008067.100311131216586 ], [ 530814.681360273505561, 5008067.099573243409395 ], [ 530814.661341991275549, 5008067.352826781570911 ], [ 530814.661246634204872, 5008067.361282624304295 ], [ 530814.660865593818016, 5008067.395071624778211 ], [ 530814.660770430695266, 5008067.403510281816125 ], [ 530814.669255313347094, 5008067.412048107944429 ], [ 530814.677740389946848, 5008067.420568746514618 ], [ 530814.694805512321182, 5008067.429188556037843 ], [ 530814.711870828643441, 5008067.437791178934276 ], [ 530814.711879557347856, 5008067.437791262753308 ] ], [ [ 530817.757986865006387, 5008067.46689634770155 ], [ 530817.757995593710802, 5008067.466896431520581 ], [ 530817.766580197727308, 5008067.466978455893695 ], [ 530817.792416080017574, 5008067.458785747177899 ], [ 530817.809767079772428, 5008067.442055213265121 ], [ 530817.81844267656561, 5008067.433681352995336 ], [ 530817.827213436481543, 5008067.416868835687637 ], [ 530817.827403956674971, 5008067.399974334985018 ], [ 530817.827499119797722, 5008067.391535677947104 ], [ 530817.804711560369469, 5008067.129416383802891 ], [ 530817.804702831781469, 5008067.129416299983859 ], [ 530817.727476309868507, 5008067.128678412176669 ], [ 530817.707458027638495, 5008067.381931950338185 ], [ 530817.707362670567818, 5008067.390387793071568 ], [ 530817.706981630180962, 5008067.424176793545485 ], [ 530817.706886467058212, 5008067.432615450583398 ], [ 530817.71537134971004, 5008067.441153276711702 ], [ 530817.723856426309794, 5008067.449673915281892 ], [ 530817.740921548684128, 5008067.458293724805117 ], [ 530817.757986865006387, 5008067.46689634770155 ] ], [ [ 530818.813404166605324, 5008067.47699788492173 ], [ 530818.821988770621829, 5008067.477079909294844 ], [ 530818.847824652912095, 5008067.468887200579047 ], [ 530818.865175652666949, 5008067.452156666666269 ], [ 530818.873851249460131, 5008067.443782806396484 ], [ 530818.882622009376064, 5008067.426970289088786 ], [ 530818.882812529569492, 5008067.410075788386166 ], [ 530818.882907692692243, 5008067.401637131348252 ], [ 530818.86012013326399, 5008067.139517837204039 ], [ 530818.86011140467599, 5008067.139517753385007 ], [ 530818.782884882763028, 5008067.138779865577817 ], [ 530818.762866600533016, 5008067.392033403739333 ], [ 530818.762771243462339, 5008067.400489246472716 ], [ 530818.762390203075483, 5008067.434278246946633 ], [ 530818.762295039952733, 5008067.442716903984547 ], [ 530818.770779922604561, 5008067.451254730112851 ], [ 530818.779264999204315, 5008067.45977536868304 ], [ 530818.796330121578649, 5008067.468395178206265 ], [ 530818.813395437900908, 5008067.476997801102698 ], [ 530818.813404166605324, 5008067.47699788492173 ] ], [ [ 530812.376691788667813, 5008075.897758417762816 ], [ 530812.376700517372228, 5008075.897758501581848 ], [ 530812.385285121388733, 5008075.897840525954962 ], [ 530812.411121003679, 5008075.889647817239165 ], [ 530812.428472003433853, 5008075.872917283326387 ], [ 530812.437147600227036, 5008075.864543423056602 ], [ 530812.445918360142969, 5008075.847730905748904 ], [ 530812.446108880336396, 5008075.830836405046284 ], [ 530812.446204043459147, 5008075.82239774800837 ], [ 530812.423416484030895, 5008075.560278453864157 ], [ 530812.423407755442895, 5008075.560278370045125 ], [ 530812.346181233529933, 5008075.559540482237935 ], [ 530812.326162951299921, 5008075.812794020399451 ], [ 530812.326067594229244, 5008075.821249863132834 ], [ 530812.325686553842388, 5008075.855038863606751 ], [ 530812.325591390719637, 5008075.863477520644665 ], [ 530812.334076273371466, 5008075.872015346772969 ], [ 530812.34256134997122, 5008075.880535985343158 ], [ 530812.359626472345553, 5008075.889155794866383 ], [ 530812.376691788667813, 5008075.897758417762816 ] ], [ [ 530815.422807825030759, 5008075.926863586530089 ], [ 530815.422816553735174, 5008075.926863670349121 ], [ 530815.431401157751679, 5008075.926945694722235 ], [ 530815.457237040041946, 5008075.918752986006439 ], [ 530815.474588039796799, 5008075.902022452093661 ], [ 530815.483263636589982, 5008075.893648591823876 ], [ 530815.492034396505915, 5008075.876836074516177 ], [ 530815.492224916699342, 5008075.859941573813558 ], [ 530815.492320079822093, 5008075.851502916775644 ], [ 530815.469532520393841, 5008075.589383622631431 ], [ 530815.469523791805841, 5008075.589383538812399 ], [ 530815.392297269892879, 5008075.588645651005208 ], [ 530815.372278987662867, 5008075.841899189166725 ], [ 530815.37218363059219, 5008075.850355031900108 ], [ 530815.371802590205334, 5008075.884144032374024 ], [ 530815.371707427082583, 5008075.892582689411938 ], [ 530815.380192309734412, 5008075.901120515540242 ], [ 530815.388677386334166, 5008075.909641154110432 ], [ 530815.405742508708499, 5008075.918260963633657 ], [ 530815.422807825030759, 5008075.926863586530089 ] ], [ [ 530818.468919497099705, 5008075.95596871431917 ], [ 530818.47750410111621, 5008075.956050738692284 ], [ 530818.503339983406477, 5008075.947858029976487 ], [ 530818.52069098316133, 5008075.931127496063709 ], [ 530818.529366579954512, 5008075.922753635793924 ], [ 530818.538137339870445, 5008075.905941118486226 ], [ 530818.538327860063873, 5008075.889046617783606 ], [ 530818.538423023186624, 5008075.880607960745692 ], [ 530818.515635463758372, 5008075.618488666601479 ], [ 530818.515626735170372, 5008075.618488582782447 ], [ 530818.43840021325741, 5008075.617750694975257 ], [ 530818.418381931027398, 5008075.871004233136773 ], [ 530818.418286573956721, 5008075.879460075870156 ], [ 530818.417905533569865, 5008075.913249076344073 ], [ 530818.417810370447114, 5008075.921687733381987 ], [ 530818.426295253098942, 5008075.930225559510291 ], [ 530818.434780329698697, 5008075.93874619808048 ], [ 530818.45184545207303, 5008075.947366007603705 ], [ 530818.46891076839529, 5008075.955968630500138 ], [ 530818.468919497099705, 5008075.95596871431917 ] ], [ [ 530815.215623963973485, 5008084.40718927513808 ], [ 530815.2156326926779, 5008084.407189358957112 ], [ 530815.224217296694405, 5008084.407271383330226 ], [ 530815.250053178984672, 5008084.399078674614429 ], [ 530815.267404178739525, 5008084.382348140701652 ], [ 530815.276079775532708, 5008084.373974280431867 ], [ 530815.284850535448641, 5008084.357161763124168 ], [ 530815.285041055642068, 5008084.340267262421548 ], [ 530815.285136218764819, 5008084.331828605383635 ], [ 530815.262348659336567, 5008084.069709311239421 ], [ 530815.262339930748567, 5008084.06970922742039 ], [ 530815.185113408835605, 5008084.068971339613199 ], [ 530815.165095126605593, 5008084.322224877774715 ], [ 530815.164999769534916, 5008084.330680720508099 ], [ 530815.16461872914806, 5008084.364469720982015 ], [ 530815.164523566025309, 5008084.372908378019929 ], [ 530815.173008448677137, 5008084.381446204148233 ], [ 530815.181493525276892, 5008084.389966842718422 ], [ 530815.198558647651225, 5008084.398586652241647 ], [ 530815.215623963973485, 5008084.40718927513808 ] ], [ [ 530816.271024001995102, 5008084.417273459024727 ], [ 530816.271032730699517, 5008084.417273542843759 ], [ 530816.279617334716022, 5008084.417355567216873 ], [ 530816.305453217006288, 5008084.409162858501077 ], [ 530816.322804216761142, 5008084.392432324588299 ], [ 530816.331479813554324, 5008084.384058464318514 ], [ 530816.340250573470257, 5008084.367245947010815 ], [ 530816.340441093663685, 5008084.350351446308196 ], [ 530816.340536256786436, 5008084.341912789270282 ], [ 530816.317748697358184, 5008084.079793495126069 ], [ 530816.317739968770184, 5008084.079793411307037 ], [ 530816.240513446857221, 5008084.079055523499846 ], [ 530816.220495164627209, 5008084.332309061661363 ], [ 530816.220399807556532, 5008084.340764904394746 ], [ 530816.220018767169677, 5008084.374553904868662 ], [ 530816.219923604046926, 5008084.382992561906576 ], [ 530816.228408486698754, 5008084.39153038803488 ], [ 530816.236893563298509, 5008084.40005102660507 ], [ 530816.253958685672842, 5008084.408670836128294 ], [ 530816.271024001995102, 5008084.417273459024727 ] ], [ [ 530819.317148767062463, 5008084.446378711611032 ], [ 530819.325733371078968, 5008084.446460735984147 ], [ 530819.351569253369235, 5008084.43826802726835 ], [ 530819.368920253124088, 5008084.421537493355572 ], [ 530819.37759584991727, 5008084.413163633085787 ], [ 530819.386366609833203, 5008084.396351115778089 ], [ 530819.386557130026631, 5008084.379456615075469 ], [ 530819.386652293149382, 5008084.371017958037555 ], [ 530819.36386473372113, 5008084.108898663893342 ], [ 530819.36385600513313, 5008084.10889858007431 ], [ 530819.286629483220167, 5008084.10816069226712 ], [ 530819.266611200990155, 5008084.361414230428636 ], [ 530819.266515843919478, 5008084.369870073162019 ], [ 530819.266134803532623, 5008084.403659073635936 ], [ 530819.266039640409872, 5008084.41209773067385 ], [ 530819.2745245230617, 5008084.420635556802154 ], [ 530819.283009599661455, 5008084.429156195372343 ], [ 530819.300074722035788, 5008084.437776004895568 ], [ 530819.317140038358048, 5008084.446378627792001 ], [ 530819.317148767062463, 5008084.446378711611032 ] ], [ [ 530856.103617422748357, 5008016.93948551826179 ], [ 530856.112202026764862, 5008016.939567542634904 ], [ 530856.138037909055129, 5008016.931374833919108 ], [ 530856.155388908809982, 5008016.91464430000633 ], [ 530856.164064505603164, 5008016.906270439736545 ], [ 530856.172835265519097, 5008016.889457922428846 ], [ 530856.173025785712525, 5008016.872563421726227 ], [ 530856.173120948835276, 5008016.864124764688313 ], [ 530856.150333389407024, 5008016.6020054705441 ], [ 530856.150324660819024, 5008016.602005386725068 ], [ 530856.073098138906062, 5008016.601267498917878 ], [ 530856.05307985667605, 5008016.854521037079394 ], [ 530856.052984499605373, 5008016.862976879812777 ], [ 530856.052603459218517, 5008016.896765880286694 ], [ 530856.052508296095766, 5008016.905204537324607 ], [ 530856.060993178747594, 5008016.913742363452911 ], [ 530856.069478255347349, 5008016.922263002023101 ], [ 530856.086543377721682, 5008016.930882811546326 ], [ 530856.103608694043942, 5008016.939485434442759 ], [ 530856.103617422748357, 5008016.93948551826179 ] ], [ [ 530857.150432856520638, 5008016.949487676844001 ], [ 530857.150441585225053, 5008016.949487760663033 ], [ 530857.159026189241558, 5008016.949569785036147 ], [ 530857.184862071531825, 5008016.94137707632035 ], [ 530857.202213071286678, 5008016.924646542407572 ], [ 530857.210888668079861, 5008016.916272682137787 ], [ 530857.219659427995794, 5008016.899460164830089 ], [ 530857.219849948189221, 5008016.882565664127469 ], [ 530857.219945111311972, 5008016.874127007089555 ], [ 530857.19715755188372, 5008016.612007712945342 ], [ 530857.19714882329572, 5008016.61200762912631 ], [ 530857.119922301382758, 5008016.61126974131912 ], [ 530857.099904019152746, 5008016.864523279480636 ], [ 530857.099808662082069, 5008016.872979122214019 ], [ 530857.099427621695213, 5008016.906768122687936 ], [ 530857.099332458572462, 5008016.91520677972585 ], [ 530857.10781734122429, 5008016.923744605854154 ], [ 530857.116302417824045, 5008016.932265244424343 ], [ 530857.133367540198378, 5008016.940885053947568 ], [ 530857.150432856520638, 5008016.949487676844001 ] ], [ [ 530860.196557621587999, 5008016.978592929430306 ], [ 530860.205142225604504, 5008016.97867495380342 ], [ 530860.230978107894771, 5008016.970482245087624 ], [ 530860.248329107649624, 5008016.953751711174846 ], [ 530860.257004704442807, 5008016.945377850905061 ], [ 530860.26577546435874, 5008016.928565333597362 ], [ 530860.265965984552167, 5008016.911670832894742 ], [ 530860.266061147674918, 5008016.903232175856829 ], [ 530860.243273588246666, 5008016.641112881712615 ], [ 530860.243264859658666, 5008016.641112797893584 ], [ 530860.166038337745704, 5008016.640374910086393 ], [ 530860.146020055515692, 5008016.89362844824791 ], [ 530860.145924698445015, 5008016.902084290981293 ], [ 530860.145543658058159, 5008016.935873291455209 ], [ 530860.145448494935408, 5008016.944311948493123 ], [ 530860.153933377587236, 5008016.952849774621427 ], [ 530860.162418454186991, 5008016.961370413191617 ], [ 530860.179483576561324, 5008016.969990222714841 ], [ 530860.196548892883584, 5008016.978592845611274 ], [ 530860.196557621587999, 5008016.978592929430306 ] ], [ [ 530822.324354836484417, 5007999.652136470191181 ], [ 530822.332939440500923, 5007999.652218494564295 ], [ 530822.358775322791189, 5007999.644025785848498 ], [ 530822.376126322546043, 5007999.62729525193572 ], [ 530822.384801919339225, 5007999.618921391665936 ], [ 530822.393572679255158, 5007999.602108874358237 ], [ 530822.393763199448586, 5007999.585214373655617 ], [ 530822.393858362571336, 5007999.576775716617703 ], [ 530822.371070803143084, 5007999.31465642247349 ], [ 530822.371062074555084, 5007999.314656338654459 ], [ 530822.293835552642122, 5007999.313918450847268 ], [ 530822.27381727041211, 5007999.567171989008784 ], [ 530822.273721913341433, 5007999.575627831742167 ], [ 530822.273340872954577, 5007999.609416832216084 ], [ 530822.273245709831826, 5007999.617855489253998 ], [ 530822.281730592483655, 5007999.626393315382302 ], [ 530822.290215669083409, 5007999.634913953952491 ], [ 530822.307280791457742, 5007999.643533763475716 ], [ 530822.324346107780002, 5007999.652136386372149 ], [ 530822.324354836484417, 5007999.652136470191181 ] ], [ [ 530825.370449051144533, 5007999.681241430342197 ], [ 530825.370457779848948, 5007999.681241514161229 ], [ 530825.379042383865453, 5007999.681323538534343 ], [ 530825.40487826615572, 5007999.673130829818547 ], [ 530825.422229265910573, 5007999.656400295905769 ], [ 530825.430904862703755, 5007999.648026435635984 ], [ 530825.439675622619689, 5007999.631213918328285 ], [ 530825.439866142813116, 5007999.614319417625666 ], [ 530825.439961305935867, 5007999.605880760587752 ], [ 530825.417173746507615, 5007999.343761466443539 ], [ 530825.417165017919615, 5007999.343761382624507 ], [ 530825.339938496006653, 5007999.343023494817317 ], [ 530825.319920213776641, 5007999.596277032978833 ], [ 530825.319824856705964, 5007999.604732875712216 ], [ 530825.319443816319108, 5007999.638521876186132 ], [ 530825.319348653196357, 5007999.646960533224046 ], [ 530825.327833535848185, 5007999.65549835935235 ], [ 530825.33631861244794, 5007999.66401899792254 ], [ 530825.353383734822273, 5007999.672638807445765 ], [ 530825.370449051144533, 5007999.681241430342197 ] ], [ [ 530819.525820835144259, 5008008.107693613506854 ], [ 530819.534405439160764, 5008008.107775637879968 ], [ 530819.560241321451031, 5008008.099582929164171 ], [ 530819.577592321205884, 5008008.082852395251393 ], [ 530819.586267917999066, 5008008.074478534981608 ], [ 530819.595038677914999, 5008008.05766601767391 ], [ 530819.595229198108427, 5008008.04077151697129 ], [ 530819.595324361231178, 5008008.032332859933376 ], [ 530819.572536801802926, 5008007.770213565789163 ], [ 530819.572528073214926, 5008007.770213481970131 ], [ 530819.495301551301964, 5008007.769475594162941 ], [ 530819.475283269071952, 5008008.022729132324457 ], [ 530819.475187912001275, 5008008.03118497505784 ], [ 530819.474806871614419, 5008008.064973975531757 ], [ 530819.474711708491668, 5008008.073412632569671 ], [ 530819.483196591143496, 5008008.081950458697975 ], [ 530819.491681667743251, 5008008.090471097268164 ], [ 530819.508746790117584, 5008008.099090906791389 ], [ 530819.525812106439844, 5008008.107693529687822 ], [ 530819.525820835144259, 5008008.107693613506854 ] ], [ [ 530822.571936871507205, 5008008.136798782274127 ], [ 530822.58052147552371, 5008008.136880806647241 ], [ 530822.606357357813977, 5008008.128688097931445 ], [ 530822.62370835756883, 5008008.111957564018667 ], [ 530822.632383954362012, 5008008.103583703748882 ], [ 530822.641154714277945, 5008008.086771186441183 ], [ 530822.641345234471373, 5008008.069876685738564 ], [ 530822.641440397594124, 5008008.06143802870065 ], [ 530822.618652838165872, 5008007.799318734556437 ], [ 530822.618644109577872, 5008007.799318650737405 ], [ 530822.54141758766491, 5008007.798580762930214 ], [ 530822.521399305434898, 5008008.051834301091731 ], [ 530822.521303948364221, 5008008.060290143825114 ], [ 530822.520922907977365, 5008008.09407914429903 ], [ 530822.520827744854614, 5008008.102517801336944 ], [ 530822.529312627506442, 5008008.111055627465248 ], [ 530822.537797704106197, 5008008.119576266035438 ], [ 530822.55486282648053, 5008008.128196075558662 ], [ 530822.57192814280279, 5008008.136798698455095 ], [ 530822.571936871507205, 5008008.136798782274127 ] ], [ [ 530823.627328180824406, 5008008.146882882341743 ], [ 530823.627336909528822, 5008008.146882966160774 ], [ 530823.635921513545327, 5008008.146964990533888 ], [ 530823.661757395835593, 5008008.138772281818092 ], [ 530823.679108395590447, 5008008.122041747905314 ], [ 530823.687783992383629, 5008008.113667887635529 ], [ 530823.696554752299562, 5008008.09685537032783 ], [ 530823.69674527249299, 5008008.079960869625211 ], [ 530823.696840435615741, 5008008.071522212587297 ], [ 530823.674052876187488, 5008007.809402918443084 ], [ 530823.674044147599488, 5008007.809402834624052 ], [ 530823.596817625686526, 5008007.808664946816862 ], [ 530823.576799343456514, 5008008.061918484978378 ], [ 530823.576703986385837, 5008008.070374327711761 ], [ 530823.576322945998982, 5008008.104163328185678 ], [ 530823.576227782876231, 5008008.112601985223591 ], [ 530823.584712665528059, 5008008.121139811351895 ], [ 530823.593197742127813, 5008008.129660449922085 ], [ 530823.610262864502147, 5008008.13828025944531 ], [ 530823.627328180824406, 5008008.146882882341743 ] ], [ [ 530826.673444217187352, 5008008.175988051109016 ], [ 530826.673452945891768, 5008008.175988134928048 ], [ 530826.682037549908273, 5008008.176070159301162 ], [ 530826.707873432198539, 5008008.167877450585365 ], [ 530826.725224431953393, 5008008.151146916672587 ], [ 530826.733900028746575, 5008008.142773056402802 ], [ 530826.742670788662508, 5008008.125960539095104 ], [ 530826.742861308855936, 5008008.109066038392484 ], [ 530826.742956471978687, 5008008.10062738135457 ], [ 530826.720168912550434, 5008007.838508087210357 ], [ 530826.720160183962435, 5008007.838508003391325 ], [ 530826.642933662049472, 5008007.837770115584135 ], [ 530826.62291537981946, 5008008.091023653745651 ], [ 530826.622820022748783, 5008008.099479496479034 ], [ 530826.622438982361928, 5008008.133268496952951 ], [ 530826.622343819239177, 5008008.141707153990865 ], [ 530826.630828701891005, 5008008.150244980119169 ], [ 530826.639313778490759, 5008008.158765618689358 ], [ 530826.656378900865093, 5008008.167385428212583 ], [ 530826.673444217187352, 5008008.175988051109016 ] ], [ [ 530822.476283131050877, 5008016.618181528523564 ], [ 530822.484867735067382, 5008016.618263552896678 ], [ 530822.510703617357649, 5008016.610070844180882 ], [ 530822.528054617112502, 5008016.593340310268104 ], [ 530822.536730213905685, 5008016.584966449998319 ], [ 530822.545500973821618, 5008016.56815393269062 ], [ 530822.545691494015045, 5008016.551259431988001 ], [ 530822.545786657137796, 5008016.542820774950087 ], [ 530822.522999097709544, 5008016.280701480805874 ], [ 530822.522990369121544, 5008016.280701396986842 ], [ 530822.445763847208582, 5008016.279963509179652 ], [ 530822.42574556497857, 5008016.533217047341168 ], [ 530822.425650207907893, 5008016.541672890074551 ], [ 530822.425269167521037, 5008016.575461890548468 ], [ 530822.425174004398286, 5008016.583900547586381 ], [ 530822.433658887050115, 5008016.592438373714685 ], [ 530822.442143963649869, 5008016.600959012284875 ], [ 530822.459209086024202, 5008016.6095788218081 ], [ 530822.476274402346462, 5008016.618181444704533 ], [ 530822.476283131050877, 5008016.618181528523564 ] ], [ [ 530825.522390438709408, 5008016.647286613471806 ], [ 530825.522399167413823, 5008016.647286697290838 ], [ 530825.530983771430328, 5008016.647368721663952 ], [ 530825.556819653720595, 5008016.639176012948155 ], [ 530825.574170653475448, 5008016.622445479035378 ], [ 530825.582846250268631, 5008016.614071618765593 ], [ 530825.591617010184564, 5008016.597259101457894 ], [ 530825.591807530377991, 5008016.580364600755274 ], [ 530825.591902693500742, 5008016.57192594371736 ], [ 530825.56911513407249, 5008016.309806649573147 ], [ 530825.56910640548449, 5008016.309806565754116 ], [ 530825.491879883571528, 5008016.309068677946925 ], [ 530825.471861601341516, 5008016.562322216108441 ], [ 530825.471766244270839, 5008016.570778058841825 ], [ 530825.471385203883983, 5008016.604567059315741 ], [ 530825.471290040761232, 5008016.613005716353655 ], [ 530825.479774923413061, 5008016.621543542481959 ], [ 530825.488260000012815, 5008016.630064181052148 ], [ 530825.505325122387148, 5008016.638683990575373 ], [ 530825.522390438709408, 5008016.647286613471806 ] ], [ [ 530826.577807740308344, 5008016.657388150691986 ], [ 530826.58639234432485, 5008016.6574701750651 ], [ 530826.612228226615116, 5008016.649277466349304 ], [ 530826.62957922636997, 5008016.632546932436526 ], [ 530826.638254823163152, 5008016.624173072166741 ], [ 530826.647025583079085, 5008016.607360554859042 ], [ 530826.647216103272513, 5008016.590466054156423 ], [ 530826.647311266395263, 5008016.582027397118509 ], [ 530826.624523706967011, 5008016.319908102974296 ], [ 530826.624514978379011, 5008016.319908019155264 ], [ 530826.547288456466049, 5008016.319170131348073 ], [ 530826.527270174236037, 5008016.57242366950959 ], [ 530826.52717481716536, 5008016.580879512242973 ], [ 530826.526793776778504, 5008016.614668512716889 ], [ 530826.526698613655753, 5008016.623107169754803 ], [ 530826.535183496307582, 5008016.631644995883107 ], [ 530826.543668572907336, 5008016.640165634453297 ], [ 530826.560733695281669, 5008016.648785443976521 ], [ 530826.577799011603929, 5008016.657388066872954 ], [ 530826.577807740308344, 5008016.657388150691986 ] ], [ [ 530820.196314638713375, 5008025.078710673376918 ], [ 530820.19632336741779, 5008025.07871075719595 ], [ 530820.204907971434295, 5008025.078792781569064 ], [ 530820.230743853724562, 5008025.070600072853267 ], [ 530820.248094853479415, 5008025.053869538940489 ], [ 530820.256770450272597, 5008025.045495678670704 ], [ 530820.26554121018853, 5008025.028683161363006 ], [ 530820.265731730381958, 5008025.011788660660386 ], [ 530820.265826893504709, 5008025.003350003622472 ], [ 530820.243039334076457, 5008024.741230709478259 ], [ 530820.243030605488457, 5008024.741230625659227 ], [ 530820.165804083575495, 5008024.740492737852037 ], [ 530820.145785801345482, 5008024.993746276013553 ], [ 530820.145690444274805, 5008025.002202118746936 ], [ 530820.14530940388795, 5008025.035991119220853 ], [ 530820.145214240765199, 5008025.044429776258767 ], [ 530820.153699123417027, 5008025.052967602387071 ], [ 530820.162184200016782, 5008025.06148824095726 ], [ 530820.179249322391115, 5008025.070108050480485 ], [ 530820.196314638713375, 5008025.078710673376918 ] ], [ [ 530823.242430675076321, 5008025.107815842144191 ], [ 530823.242439403780736, 5008025.107815925963223 ], [ 530823.251024007797241, 5008025.107897950336337 ], [ 530823.276859890087508, 5008025.099705241620541 ], [ 530823.294210889842361, 5008025.082974707707763 ], [ 530823.302886486635543, 5008025.074600847437978 ], [ 530823.311657246551476, 5008025.057788330130279 ], [ 530823.311847766744904, 5008025.04089382942766 ], [ 530823.311942929867655, 5008025.032455172389746 ], [ 530823.289155370439403, 5008024.770335878245533 ], [ 530823.289146641851403, 5008024.770335794426501 ], [ 530823.211920119938441, 5008024.76959790661931 ], [ 530823.191901837708429, 5008025.022851444780827 ], [ 530823.191806480637752, 5008025.03130728751421 ], [ 530823.191425440250896, 5008025.065096287988126 ], [ 530823.191330277128145, 5008025.07353494502604 ], [ 530823.199815159779973, 5008025.082072771154344 ], [ 530823.208300236379728, 5008025.090593409724534 ], [ 530823.225365358754061, 5008025.099213219247758 ], [ 530823.242430675076321, 5008025.107815842144191 ] ], [ [ 530826.288542347145267, 5008025.136920969933271 ], [ 530826.297126951161772, 5008025.137002994306386 ], [ 530826.322962833452038, 5008025.128810285590589 ], [ 530826.340313833206892, 5008025.112079751677811 ], [ 530826.348989430000074, 5008025.103705891408026 ], [ 530826.357760189916007, 5008025.086893374100327 ], [ 530826.357950710109435, 5008025.069998873397708 ], [ 530826.358045873232186, 5008025.061560216359794 ], [ 530826.335258313803934, 5008024.799440922215581 ], [ 530826.335249585215934, 5008024.799440838396549 ], [ 530826.258023063302971, 5008024.798702950589359 ], [ 530826.238004781072959, 5008025.051956488750875 ], [ 530826.237909424002282, 5008025.060412331484258 ], [ 530826.237528383615427, 5008025.094201331958175 ], [ 530826.237433220492676, 5008025.102639988996089 ], [ 530826.245918103144504, 5008025.111177815124393 ], [ 530826.254403179744259, 5008025.119698453694582 ], [ 530826.271468302118592, 5008025.128318263217807 ], [ 530826.288533618440852, 5008025.13692088611424 ], [ 530826.288542347145267, 5008025.136920969933271 ] ], [ [ 530819.925322436145507, 5008033.558400900103152 ], [ 530819.933907040162012, 5008033.558482924476266 ], [ 530819.959742922452278, 5008033.550290215760469 ], [ 530819.977093922207132, 5008033.533559681847692 ], [ 530819.985769519000314, 5008033.525185821577907 ], [ 530819.994540278916247, 5008033.508373304270208 ], [ 530819.994730799109675, 5008033.491478803567588 ], [ 530819.994825962232426, 5008033.483040146529675 ], [ 530819.972038402804174, 5008033.220920852385461 ], [ 530819.972029674216174, 5008033.22092076856643 ], [ 530819.894803152303211, 5008033.220182880759239 ], [ 530819.874784870073199, 5008033.473436418920755 ], [ 530819.874689513002522, 5008033.481892261654139 ], [ 530819.874308472615667, 5008033.515681262128055 ], [ 530819.874213309492916, 5008033.524119919165969 ], [ 530819.882698192144744, 5008033.532657745294273 ], [ 530819.891183268744498, 5008033.541178383864462 ], [ 530819.908248391118832, 5008033.549798193387687 ], [ 530819.925313707441092, 5008033.55840081628412 ], [ 530819.925322436145507, 5008033.558400900103152 ] ], [ [ 530822.971429743804038, 5008033.587505985051394 ], [ 530822.971438472508453, 5008033.587506068870425 ], [ 530822.980023076524958, 5008033.587588093243539 ], [ 530823.005858958815224, 5008033.579395384527743 ], [ 530823.023209958570078, 5008033.562664850614965 ], [ 530823.03188555536326, 5008033.55429099034518 ], [ 530823.040656315279193, 5008033.537478473037481 ], [ 530823.040846835472621, 5008033.520583972334862 ], [ 530823.040941998595372, 5008033.512145315296948 ], [ 530823.01815443916712, 5008033.250026021152735 ], [ 530823.01814571057912, 5008033.250025937333703 ], [ 530822.940919188666157, 5008033.249288049526513 ], [ 530822.920900906436145, 5008033.502541587688029 ], [ 530822.920805549365468, 5008033.510997430421412 ], [ 530822.920424508978613, 5008033.544786430895329 ], [ 530822.920329345855862, 5008033.553225087933242 ], [ 530822.92881422850769, 5008033.561762914061546 ], [ 530822.937299305107445, 5008033.570283552631736 ], [ 530822.954364427481778, 5008033.578903362154961 ], [ 530822.971429743804038, 5008033.587505985051394 ] ], [ [ 530824.026847045402974, 5008033.597607522271574 ], [ 530824.035431649419479, 5008033.597689546644688 ], [ 530824.061267531709746, 5008033.589496837928891 ], [ 530824.078618531464599, 5008033.572766304016113 ], [ 530824.087294128257781, 5008033.564392443746328 ], [ 530824.096064888173714, 5008033.54757992643863 ], [ 530824.096255408367142, 5008033.53068542573601 ], [ 530824.096350571489893, 5008033.522246768698096 ], [ 530824.073563012061641, 5008033.260127474553883 ], [ 530824.073554283473641, 5008033.260127390734851 ], [ 530823.996327761560678, 5008033.259389502927661 ], [ 530823.976309479330666, 5008033.512643041089177 ], [ 530823.976214122259989, 5008033.52109888382256 ], [ 530823.975833081873134, 5008033.554887884296477 ], [ 530823.975737918750383, 5008033.563326541334391 ], [ 530823.984222801402211, 5008033.571864367462695 ], [ 530823.992707878001966, 5008033.580385006032884 ], [ 530824.009773000376299, 5008033.589004815556109 ], [ 530824.026838316698559, 5008033.597607438452542 ], [ 530824.026847045402974, 5008033.597607522271574 ] ], [ [ 530827.072954353061505, 5008033.626712607219815 ], [ 530827.07296308176592, 5008033.626712691038847 ], [ 530827.081547685782425, 5008033.626794715411961 ], [ 530827.107383568072692, 5008033.618602006696165 ], [ 530827.124734567827545, 5008033.601871472783387 ], [ 530827.133410164620727, 5008033.593497612513602 ], [ 530827.14218092453666, 5008033.576685095205903 ], [ 530827.142371444730088, 5008033.559790594503284 ], [ 530827.142466607852839, 5008033.55135193746537 ], [ 530827.119679048424587, 5008033.289232643321157 ], [ 530827.119670319836587, 5008033.289232559502125 ], [ 530827.042443797923625, 5008033.288494671694934 ], [ 530827.022425515693612, 5008033.541748209856451 ], [ 530827.022330158622935, 5008033.550204052589834 ], [ 530827.02194911823608, 5008033.58399305306375 ], [ 530827.021853955113329, 5008033.592431710101664 ], [ 530827.030338837765157, 5008033.600969536229968 ], [ 530827.038823914364912, 5008033.609490174800158 ], [ 530827.055889036739245, 5008033.618109984323382 ], [ 530827.072954353061505, 5008033.626712607219815 ] ], [ [ 530820.713489834219217, 5008042.048254204913974 ], [ 530820.722074438235722, 5008042.048336229287088 ], [ 530820.747910320525989, 5008042.040143520571291 ], [ 530820.765261320280842, 5008042.023412986658514 ], [ 530820.773936917074025, 5008042.015039126388729 ], [ 530820.782707676989958, 5008041.99822660908103 ], [ 530820.782898197183385, 5008041.98133210837841 ], [ 530820.782993360306136, 5008041.972893451340497 ], [ 530820.760205800877884, 5008041.710774157196283 ], [ 530820.760197072289884, 5008041.710774073377252 ], [ 530820.682970550376922, 5008041.710036185570061 ], [ 530820.66295226814691, 5008041.963289723731577 ], [ 530820.662856911076233, 5008041.971745566464961 ], [ 530820.662475870689377, 5008042.005534566938877 ], [ 530820.662380707566626, 5008042.013973223976791 ], [ 530820.670865590218455, 5008042.022511050105095 ], [ 530820.679350666818209, 5008042.031031688675284 ], [ 530820.696415789192542, 5008042.039651498198509 ], [ 530820.713481105514802, 5008042.048254121094942 ], [ 530820.713489834219217, 5008042.048254204913974 ] ], [ [ 530823.759584048879333, 5008042.077359165064991 ], [ 530823.759592777583748, 5008042.077359248884022 ], [ 530823.768177381600253, 5008042.077441273257136 ], [ 530823.79401326389052, 5008042.06924856454134 ], [ 530823.811364263645373, 5008042.052518030628562 ], [ 530823.820039860438555, 5008042.044144170358777 ], [ 530823.828810620354488, 5008042.027331653051078 ], [ 530823.829001140547916, 5008042.010437152348459 ], [ 530823.829096303670667, 5008042.001998495310545 ], [ 530823.806308744242415, 5008041.739879201166332 ], [ 530823.806300015654415, 5008041.7398791173473 ], [ 530823.729073493741453, 5008041.73914122954011 ], [ 530823.709055211511441, 5008041.992394767701626 ], [ 530823.708959854440764, 5008042.000850610435009 ], [ 530823.708578814053908, 5008042.034639610908926 ], [ 530823.708483650931157, 5008042.043078267946839 ], [ 530823.716968533582985, 5008042.051616094075143 ], [ 530823.72545361018274, 5008042.060136732645333 ], [ 530823.742518732557073, 5008042.068756542168558 ], [ 530823.759584048879333, 5008042.077359165064991 ] ], [ [ 530826.805700085242279, 5008042.106464333832264 ], [ 530826.805708813946694, 5008042.106464417651296 ], [ 530826.814293417963199, 5008042.10654644202441 ], [ 530826.840129300253466, 5008042.098353733308613 ], [ 530826.857480300008319, 5008042.081623199395835 ], [ 530826.866155896801502, 5008042.07324933912605 ], [ 530826.874926656717435, 5008042.056436821818352 ], [ 530826.875117176910862, 5008042.039542321115732 ], [ 530826.875212340033613, 5008042.031103664077818 ], [ 530826.852424780605361, 5008041.768984369933605 ], [ 530826.852416052017361, 5008041.768984286114573 ], [ 530826.775189530104399, 5008041.768246398307383 ], [ 530826.755171247874387, 5008042.021499936468899 ], [ 530826.75507589080371, 5008042.029955779202282 ], [ 530826.754694850416854, 5008042.063744779676199 ], [ 530826.754599687294103, 5008042.072183436714113 ], [ 530826.763084569945931, 5008042.080721262842417 ], [ 530826.771569646545686, 5008042.089241901412606 ], [ 530826.788634768920019, 5008042.097861710935831 ], [ 530826.805700085242279, 5008042.106464333832264 ] ], [ [ 530820.44624230673071, 5008050.527988805435598 ], [ 530820.454826910747215, 5008050.528070829808712 ], [ 530820.480662793037482, 5008050.519878121092916 ], [ 530820.498013792792335, 5008050.503147587180138 ], [ 530820.506689389585517, 5008050.494773726910353 ], [ 530820.51546014950145, 5008050.477961209602654 ], [ 530820.515650669694878, 5008050.461066708900034 ], [ 530820.515745832817629, 5008050.452628051862121 ], [ 530820.492958273389377, 5008050.190508757717907 ], [ 530820.492949544801377, 5008050.190508673898876 ], [ 530820.415723022888415, 5008050.189770786091685 ], [ 530820.395704740658402, 5008050.443024324253201 ], [ 530820.395609383587725, 5008050.451480166986585 ], [ 530820.39522834320087, 5008050.485269167460501 ], [ 530820.395133180078119, 5008050.493707824498415 ], [ 530820.403618062729947, 5008050.502245650626719 ], [ 530820.412103139329702, 5008050.510766289196908 ], [ 530820.429168261704035, 5008050.519386098720133 ], [ 530820.446233578026295, 5008050.527988721616566 ], [ 530820.44624230673071, 5008050.527988805435598 ] ], [ [ 530820.97696560958866, 5008059.015365081839263 ], [ 530820.976974338293076, 5008059.015365165658295 ], [ 530820.985558942309581, 5008059.015447190031409 ], [ 530821.011394824599847, 5008059.007254481315613 ], [ 530821.028745824354701, 5008058.990523947402835 ], [ 530821.037421421147883, 5008058.98215008713305 ], [ 530821.046192181063816, 5008058.965337569825351 ], [ 530821.046382701257244, 5008058.948443069122732 ], [ 530821.046477864379995, 5008058.940004412084818 ], [ 530821.023690304951742, 5008058.677885117940605 ], [ 530821.023681576363742, 5008058.677885034121573 ], [ 530820.94645505445078, 5008058.677147146314383 ], [ 530820.926436772220768, 5008058.930400684475899 ], [ 530820.926341415150091, 5008058.938856527209282 ], [ 530820.925960374763235, 5008058.972645527683198 ], [ 530820.925865211640485, 5008058.981084184721112 ], [ 530820.934350094292313, 5008058.989622010849416 ], [ 530820.942835170892067, 5008058.998142649419606 ], [ 530820.959900293266401, 5008059.006762458942831 ], [ 530820.97696560958866, 5008059.015365081839263 ] ], [ [ 530824.023090374656022, 5008059.044470334425569 ], [ 530824.031674978672527, 5008059.044552358798683 ], [ 530824.057510860962793, 5008059.036359650082886 ], [ 530824.074861860717647, 5008059.019629116170108 ], [ 530824.083537457510829, 5008059.011255255900323 ], [ 530824.092308217426762, 5008058.994442738592625 ], [ 530824.09249873762019, 5008058.977548237890005 ], [ 530824.092593900742941, 5008058.969109580852091 ], [ 530824.069806341314688, 5008058.706990286707878 ], [ 530824.069797612726688, 5008058.706990202888846 ], [ 530823.992571090813726, 5008058.706252315081656 ], [ 530823.972552808583714, 5008058.959505853243172 ], [ 530823.972457451513037, 5008058.967961695976555 ], [ 530823.972076411126181, 5008059.001750696450472 ], [ 530823.971981248003431, 5008059.010189353488386 ], [ 530823.980466130655259, 5008059.01872717961669 ], [ 530823.988951207255013, 5008059.027247818186879 ], [ 530824.006016329629347, 5008059.035867627710104 ], [ 530824.023081645951606, 5008059.044470250606537 ], [ 530824.023090374656022, 5008059.044470334425569 ] ], [ [ 530821.859511474263854, 5008067.506102969869971 ], [ 530821.85952020296827, 5008067.506103053689003 ], [ 530821.868104806984775, 5008067.506185078062117 ], [ 530821.893940689275041, 5008067.497992369346321 ], [ 530821.911291689029895, 5008067.481261835433543 ], [ 530821.919967285823077, 5008067.472887975163758 ], [ 530821.92873804573901, 5008067.456075457856059 ], [ 530821.928928565932438, 5008067.43918095715344 ], [ 530821.929023729055189, 5008067.430742300115526 ], [ 530821.906236169626936, 5008067.168623005971313 ], [ 530821.906227441038936, 5008067.168622922152281 ], [ 530821.829000919125974, 5008067.16788503434509 ], [ 530821.808982636895962, 5008067.421138572506607 ], [ 530821.808887279825285, 5008067.42959441523999 ], [ 530821.808506239438429, 5008067.463383415713906 ], [ 530821.808411076315679, 5008067.47182207275182 ], [ 530821.816895958967507, 5008067.480359898880124 ], [ 530821.825381035567261, 5008067.488880537450314 ], [ 530821.842446157941595, 5008067.497500346973538 ], [ 530821.859511474263854, 5008067.506102969869971 ] ], [ [ 530824.9056231463328, 5008067.535208097659051 ], [ 530824.914207750349306, 5008067.535290122032166 ], [ 530824.940043632639572, 5008067.527097413316369 ], [ 530824.957394632394426, 5008067.510366879403591 ], [ 530824.966070229187608, 5008067.501993019133806 ], [ 530824.974840989103541, 5008067.485180501826108 ], [ 530824.975031509296969, 5008067.468286001123488 ], [ 530824.975126672419719, 5008067.459847344085574 ], [ 530824.952339112991467, 5008067.197728049941361 ], [ 530824.952330384403467, 5008067.197727966122329 ], [ 530824.875103862490505, 5008067.196990078315139 ], [ 530824.855085580260493, 5008067.450243616476655 ], [ 530824.854990223189816, 5008067.458699459210038 ], [ 530824.85460918280296, 5008067.492488459683955 ], [ 530824.854514019680209, 5008067.500927116721869 ], [ 530824.862998902332038, 5008067.509464942850173 ], [ 530824.871483978931792, 5008067.517985581420362 ], [ 530824.888549101306126, 5008067.526605390943587 ], [ 530824.905614417628385, 5008067.53520801384002 ], [ 530824.9056231463328, 5008067.535208097659051 ] ], [ [ 530827.951739182695746, 5008067.564313266426325 ], [ 530827.960323786712252, 5008067.564395290799439 ], [ 530827.986159669002518, 5008067.556202582083642 ], [ 530828.003510668757372, 5008067.539472048170865 ], [ 530828.012186265550554, 5008067.53109818790108 ], [ 530828.020957025466487, 5008067.514285670593381 ], [ 530828.021147545659915, 5008067.497391169890761 ], [ 530828.021242708782665, 5008067.488952512852848 ], [ 530827.998455149354413, 5008067.226833218708634 ], [ 530827.998446420766413, 5008067.226833134889603 ], [ 530827.921219898853451, 5008067.226095247082412 ], [ 530827.901201616623439, 5008067.479348785243928 ], [ 530827.901106259552762, 5008067.487804627977312 ], [ 530827.900725219165906, 5008067.521593628451228 ], [ 530827.900630056043155, 5008067.530032285489142 ], [ 530827.909114938694984, 5008067.538570111617446 ], [ 530827.917600015294738, 5008067.547090750187635 ], [ 530827.934665137669072, 5008067.55571055971086 ], [ 530827.951730453991331, 5008067.564313182607293 ], [ 530827.951739182695746, 5008067.564313266426325 ] ], [ [ 530821.515035533462651, 5008075.985073883086443 ], [ 530821.523620137479156, 5008075.985155907459557 ], [ 530821.549456019769423, 5008075.976963198743761 ], [ 530821.566807019524276, 5008075.960232664830983 ], [ 530821.575482616317458, 5008075.951858804561198 ], [ 530821.584253376233391, 5008075.935046287253499 ], [ 530821.584443896426819, 5008075.918151786550879 ], [ 530821.58453905954957, 5008075.909713129512966 ], [ 530821.561751500121318, 5008075.647593835368752 ], [ 530821.561742771533318, 5008075.647593751549721 ], [ 530821.484516249620356, 5008075.64685586374253 ], [ 530821.464497967390344, 5008075.900109401904047 ], [ 530821.464402610319667, 5008075.90856524463743 ], [ 530821.464021569932811, 5008075.942354245111346 ], [ 530821.46392640681006, 5008075.95079290214926 ], [ 530821.472411289461888, 5008075.959330728277564 ], [ 530821.480896366061643, 5008075.967851366847754 ], [ 530821.497961488435976, 5008075.976471176370978 ], [ 530821.515026804758236, 5008075.985073799267411 ], [ 530821.515035533462651, 5008075.985073883086443 ] ], [ [ 530822.570435377652757, 5008075.99517525266856 ], [ 530822.570444106357172, 5008075.995175336487591 ], [ 530822.579028710373677, 5008075.995257360860705 ], [ 530822.604864592663944, 5008075.987064652144909 ], [ 530822.622215592418797, 5008075.970334118232131 ], [ 530822.63089118921198, 5008075.961960257962346 ], [ 530822.639661949127913, 5008075.945147740654647 ], [ 530822.63985246932134, 5008075.928253239952028 ], [ 530822.639947632444091, 5008075.919814582914114 ], [ 530822.617160073015839, 5008075.657695288769901 ], [ 530822.617151344427839, 5008075.657695204950869 ], [ 530822.539924822514877, 5008075.656957317143679 ], [ 530822.519906540284865, 5008075.910210855305195 ], [ 530822.519811183214188, 5008075.918666698038578 ], [ 530822.519430142827332, 5008075.952455698512495 ], [ 530822.519334979704581, 5008075.960894355550408 ], [ 530822.527819862356409, 5008075.969432181678712 ], [ 530822.536304938956164, 5008075.977952820248902 ], [ 530822.553370061330497, 5008075.986572629772127 ], [ 530822.570435377652757, 5008075.99517525266856 ] ], [ [ 530825.616560142720118, 5008076.024280505254865 ], [ 530825.625144746736623, 5008076.024362529627979 ], [ 530825.65098062902689, 5008076.016169820912182 ], [ 530825.668331628781743, 5008075.999439286999404 ], [ 530825.677007225574926, 5008075.99106542672962 ], [ 530825.685777985490859, 5008075.974252909421921 ], [ 530825.685968505684286, 5008075.957358408719301 ], [ 530825.686063668807037, 5008075.948919751681387 ], [ 530825.663276109378785, 5008075.686800457537174 ], [ 530825.663267380790785, 5008075.686800373718143 ], [ 530825.586040858877823, 5008075.686062485910952 ], [ 530825.566022576647811, 5008075.939316024072468 ], [ 530825.565927219577134, 5008075.947771866805851 ], [ 530825.565546179190278, 5008075.981560867279768 ], [ 530825.565451016067527, 5008075.989999524317682 ], [ 530825.573935898719355, 5008075.998537350445986 ], [ 530825.58242097531911, 5008076.007057989016175 ], [ 530825.599486097693443, 5008076.0156777985394 ], [ 530825.616551414015703, 5008076.024280421435833 ], [ 530825.616560142720118, 5008076.024280505254865 ] ], [ [ 530822.363242981722578, 5008084.475483671762049 ], [ 530822.363251710426994, 5008084.475483755581081 ], [ 530822.371836314443499, 5008084.475565779954195 ], [ 530822.397672196733765, 5008084.467373071238399 ], [ 530822.415023196488619, 5008084.450642537325621 ], [ 530822.423698793281801, 5008084.442268677055836 ], [ 530822.432469553197734, 5008084.425456159748137 ], [ 530822.432660073391162, 5008084.408561659045517 ], [ 530822.432755236513913, 5008084.400123002007604 ], [ 530822.40996767708566, 5008084.13800370786339 ], [ 530822.40995894849766, 5008084.138003624044359 ], [ 530822.332732426584698, 5008084.137265736237168 ], [ 530822.312714144354686, 5008084.390519274398685 ], [ 530822.312618787284009, 5008084.398975117132068 ], [ 530822.312237746897154, 5008084.432764117605984 ], [ 530822.312142583774403, 5008084.441202774643898 ], [ 530822.320627466426231, 5008084.449740600772202 ], [ 530822.329112543025985, 5008084.458261239342391 ], [ 530822.346177665400319, 5008084.466881048865616 ], [ 530822.363242981722578, 5008084.475483671762049 ] ], [ [ 530825.409359018085524, 5008084.504588840529323 ], [ 530825.40936774678994, 5008084.504588924348354 ], [ 530825.417952350806445, 5008084.504670948721468 ], [ 530825.443788233096711, 5008084.496478240005672 ], [ 530825.461139232851565, 5008084.479747706092894 ], [ 530825.469814829644747, 5008084.471373845823109 ], [ 530825.47858558956068, 5008084.45456132851541 ], [ 530825.478776109754108, 5008084.437666827812791 ], [ 530825.478871272876859, 5008084.429228170774877 ], [ 530825.456083713448606, 5008084.167108876630664 ], [ 530825.456074984860606, 5008084.167108792811632 ], [ 530825.378848462947644, 5008084.166370905004442 ], [ 530825.358830180717632, 5008084.419624443165958 ], [ 530825.358734823646955, 5008084.428080285899341 ], [ 530825.3583537832601, 5008084.461869286373258 ], [ 530825.358258620137349, 5008084.470307943411171 ], [ 530825.366743502789177, 5008084.478845769539475 ], [ 530825.375228579388931, 5008084.487366408109665 ], [ 530825.392293701763265, 5008084.49598621763289 ], [ 530825.409359018085524, 5008084.504588840529323 ] ], [ [ 530863.242651836248115, 5008017.007697889581323 ], [ 530863.24266056495253, 5008017.007697973400354 ], [ 530863.251245168969035, 5008017.007779997773468 ], [ 530863.277081051259302, 5008016.999587289057672 ], [ 530863.294432051014155, 5008016.982856755144894 ], [ 530863.303107647807337, 5008016.974482894875109 ], [ 530863.31187840772327, 5008016.95767037756741 ], [ 530863.312068927916698, 5008016.940775876864791 ], [ 530863.312164091039449, 5008016.932337219826877 ], [ 530863.289376531611197, 5008016.670217925682664 ], [ 530863.289367803023197, 5008016.670217841863632 ], [ 530863.212141281110235, 5008016.669479954056442 ], [ 530863.192122998880222, 5008016.922733492217958 ], [ 530863.192027641809545, 5008016.931189334951341 ], [ 530863.19164660142269, 5008016.964978335425258 ], [ 530863.191551438299939, 5008016.973416992463171 ], [ 530863.200036320951767, 5008016.981954818591475 ], [ 530863.208521397551522, 5008016.990475457161665 ], [ 530863.225586519925855, 5008016.99909526668489 ], [ 530863.242651836248115, 5008017.007697889581323 ] ], [ [ 530866.288776601315476, 5008017.036803142167628 ], [ 530866.297361205331981, 5008017.036885166540742 ], [ 530866.323197087622248, 5008017.028692457824945 ], [ 530866.340548087377101, 5008017.011961923912168 ], [ 530866.349223684170283, 5008017.003588063642383 ], [ 530866.357994444086216, 5008016.986775546334684 ], [ 530866.358184964279644, 5008016.969881045632064 ], [ 530866.358280127402395, 5008016.961442388594151 ], [ 530866.335492567974143, 5008016.699323094449937 ], [ 530866.335483839386143, 5008016.699323010630906 ], [ 530866.258257317473181, 5008016.698585122823715 ], [ 530866.238239035243168, 5008016.951838660985231 ], [ 530866.238143678172491, 5008016.960294503718615 ], [ 530866.237762637785636, 5008016.994083504192531 ], [ 530866.237667474662885, 5008017.002522161230445 ], [ 530866.246152357314713, 5008017.011059987358749 ], [ 530866.254637433914468, 5008017.019580625928938 ], [ 530866.271702556288801, 5008017.028200435452163 ], [ 530866.288767872611061, 5008017.036803058348596 ], [ 530866.288776601315476, 5008017.036803142167628 ] ], [ [ 530867.344176639337093, 5008017.046887326054275 ], [ 530867.352761243353598, 5008017.046969350427389 ], [ 530867.378597125643864, 5008017.038776641711593 ], [ 530867.395948125398718, 5008017.022046107798815 ], [ 530867.4046237221919, 5008017.01367224752903 ], [ 530867.413394482107833, 5008016.996859730221331 ], [ 530867.413585002301261, 5008016.979965229518712 ], [ 530867.413680165424012, 5008016.971526572480798 ], [ 530867.390892605995759, 5008016.709407278336585 ], [ 530867.390883877407759, 5008016.709407194517553 ], [ 530867.313657355494797, 5008016.708669306710362 ], [ 530867.293639073264785, 5008016.961922844871879 ], [ 530867.293543716194108, 5008016.970378687605262 ], [ 530867.293162675807253, 5008017.004167688079178 ], [ 530867.293067512684502, 5008017.012606345117092 ], [ 530867.30155239533633, 5008017.021144171245396 ], [ 530867.310037471936084, 5008017.029664809815586 ], [ 530867.327102594310418, 5008017.03828461933881 ], [ 530867.344167910632677, 5008017.046887242235243 ], [ 530867.344176639337093, 5008017.046887326054275 ] ], [ [ 530870.390283946995623, 5008017.075992411002517 ], [ 530870.390292675700039, 5008017.075992494821548 ], [ 530870.398877279716544, 5008017.076074519194663 ], [ 530870.42471316200681, 5008017.067881810478866 ], [ 530870.442064161761664, 5008017.051151276566088 ], [ 530870.450739758554846, 5008017.042777416296303 ], [ 530870.459510518470779, 5008017.025964898988605 ], [ 530870.459701038664207, 5008017.009070398285985 ], [ 530870.459796201786958, 5008017.000631741248071 ], [ 530870.437008642358705, 5008016.738512447103858 ], [ 530870.436999913770705, 5008016.738512363284826 ], [ 530870.359773391857743, 5008016.737774475477636 ], [ 530870.339755109627731, 5008016.991028013639152 ], [ 530870.339659752557054, 5008016.999483856372535 ], [ 530870.339278712170199, 5008017.033272856846452 ], [ 530870.339183549047448, 5008017.041711513884366 ], [ 530870.347668431699276, 5008017.05024934001267 ], [ 530870.35615350829903, 5008017.058769978582859 ], [ 530870.373218630673364, 5008017.067389788106084 ], [ 530870.390283946995623, 5008017.075992411002517 ] ], [ [ 530873.436395619064569, 5008017.105097538791597 ], [ 530873.444980223081075, 5008017.105179563164711 ], [ 530873.470816105371341, 5008017.096986854448915 ], [ 530873.488167105126195, 5008017.080256320536137 ], [ 530873.496842701919377, 5008017.071882460266352 ], [ 530873.50561346183531, 5008017.055069942958653 ], [ 530873.505803982028738, 5008017.038175442256033 ], [ 530873.505899145151488, 5008017.02973678521812 ], [ 530873.483111585723236, 5008016.767617491073906 ], [ 530873.483102857135236, 5008016.767617407254875 ], [ 530873.405876335222274, 5008016.766879519447684 ], [ 530873.385858052992262, 5008017.0201330576092 ], [ 530873.385762695921585, 5008017.028588900342584 ], [ 530873.385381655534729, 5008017.0623779008165 ], [ 530873.385286492411979, 5008017.070816557854414 ], [ 530873.393771375063807, 5008017.079354383982718 ], [ 530873.402256451663561, 5008017.087875022552907 ], [ 530873.419321574037895, 5008017.096494832076132 ], [ 530873.436386890360154, 5008017.105097454972565 ], [ 530873.436395619064569, 5008017.105097538791597 ] ], [ [ 530876.4825029267231, 5008017.134202623739839 ], [ 530876.482511655427516, 5008017.13420270755887 ], [ 530876.491096259444021, 5008017.134284731931984 ], [ 530876.516932141734287, 5008017.126092023216188 ], [ 530876.534283141489141, 5008017.10936148930341 ], [ 530876.542958738282323, 5008017.100987629033625 ], [ 530876.551729498198256, 5008017.084175111725926 ], [ 530876.551920018391684, 5008017.067280611023307 ], [ 530876.552015181514435, 5008017.058841953985393 ], [ 530876.529227622086182, 5008016.79672265984118 ], [ 530876.529218893498182, 5008016.796722576022148 ], [ 530876.45199237158522, 5008016.795984688214958 ], [ 530876.431974089355208, 5008017.049238226376474 ], [ 530876.431878732284531, 5008017.057694069109857 ], [ 530876.431497691897675, 5008017.091483069583774 ], [ 530876.431402528774925, 5008017.099921726621687 ], [ 530876.439887411426753, 5008017.108459552749991 ], [ 530876.448372488026507, 5008017.116980191320181 ], [ 530876.465437610400841, 5008017.125600000843406 ], [ 530876.4825029267231, 5008017.134202623739839 ] ], [ [ 530828.416573816211894, 5007999.710346682928503 ], [ 530828.425158420228399, 5007999.710428707301617 ], [ 530828.450994302518666, 5007999.70223599858582 ], [ 530828.468345302273519, 5007999.685505464673042 ], [ 530828.477020899066702, 5007999.677131604403257 ], [ 530828.485791658982635, 5007999.660319087095559 ], [ 530828.485982179176062, 5007999.643424586392939 ], [ 530828.486077342298813, 5007999.634985929355025 ], [ 530828.463289782870561, 5007999.372866635210812 ], [ 530828.463281054282561, 5007999.37286655139178 ], [ 530828.386054532369599, 5007999.37212866358459 ], [ 530828.366036250139587, 5007999.625382201746106 ], [ 530828.36594089306891, 5007999.633838044479489 ], [ 530828.365559852682054, 5007999.667627044953406 ], [ 530828.365464689559303, 5007999.67606570199132 ], [ 530828.373949572211131, 5007999.684603528119624 ], [ 530828.382434648810886, 5007999.693124166689813 ], [ 530828.399499771185219, 5007999.701743976213038 ], [ 530828.416565087507479, 5007999.710346599109471 ], [ 530828.416573816211894, 5007999.710346682928503 ] ], [ [ 530829.471965125529096, 5007999.720430782996118 ], [ 530829.471973854233511, 5007999.72043086681515 ], [ 530829.480558458250016, 5007999.720512891188264 ], [ 530829.506394340540282, 5007999.712320182472467 ], [ 530829.523745340295136, 5007999.69558964855969 ], [ 530829.532420937088318, 5007999.687215788289905 ], [ 530829.541191697004251, 5007999.670403270982206 ], [ 530829.541382217197679, 5007999.653508770279586 ], [ 530829.54147738032043, 5007999.645070113241673 ], [ 530829.518689820892178, 5007999.382950819097459 ], [ 530829.518681092304178, 5007999.382950735278428 ], [ 530829.441454570391215, 5007999.382212847471237 ], [ 530829.421436288161203, 5007999.635466385632753 ], [ 530829.421340931090526, 5007999.643922228366137 ], [ 530829.420959890703671, 5007999.677711228840053 ], [ 530829.42086472758092, 5007999.686149885877967 ], [ 530829.429349610232748, 5007999.694687712006271 ], [ 530829.437834686832502, 5007999.70320835057646 ], [ 530829.454899809206836, 5007999.711828160099685 ], [ 530829.471965125529096, 5007999.720430782996118 ] ], [ [ 530832.518089890596457, 5007999.749536035582423 ], [ 530832.526674494612962, 5007999.749618059955537 ], [ 530832.552510376903228, 5007999.741425351239741 ], [ 530832.569861376658082, 5007999.724694817326963 ], [ 530832.578536973451264, 5007999.716320957057178 ], [ 530832.587307733367197, 5007999.699508439749479 ], [ 530832.587498253560625, 5007999.68261393904686 ], [ 530832.587593416683376, 5007999.674175282008946 ], [ 530832.564805857255124, 5007999.412055987864733 ], [ 530832.564797128667124, 5007999.412055904045701 ], [ 530832.487570606754161, 5007999.411318016238511 ], [ 530832.467552324524149, 5007999.664571554400027 ], [ 530832.467456967453472, 5007999.67302739713341 ], [ 530832.467075927066617, 5007999.706816397607327 ], [ 530832.466980763943866, 5007999.71525505464524 ], [ 530832.475465646595694, 5007999.723792880773544 ], [ 530832.483950723195449, 5007999.732313519343734 ], [ 530832.501015845569782, 5007999.740933328866959 ], [ 530832.518081161892042, 5007999.749535951763391 ], [ 530832.518089890596457, 5007999.749536035582423 ] ], [ [ 530835.564184105256572, 5007999.77864099573344 ], [ 530835.564192833960988, 5007999.778641079552472 ], [ 530835.572777437977493, 5007999.778723103925586 ], [ 530835.598613320267759, 5007999.770530395209789 ], [ 530835.615964320022613, 5007999.753799861297011 ], [ 530835.624639916815795, 5007999.745426001027226 ], [ 530835.633410676731728, 5007999.728613483719528 ], [ 530835.633601196925156, 5007999.711718983016908 ], [ 530835.633696360047907, 5007999.703280325978994 ], [ 530835.610908800619654, 5007999.441161031834781 ], [ 530835.610900072031654, 5007999.441160948015749 ], [ 530835.533673550118692, 5007999.440423060208559 ], [ 530835.51365526788868, 5007999.693676598370075 ], [ 530835.513559910818003, 5007999.702132441103458 ], [ 530835.513178870431148, 5007999.735921441577375 ], [ 530835.513083707308397, 5007999.744360098615289 ], [ 530835.521568589960225, 5007999.752897924743593 ], [ 530835.530053666559979, 5007999.761418563313782 ], [ 530835.547118788934313, 5007999.770038372837007 ], [ 530835.564184105256572, 5007999.77864099573344 ] ], [ [ 530838.610308870323934, 5007999.807746248319745 ], [ 530838.618893474340439, 5007999.807828272692859 ], [ 530838.644729356630705, 5007999.799635563977063 ], [ 530838.662080356385559, 5007999.782905030064285 ], [ 530838.670755953178741, 5007999.7745311697945 ], [ 530838.679526713094674, 5007999.757718652486801 ], [ 530838.679717233288102, 5007999.740824151784182 ], [ 530838.679812396410853, 5007999.732385494746268 ], [ 530838.6570248369826, 5007999.470266200602055 ], [ 530838.6570161083946, 5007999.470266116783023 ], [ 530838.579789586481638, 5007999.469528228975832 ], [ 530838.559771304251626, 5007999.722781767137349 ], [ 530838.559675947180949, 5007999.731237609870732 ], [ 530838.559294906794094, 5007999.765026610344648 ], [ 530838.559199743671343, 5007999.773465267382562 ], [ 530838.567684626323171, 5007999.782003093510866 ], [ 530838.576169702922925, 5007999.790523732081056 ], [ 530838.593234825297259, 5007999.79914354160428 ], [ 530838.610300141619518, 5007999.807746164500713 ], [ 530838.610308870323934, 5007999.807746248319745 ] ], [ [ 530839.665708714514039, 5007999.817847617901862 ], [ 530839.665717443218455, 5007999.817847701720893 ], [ 530839.67430204723496, 5007999.817929726094007 ], [ 530839.700137929525226, 5007999.809737017378211 ], [ 530839.71748892928008, 5007999.793006483465433 ], [ 530839.726164526073262, 5007999.784632623195648 ], [ 530839.734935285989195, 5007999.767820105887949 ], [ 530839.735125806182623, 5007999.75092560518533 ], [ 530839.735220969305374, 5007999.742486948147416 ], [ 530839.712433409877121, 5007999.480367654003203 ], [ 530839.712424681289122, 5007999.480367570184171 ], [ 530839.635198159376159, 5007999.479629682376981 ], [ 530839.615179877146147, 5007999.732883220538497 ], [ 530839.61508452007547, 5007999.74133906327188 ], [ 530839.614703479688615, 5007999.775128063745797 ], [ 530839.614608316565864, 5007999.78356672078371 ], [ 530839.623093199217692, 5007999.792104546912014 ], [ 530839.631578275817446, 5007999.800625185482204 ], [ 530839.64864339819178, 5007999.809244995005429 ], [ 530839.665708714514039, 5007999.817847617901862 ] ], [ [ 530842.711824750876985, 5007999.846952786669135 ], [ 530842.711833479581401, 5007999.846952870488167 ], [ 530842.720418083597906, 5007999.847034894861281 ], [ 530842.746253965888172, 5007999.838842186145484 ], [ 530842.763604965643026, 5007999.822111652232707 ], [ 530842.772280562436208, 5007999.813737791962922 ], [ 530842.781051322352141, 5007999.796925274655223 ], [ 530842.781241842545569, 5007999.780030773952603 ], [ 530842.78133700566832, 5007999.77159211691469 ], [ 530842.758549446240067, 5007999.509472822770476 ], [ 530842.758540717652068, 5007999.509472738951445 ], [ 530842.681314195739105, 5007999.508734851144254 ], [ 530842.661295913509093, 5007999.76198838930577 ], [ 530842.661200556438416, 5007999.770444232039154 ], [ 530842.660819516051561, 5007999.80423323251307 ], [ 530842.66072435292881, 5007999.812671889550984 ], [ 530842.669209235580638, 5007999.821209715679288 ], [ 530842.677694312180392, 5007999.829730354249477 ], [ 530842.694759434554726, 5007999.838350163772702 ], [ 530842.711824750876985, 5007999.846952786669135 ] ], [ [ 530845.757936422945932, 5007999.876057914458215 ], [ 530845.766521026962437, 5007999.876139938831329 ], [ 530845.792356909252703, 5007999.867947230115533 ], [ 530845.809707909007557, 5007999.851216696202755 ], [ 530845.818383505800739, 5007999.84284283593297 ], [ 530845.827154265716672, 5007999.826030318625271 ], [ 530845.8273447859101, 5007999.809135817922652 ], [ 530845.827439949032851, 5007999.800697160884738 ], [ 530845.804652389604598, 5007999.538577866740525 ], [ 530845.804643661016598, 5007999.538577782921493 ], [ 530845.727417139103636, 5007999.537839895114303 ], [ 530845.707398856873624, 5007999.791093433275819 ], [ 530845.707303499802947, 5007999.799549276009202 ], [ 530845.706922459416091, 5007999.833338276483119 ], [ 530845.706827296293341, 5007999.841776933521032 ], [ 530845.715312178945169, 5007999.850314759649336 ], [ 530845.723797255544923, 5007999.858835398219526 ], [ 530845.740862377919257, 5007999.867455207742751 ], [ 530845.757927694241516, 5007999.876057830639184 ], [ 530845.757936422945932, 5007999.876057914458215 ] ], [ [ 530848.804043730604462, 5007999.905162999406457 ], [ 530848.804052459308878, 5007999.905163083225489 ], [ 530848.812637063325383, 5007999.905245107598603 ], [ 530848.838472945615649, 5007999.897052398882806 ], [ 530848.855823945370503, 5007999.880321864970028 ], [ 530848.864499542163685, 5007999.871948004700243 ], [ 530848.873270302079618, 5007999.855135487392545 ], [ 530848.873460822273046, 5007999.838240986689925 ], [ 530848.873555985395797, 5007999.829802329652011 ], [ 530848.850768425967544, 5007999.567683035507798 ], [ 530848.850759697379544, 5007999.567682951688766 ], [ 530848.773533175466582, 5007999.566945063881576 ], [ 530848.75351489323657, 5007999.820198602043092 ], [ 530848.753419536165893, 5007999.828654444776475 ], [ 530848.753038495779037, 5007999.862443445250392 ], [ 530848.752943332656287, 5007999.870882102288306 ], [ 530848.761428215308115, 5007999.87941992841661 ], [ 530848.769913291907869, 5007999.887940566986799 ], [ 530848.786978414282203, 5007999.896560376510024 ], [ 530848.804043730604462, 5007999.905162999406457 ] ], [ [ 530829.719555889256299, 5008008.205093178898096 ], [ 530829.728140493272804, 5008008.20517520327121 ], [ 530829.75397637556307, 5008008.196982494555414 ], [ 530829.771327375317924, 5008008.180251960642636 ], [ 530829.780002972111106, 5008008.171878100372851 ], [ 530829.788773732027039, 5008008.155065583065152 ], [ 530829.788964252220467, 5008008.138171082362533 ], [ 530829.789059415343218, 5008008.129732425324619 ], [ 530829.766271855914965, 5008007.867613131180406 ], [ 530829.766263127326965, 5008007.867613047361374 ], [ 530829.689036605414003, 5008007.866875159554183 ], [ 530829.669018323183991, 5008008.1201286977157 ], [ 530829.668922966113314, 5008008.128584540449083 ], [ 530829.668541925726458, 5008008.162373540922999 ], [ 530829.668446762603708, 5008008.170812197960913 ], [ 530829.676931645255536, 5008008.179350024089217 ], [ 530829.68541672185529, 5008008.187870662659407 ], [ 530829.702481844229624, 5008008.196490472182631 ], [ 530829.719547160551883, 5008008.205093095079064 ], [ 530829.719555889256299, 5008008.205093178898096 ] ], [ [ 530832.765663196914829, 5008008.234198263846338 ], [ 530832.765671925619245, 5008008.23419834766537 ], [ 530832.77425652963575, 5008008.234280372038484 ], [ 530832.800092411926016, 5008008.226087663322687 ], [ 530832.81744341168087, 5008008.209357129409909 ], [ 530832.826119008474052, 5008008.200983269140124 ], [ 530832.834889768389985, 5008008.184170751832426 ], [ 530832.835080288583413, 5008008.167276251129806 ], [ 530832.835175451706164, 5008008.158837594091892 ], [ 530832.812387892277911, 5008007.896718299947679 ], [ 530832.812379163689911, 5008007.896718216128647 ], [ 530832.735152641776949, 5008007.895980328321457 ], [ 530832.715134359546937, 5008008.149233866482973 ], [ 530832.71503900247626, 5008008.157689709216356 ], [ 530832.714657962089404, 5008008.191478709690273 ], [ 530832.714562798966654, 5008008.199917366728187 ], [ 530832.723047681618482, 5008008.208455192856491 ], [ 530832.731532758218236, 5008008.21697583142668 ], [ 530832.74859788059257, 5008008.225595640949905 ], [ 530832.765663196914829, 5008008.234198263846338 ] ], [ [ 530833.821080498513766, 5008008.244299801066518 ], [ 530833.829665102530271, 5008008.244381825439632 ], [ 530833.855500984820537, 5008008.236189116723835 ], [ 530833.872851984575391, 5008008.219458582811058 ], [ 530833.881527581368573, 5008008.211084722541273 ], [ 530833.890298341284506, 5008008.194272205233574 ], [ 530833.890488861477934, 5008008.177377704530954 ], [ 530833.890584024600685, 5008008.168939047493041 ], [ 530833.867796465172432, 5008007.906819753348827 ], [ 530833.867787736584432, 5008007.906819669529796 ], [ 530833.79056121467147, 5008007.906081781722605 ], [ 530833.770542932441458, 5008008.159335319884121 ], [ 530833.770447575370781, 5008008.167791162617505 ], [ 530833.770066534983926, 5008008.201580163091421 ], [ 530833.769971371861175, 5008008.210018820129335 ], [ 530833.778456254513003, 5008008.218556646257639 ], [ 530833.786941331112757, 5008008.227077284827828 ], [ 530833.804006453487091, 5008008.235697094351053 ], [ 530833.82107176980935, 5008008.244299717247486 ], [ 530833.821080498513766, 5008008.244299801066518 ] ], [ [ 530836.867196534876712, 5008008.273404969833791 ], [ 530836.875781138893217, 5008008.273486994206905 ], [ 530836.901617021183483, 5008008.265294285491109 ], [ 530836.918968020938337, 5008008.248563751578331 ], [ 530836.927643617731519, 5008008.240189891308546 ], [ 530836.936414377647452, 5008008.223377374000847 ], [ 530836.93660489784088, 5008008.206482873298228 ], [ 530836.936700060963631, 5008008.198044216260314 ], [ 530836.913912501535378, 5008007.935924922116101 ], [ 530836.913903772947378, 5008007.935924838297069 ], [ 530836.836677251034416, 5008007.935186950489879 ], [ 530836.816658968804404, 5008008.188440488651395 ], [ 530836.816563611733727, 5008008.196896331384778 ], [ 530836.816182571346872, 5008008.230685331858695 ], [ 530836.816087408224121, 5008008.239123988896608 ], [ 530836.824572290875949, 5008008.247661815024912 ], [ 530836.833057367475703, 5008008.256182453595102 ], [ 530836.850122489850037, 5008008.264802263118327 ], [ 530836.867187806172296, 5008008.27340488601476 ], [ 530836.867196534876712, 5008008.273404969833791 ] ], [ [ 530839.913290749536827, 5008008.302509929984808 ], [ 530839.913299478241242, 5008008.30251001380384 ], [ 530839.921884082257748, 5008008.302592038176954 ], [ 530839.947719964548014, 5008008.294399329461157 ], [ 530839.965070964302868, 5008008.277668795548379 ], [ 530839.97374656109605, 5008008.269294935278594 ], [ 530839.982517321011983, 5008008.252482417970896 ], [ 530839.982707841205411, 5008008.235587917268276 ], [ 530839.982803004328161, 5008008.227149260230362 ], [ 530839.960015444899909, 5008007.965029966086149 ], [ 530839.960006716311909, 5008007.965029882267118 ], [ 530839.882780194398947, 5008007.964291994459927 ], [ 530839.862761912168935, 5008008.217545532621443 ], [ 530839.862666555098258, 5008008.226001375354826 ], [ 530839.862285514711402, 5008008.259790375828743 ], [ 530839.862190351588652, 5008008.268229032866657 ], [ 530839.87067523424048, 5008008.276766858994961 ], [ 530839.879160310840234, 5008008.28528749756515 ], [ 530839.896225433214568, 5008008.293907307088375 ], [ 530839.913290749536827, 5008008.302509929984808 ] ], [ [ 530842.959406785899773, 5008008.331615098752081 ], [ 530842.959415514604189, 5008008.331615182571113 ], [ 530842.968000118620694, 5008008.331697206944227 ], [ 530842.99383600091096, 5008008.323504498228431 ], [ 530843.011187000665814, 5008008.306773964315653 ], [ 530843.019862597458996, 5008008.298400104045868 ], [ 530843.028633357374929, 5008008.281587586738169 ], [ 530843.028823877568357, 5008008.26469308603555 ], [ 530843.028919040691108, 5008008.256254428997636 ], [ 530843.006131481262855, 5008007.994135134853423 ], [ 530843.006122752674855, 5008007.994135051034391 ], [ 530842.928896230761893, 5008007.993397163227201 ], [ 530842.908877948531881, 5008008.246650701388717 ], [ 530842.908782591461204, 5008008.2551065441221 ], [ 530842.908401551074348, 5008008.288895544596016 ], [ 530842.908306387951598, 5008008.29733420163393 ], [ 530842.916791270603426, 5008008.305872027762234 ], [ 530842.92527634720318, 5008008.314392666332424 ], [ 530842.942341469577514, 5008008.323012475855649 ], [ 530842.959406785899773, 5008008.331615098752081 ] ], [ [ 530829.62392377667129, 5008016.68649331945926 ], [ 530829.632508380687796, 5008016.686575343832374 ], [ 530829.658344262978062, 5008016.678382635116577 ], [ 530829.675695262732916, 5008016.661652101203799 ], [ 530829.684370859526098, 5008016.653278240934014 ], [ 530829.693141619442031, 5008016.636465723626316 ], [ 530829.693332139635459, 5008016.619571222923696 ], [ 530829.693427302758209, 5008016.611132565885782 ], [ 530829.670639743329957, 5008016.349013271741569 ], [ 530829.670631014741957, 5008016.349013187922537 ], [ 530829.593404492828995, 5008016.348275300115347 ], [ 530829.573386210598983, 5008016.601528838276863 ], [ 530829.573290853528306, 5008016.609984681010246 ], [ 530829.57290981314145, 5008016.643773681484163 ], [ 530829.572814650018699, 5008016.652212338522077 ], [ 530829.581299532670528, 5008016.660750164650381 ], [ 530829.589784609270282, 5008016.66927080322057 ], [ 530829.606849731644616, 5008016.677890612743795 ], [ 530829.623915047966875, 5008016.686493235640228 ], [ 530829.62392377667129, 5008016.68649331945926 ] ], [ [ 530832.670017991331406, 5008016.715598279610276 ], [ 530832.670026720035821, 5008016.715598363429308 ], [ 530832.678611324052326, 5008016.715680387802422 ], [ 530832.704447206342593, 5008016.707487679086626 ], [ 530832.721798206097446, 5008016.690757145173848 ], [ 530832.730473802890629, 5008016.682383284904063 ], [ 530832.739244562806562, 5008016.665570767596364 ], [ 530832.739435082999989, 5008016.648676266893744 ], [ 530832.73953024612274, 5008016.640237609855831 ], [ 530832.716742686694488, 5008016.378118315711617 ], [ 530832.716733958106488, 5008016.378118231892586 ], [ 530832.639507436193526, 5008016.377380344085395 ], [ 530832.619489153963514, 5008016.630633882246912 ], [ 530832.619393796892837, 5008016.639089724980295 ], [ 530832.619012756505981, 5008016.672878725454211 ], [ 530832.61891759338323, 5008016.681317382492125 ], [ 530832.627402476035058, 5008016.689855208620429 ], [ 530832.635887552634813, 5008016.698375847190619 ], [ 530832.652952675009146, 5008016.706995656713843 ], [ 530832.670017991331406, 5008016.715598279610276 ] ], [ [ 530835.716142756398767, 5008016.744703532196581 ], [ 530835.724727360415272, 5008016.744785556569695 ], [ 530835.750563242705539, 5008016.736592847853899 ], [ 530835.767914242460392, 5008016.719862313941121 ], [ 530835.776589839253575, 5008016.711488453671336 ], [ 530835.785360599169508, 5008016.694675936363637 ], [ 530835.785551119362935, 5008016.677781435661018 ], [ 530835.785646282485686, 5008016.669342778623104 ], [ 530835.762858723057434, 5008016.407223484478891 ], [ 530835.762849994469434, 5008016.407223400659859 ], [ 530835.685623472556472, 5008016.406485512852669 ], [ 530835.66560519032646, 5008016.659739051014185 ], [ 530835.665509833255783, 5008016.668194893747568 ], [ 530835.665128792868927, 5008016.701983894221485 ], [ 530835.665033629746176, 5008016.710422551259398 ], [ 530835.673518512398005, 5008016.718960377387702 ], [ 530835.682003588997759, 5008016.727481015957892 ], [ 530835.699068711372092, 5008016.736100825481117 ], [ 530835.716134027694352, 5008016.74470344837755 ], [ 530835.716142756398767, 5008016.744703532196581 ] ], [ [ 530829.334649654803798, 5008025.166026054881513 ], [ 530829.334658383508213, 5008025.166026138700545 ], [ 530829.343242987524718, 5008025.166108163073659 ], [ 530829.369078869814985, 5008025.157915454357862 ], [ 530829.386429869569838, 5008025.141184920445085 ], [ 530829.39510546636302, 5008025.1328110601753 ], [ 530829.403876226278953, 5008025.115998542867601 ], [ 530829.404066746472381, 5008025.099104042164981 ], [ 530829.404161909595132, 5008025.090665385127068 ], [ 530829.38137435016688, 5008024.828546090982854 ], [ 530829.38136562157888, 5008024.828546007163823 ], [ 530829.304139099665917, 5008024.827808119356632 ], [ 530829.284120817435905, 5008025.081061657518148 ], [ 530829.284025460365228, 5008025.089517500251532 ], [ 530829.283644419978373, 5008025.123306500725448 ], [ 530829.283549256855622, 5008025.131745157763362 ], [ 530829.29203413950745, 5008025.140282983891666 ], [ 530829.300519216107205, 5008025.148803622461855 ], [ 530829.317584338481538, 5008025.15742343198508 ], [ 530829.334649654803798, 5008025.166026054881513 ] ], [ [ 530830.119057296426035, 5008033.655817651189864 ], [ 530830.119066025130451, 5008033.655817735008895 ], [ 530830.127650629146956, 5008033.65589975938201 ], [ 530830.153486511437222, 5008033.647707050666213 ], [ 530830.170837511192076, 5008033.630976516753435 ], [ 530830.179513107985258, 5008033.62260265648365 ], [ 530830.188283867901191, 5008033.605790139175951 ], [ 530830.188474388094619, 5008033.588895638473332 ], [ 530830.18856955121737, 5008033.580456981435418 ], [ 530830.165781991789117, 5008033.318337687291205 ], [ 530830.165773263201118, 5008033.318337603472173 ], [ 530830.088546741288155, 5008033.317599715664983 ], [ 530830.068528459058143, 5008033.570853253826499 ], [ 530830.068433101987466, 5008033.579309096559882 ], [ 530830.068052061600611, 5008033.613098097033799 ], [ 530830.06795689847786, 5008033.621536754071712 ], [ 530830.076441781129688, 5008033.630074580200016 ], [ 530830.084926857729442, 5008033.638595218770206 ], [ 530830.101991980103776, 5008033.647215028293431 ], [ 530830.119057296426035, 5008033.655817651189864 ] ], [ [ 530833.165182061493397, 5008033.684922903776169 ], [ 530833.173766665509902, 5008033.685004928149283 ], [ 530833.199602547800168, 5008033.676812219433486 ], [ 530833.216953547555022, 5008033.660081685520709 ], [ 530833.225629144348204, 5008033.651707825250924 ], [ 530833.234399904264137, 5008033.634895307943225 ], [ 530833.234590424457565, 5008033.618000807240605 ], [ 530833.234685587580316, 5008033.609562150202692 ], [ 530833.211898028152063, 5008033.347442856058478 ], [ 530833.211889299564064, 5008033.347442772239447 ], [ 530833.134662777651101, 5008033.346704884432256 ], [ 530833.114644495421089, 5008033.599958422593772 ], [ 530833.114549138350412, 5008033.608414265327156 ], [ 530833.114168097963557, 5008033.642203265801072 ], [ 530833.114072934840806, 5008033.650641922838986 ], [ 530833.122557817492634, 5008033.65917974896729 ], [ 530833.131042894092388, 5008033.667700387537479 ], [ 530833.148108016466722, 5008033.676320197060704 ], [ 530833.165173332788981, 5008033.684922819957137 ], [ 530833.165182061493397, 5008033.684922903776169 ] ], [ [ 530828.662663086084649, 5008076.053385549224913 ], [ 530828.671247690101154, 5008076.053467573598027 ], [ 530828.697083572391421, 5008076.045274864882231 ], [ 530828.714434572146274, 5008076.028544330969453 ], [ 530828.723110168939456, 5008076.020170470699668 ], [ 530828.731880928855389, 5008076.003357953391969 ], [ 530828.732071449048817, 5008075.98646345268935 ], [ 530828.732166612171568, 5008075.978024795651436 ], [ 530828.709379052743316, 5008075.715905501507223 ], [ 530828.709370324155316, 5008075.715905417688191 ], [ 530828.632143802242354, 5008075.715167529881001 ], [ 530828.612125520012341, 5008075.968421068042517 ], [ 530828.612030162941664, 5008075.9768769107759 ], [ 530828.611649122554809, 5008076.010665911249816 ], [ 530828.611553959432058, 5008076.01910456828773 ], [ 530828.620038842083886, 5008076.027642394416034 ], [ 530828.628523918683641, 5008076.036163032986224 ], [ 530828.645589041057974, 5008076.044782842509449 ], [ 530828.662654357380234, 5008076.053385465405881 ], [ 530828.662663086084649, 5008076.053385549224913 ] ], [ [ 530831.708779122447595, 5008076.082490717992187 ], [ 530831.7173637264641, 5008076.082572742365301 ], [ 530831.743199608754367, 5008076.074380033649504 ], [ 530831.76055060850922, 5008076.057649499736726 ], [ 530831.769226205302402, 5008076.049275639466941 ], [ 530831.777996965218335, 5008076.032463122159243 ], [ 530831.778187485411763, 5008076.015568621456623 ], [ 530831.778282648534514, 5008076.007129964418709 ], [ 530831.755495089106262, 5008075.745010670274496 ], [ 530831.755486360518262, 5008075.745010586455464 ], [ 530831.6782598386053, 5008075.744272698648274 ], [ 530831.658241556375287, 5008075.99752623680979 ], [ 530831.65814619930461, 5008076.005982079543173 ], [ 530831.657765158917755, 5008076.03977108001709 ], [ 530831.657669995795004, 5008076.048209737055004 ], [ 530831.666154878446832, 5008076.056747563183308 ], [ 530831.674639955046587, 5008076.065268201753497 ], [ 530831.69170507742092, 5008076.073888011276722 ], [ 530831.70877039374318, 5008076.082490634173155 ], [ 530831.708779122447595, 5008076.082490717992187 ] ] ] } }
]
}
